order_id,order_date,customer,category,amount_original,currency_original,amount_brl
2,2023-10-12,Ana Ferreira,Casa,481.69,BRL,481.69
3,2024-07-19,Vitória Martins,Eletrônicos,4278.61,BRL,4278.61
4,2024-11-30,Vitória Ferreira,Moda,3446.33,BRL,3446.33
5,2024-08-03,Karina Gomes,Livros,715.13,USD,3968.11
6,2024-05-20,Bruno Duarte,Moda,1920.02,USD,9893.10
7,2023-12-15,Nuno Ferreira,Casa,549.73,BRL,549.73
8,2023-01-01,Paulo Almeida,Casa,308.32,BRL,308.32
9,2024-07-16,Rafael Vasconcelos,Moda,3569.74,BRL,3569.74
10,2024-07-21,Henrique Almeida,Eletrônicos,1204.95,USD,6664.82
11,2023-07-14,Nuno Martins,Livros,3237.29,BRL,3237.29
12,2023-09-13,Carla Pereira,Esporte,4844.63,BRL,4844.63
13,2024-02-04,Olívia Klein,Esporte,1103.85,BRL,1103.85
14,2024-06-04,Felipe Carvalho,Moda,2902.40,BRL,2902.40
15,2024-02-10,João Pereira,Eletrônicos,1340.36,BRL,1340.36
16,2024-10-31,Sofia Klein,Eletrônicos,552.84,USD,3096.73
18,2024-01-14,Eduarda Oliveira,Casa,218.54,BRL,218.54
19,2023-08-31,Felipe Oliveira,Não informado,4654.53,BRL,4654.53
20,2024-04-26,Olívia Martins,Moda,365.55,BRL,365.55
21,2023-09-25,Isabela Barbosa,Livros,4920.51,BRL,4920.51
22,2023-07-21,Carla Lopes,Eletrônicos,2053.33,BRL,2053.33
23,2023-11-05,Ana Klein,Livros,2219.60,BRL,2219.60
24,2024-09-26,Henrique Klein,Moda,4250.83,BRL,4250.83
25,2023-01-06,Diego Oliveira,Esporte,624.16,BRL,624.16
26,2024-05-31,Sofia Pereira,Livros,1400.66,BRL,1400.66
27,2023-03-24,Henrique Nogueira,Moda,329.93,BRL,329.93
30,2023-03-25,Sofia Barbosa,Casa,3775.30,BRL,3775.30
31,2024-01-13,Vitória Duarte,Moda,1573.17,USD,7737.95
32,2023-11-05,Vitória Duarte,Esporte,1865.01,BRL,1865.01
33,2024-03-21,Rafael Jesus,Esporte,2969.89,BRL,2969.89
34,2023-12-11,Karina Ferreira,Casa,3511.16,BRL,3511.16
35,2024-04-03,Carla Klein,Moda,2663.41,BRL,2663.41
36,2023-05-03,Felipe Gomes,Livros,1428.98,BRL,1428.98
37,2023-10-27,Eduarda Queiroz,Eletrônicos,937.87,BRL,937.87
38,2024-07-30,Carla Henriques,Livros,2621.84,BRL,2621.84
39,2023-08-01,Isabela Carvalho,Moda,3452.35,BRL,3452.35
40,2024-10-02,Gabriela Oliveira,Moda,375.46,BRL,375.46
41,2023-10-06,Paulo Pereira,Eletrônicos,148.68,BRL,148.68
42,2023-06-29,Olívia Jesus,Esporte,2360.13,BRL,2360.13
43,2024-07-17,Carla Lopes,Eletrônicos,4939.84,BRL,4939.84
44,2023-07-28,Eduarda Klein,Livros,808.48,BRL,808.48
45,2023-10-07,Paulo Queiroz,Esporte,4398.15,BRL,4398.15
46,2023-11-02,Tiago Queiroz,Livros,2725.69,BRL,2725.69
48,2024-11-01,Carla Queiroz,Casa,4260.92,BRL,4260.92
49,2023-03-12,João Henriques,Livros,520.34,BRL,520.34
50,2024-08-02,Felipe Ferreira,Esporte,4564.97,BRL,4564.97
51,2024-03-28,Tiago Klein,Livros,4995.88,BRL,4995.88
53,2024-11-06,Eduarda Duarte,Eletrônicos,3666.39,BRL,3666.39
54,2023-10-07,Isabela Queiroz,Casa,4814.24,USD,24473.67
56,2024-09-16,Carla Pereira,Casa,205.18,USD,1124.06
57,2024-03-05,Eduarda Oliveira,Livros,3456.88,BRL,3456.88
58,2023-03-04,Gabriela Duarte,Livros,126.24,BRL,126.24
59,2023-12-03,Vitória Almeida,Moda,567.23,BRL,567.23
60,2024-06-22,Carla Queiroz,Casa,4727.22,BRL,4727.22
61,2024-02-16,Diego Queiroz,Livros,648.22,USD,3216.73
62,2024-12-19,Sofia Gomes,Moda,3652.71,BRL,3652.71
63,2024-03-18,Lucas Esteves,Esporte,2065.36,BRL,2065.36
64,2023-08-06,Paulo Henriques,Casa,2878.40,BRL,2878.40
65,2024-12-11,Felipe Jesus,Casa,733.16,BRL,733.16
66,2023-11-16,Tiago Vasconcelos,Eletrônicos,3315.76,BRL,3315.76
67,2024-11-14,Henrique Nogueira,Eletrônicos,3824.73,BRL,3824.73
68,2023-12-29,Bruno Oliveira,Não informado,2886.66,BRL,2886.66
69,2024-04-16,Lucas Carvalho,Eletrônicos,1564.79,BRL,1564.79
70,2024-10-22,Henrique Duarte,Moda,901.93,BRL,901.93
71,2024-10-01,Karina Esteves,Livros,299.59,BRL,299.59
72,2024-07-21,Bruno Pereira,Esporte,771.05,BRL,771.05
73,2024-06-19,Lucas Martins,Livros,3949.54,BRL,3949.54
74,2023-06-03,Tiago Esteves,Casa,2982.67,BRL,2982.67
75,2024-12-02,Carla Oliveira,Eletrônicos,4738.44,BRL,4738.44
76,2024-11-08,Vitória Esteves,Moda,1833.78,USD,10621.80
77,2024-04-25,Gabriela Martins,Esporte,1921.28,BRL,1921.28
78,2024-07-21,Rafael Duarte,Moda,4553.40,USD,25185.77
79,2023-08-18,Diego Lopes,Moda,3532.84,USD,17324.34
80,2023-10-23,Diego Barbosa,Esporte,2991.12,BRL,2991.12
81,2024-11-11,Rafael Martins,Esporte,121.15,BRL,121.15
83,2023-07-26,Gabriela Barbosa,Casa,1281.17,BRL,1281.17
84,2024-02-14,Mariana Lopes,Livros,1347.93,BRL,1347.93
86,2024-11-26,Ana Esteves,Livros,1823.08,BRL,1823.08
87,2024-02-12,Isabela Henriques,Eletrônicos,2816.52,BRL,2816.52
88,2023-03-17,Olívia Carvalho,Casa,1465.64,BRL,1465.64
90,2023-11-21,Olívia Pereira,Casa,4831.03,BRL,4831.03
91,2024-06-15,Carla Jesus,Esporte,2522.26,BRL,2522.26
92,2023-01-30,Tiago Jesus,Esporte,3142.61,BRL,3142.61
93,2024-03-26,Olívia Gomes,Moda,4305.80,BRL,4305.80
94,2023-04-10,Mariana Vasconcelos,Moda,965.10,BRL,965.10
95,2023-08-09,Bruno Barbosa,Esporte,2692.14,BRL,2692.14
96,2023-07-19,João Carvalho,Livros,3407.67,BRL,3407.67
98,2023-12-11,Rafael Santos,Esporte,4898.91,BRL,4898.91
99,2024-08-15,Bruno Teixeira,Esporte,755.69,BRL,755.69
100,2024-09-18,Bruno Esteves,Esporte,1582.11,BRL,1582.11
101,2024-09-16,Henrique Jesus,Moda,3529.67,BRL,3529.67
102,2024-07-10,Mariana Martins,Moda,4620.64,USD,25557.68
103,2024-08-23,Bruno Ribeiro,Moda,3411.62,BRL,3411.62
104,2023-10-22,Bruno Carvalho,Moda,4566.96,BRL,4566.96
105,2023-10-24,Ana Klein,Eletrônicos,3213.06,BRL,3213.06
106,2024-10-25,Felipe Almeida,Casa,4282.74,USD,23989.77
108,2023-10-30,Henrique Henriques,Livros,3514.93,BRL,3514.93
109,2024-06-22,Lucas Carvalho,Eletrônicos,1653.63,USD,8871.23
110,2024-03-01,Bruno Santos,Casa,3733.34,BRL,3733.34
111,2023-07-04,Nuno Martins,Livros,419.47,BRL,419.47
112,2023-01-04,João Pereira,Esporte,2313.40,BRL,2313.40
113,2023-01-17,Carla Duarte,Livros,3707.13,USD,19282.27
114,2024-08-12,Vitória Lopes,Moda,1389.92,BRL,1389.92
115,2024-10-20,Rafael Lopes,Livros,1219.70,BRL,1219.70
116,2023-09-06,Karina Carvalho,Casa,1897.86,USD,9389.09
117,2023-12-07,Ana Gomes,Eletrônicos,3483.49,BRL,3483.49
118,2024-01-04,Paulo Pereira,Livros,1577.97,BRL,1577.97
119,2023-12-04,Tiago Henriques,Casa,2462.62,BRL,2462.62
120,2023-03-02,Carla Barbosa,Livros,65.42,BRL,65.42
122,2023-06-02,Vitória Ribeiro,Casa,2305.30,BRL,2305.30
123,2024-07-19,Ana Ferreira,Livros,4868.75,BRL,4868.75
124,2024-12-01,Sofia Teixeira,Moda,2942.81,BRL,2942.81
125,2024-07-07,Eduarda Carvalho,Casa,3033.10,USD,16776.68
126,2024-07-20,Nuno Ferreira,Livros,385.90,BRL,385.90
127,2024-03-31,Isabela Duarte,Moda,534.21,BRL,534.21
128,2024-07-26,Henrique Teixeira,Livros,334.91,BRL,334.91
129,2024-04-13,João Almeida,Casa,2211.81,BRL,2211.81
130,2023-07-01,Karina Klein,Livros,1415.54,BRL,1415.54
131,2024-04-17,Gabriela Pereira,Eletrônicos,2505.98,BRL,2505.98
133,2023-12-06,Nuno Duarte,Não informado,2603.05,BRL,2603.05
134,2023-12-20,Paulo Duarte,Eletrônicos,3924.86,BRL,3924.86
135,2023-12-18,Felipe Henriques,Esporte,3992.01,BRL,3992.01
136,2023-01-05,Gabriela Jesus,Eletrônicos,1841.22,BRL,1841.22
137,2023-12-23,Olívia Vasconcelos,Casa,1579.28,BRL,1579.28
138,2024-10-12,Felipe Santos,Casa,4329.42,BRL,4329.42
139,2024-12-28,Paulo Ferreira,Eletrônicos,1139.42,USD,6892.24
140,2024-07-10,Lucas Santos,Eletrônicos,2136.79,BRL,2136.79
141,2023-05-01,Henrique Gomes,Esporte,2151.79,BRL,2151.79
142,2024-12-21,Tiago Jesus,Esporte,4813.64,USD,29117.23
143,2023-09-11,Mariana Queiroz,Casa,3976.29,USD,19671.50
144,2023-04-06,Olívia Martins,Esporte,2483.14,BRL,2483.14
146,2023-10-08,Lucas Jesus,Moda,2157.08,BRL,2157.08
148,2023-01-09,Felipe Pereira,Moda,3438.38,BRL,3438.38
149,2023-09-11,Carla Henriques,Esporte,153.46,BRL,153.46
150,2023-09-03,Diego Henriques,Esporte,677.06,BRL,677.06
152,2023-03-22,Gabriela Esteves,Livros,3222.23,BRL,3222.23
153,2023-02-26,Felipe Duarte,Não informado,2491.59,USD,12913.91
154,2023-05-01,Ana Lopes,Casa,3144.45,BRL,3144.45
156,2024-03-02,Karina Jesus,Esporte,912.87,BRL,912.87
159,2023-03-03,Eduarda Jesus,Moda,1874.57,BRL,1874.57
160,2023-05-14,Isabela Lopes,Livros,1374.00,BRL,1374.00
161,2024-07-02,Gabriela Pereira,Casa,1534.62,BRL,1534.62
163,2024-10-22,Tiago Jesus,Eletrônicos,4049.48,BRL,4049.48
164,2024-05-23,Nuno Ferreira,Moda,3102.84,USD,15987.69
165,2024-06-22,Sofia Almeida,Casa,2836.33,BRL,2836.33
167,2023-06-30,Karina Martins,Eletrônicos,727.44,BRL,727.44
168,2024-09-08,Rafael Queiroz,Não informado,669.62,BRL,669.62
169,2023-04-24,Lucas Carvalho,Livros,4878.81,BRL,4878.81
170,2024-09-20,Henrique Teixeira,Livros,3648.82,USD,19989.70
171,2024-09-18,Tiago Duarte,Moda,1610.82,BRL,1610.82
172,2024-12-10,Isabela Duarte,Eletrônicos,4424.17,BRL,4424.17
173,2024-04-07,Bruno Klein,Não informado,1721.80,USD,8848.16
174,2024-03-17,Felipe Vasconcelos,Moda,3491.31,BRL,3491.31
175,2023-02-25,Nuno Carvalho,Esporte,3197.52,BRL,3197.52
176,2024-01-15,Lucas Ferreira,Casa,2829.34,BRL,2829.34
177,2024-02-01,Nuno Santos,Livros,1985.67,BRL,1985.67
178,2023-06-27,Felipe Gomes,Moda,4985.40,BRL,4985.40
179,2023-10-10,Ana Vasconcelos,Livros,3795.94,BRL,3795.94
181,2023-11-07,Paulo Duarte,Moda,3648.67,BRL,3648.67
182,2024-06-11,Carla Klein,Livros,979.69,USD,5255.74
183,2024-06-01,Diego Almeida,Livros,2942.04,BRL,2942.04
184,2024-08-08,Gabriela Henriques,Moda,4835.38,BRL,4835.38
185,2024-12-30,Isabela Oliveira,Casa,2612.21,BRL,2612.21
186,2024-12-01,Carla Lopes,Casa,4463.12,BRL,4463.12
187,2024-11-28,Ana Queiroz,Casa,2922.83,BRL,2922.83
188,2024-01-03,Felipe Santos,Eletrônicos,2803.37,BRL,2803.37
189,2023-12-06,Tiago Klein,Eletrônicos,4721.67,BRL,4721.67
190,2023-05-21,Karina Oliveira,Livros,1676.10,USD,8327.37
194,2023-02-19,Ana Barbosa,Livros,3514.57,BRL,3514.57
195,2023-04-18,Vitória Duarte,Eletrônicos,4160.02,BRL,4160.02
197,2023-02-21,Felipe Barbosa,Casa,492.91,BRL,492.91
198,2023-04-06,Karina Ferreira,Livros,4255.48,BRL,4255.48
199,2024-08-27,Tiago Pereira,Livros,4401.26,BRL,4401.26
200,2023-01-13,Rafael Teixeira,Moda,2624.48,BRL,2624.48
201,2024-09-19,Felipe Ribeiro,Livros,1219.32,BRL,1219.32
203,2024-04-12,Lucas Barbosa,Livros,3588.21,BRL,3588.21
204,2024-06-18,Diego Barbosa,Livros,1286.03,BRL,1286.03
205,2023-02-17,Tiago Duarte,Livros,4819.03,BRL,4819.03
206,2024-12-09,Eduarda Duarte,Esporte,2104.47,BRL,2104.47
207,2024-09-08,Rafael Klein,Esporte,3169.60,BRL,3169.60
208,2024-05-30,Karina Duarte,Esporte,2098.56,BRL,2098.56
209,2024-11-17,Isabela Ferreira,Casa,3772.12,BRL,3772.12
210,2024-12-13,Bruno Nogueira,Casa,1031.09,BRL,1031.09
211,2024-09-09,Gabriela Klein,Eletrônicos,222.22,USD,1217.41
212,2023-11-27,Vitória Klein,Esporte,2635.89,BRL,2635.89
213,2024-11-10,Lucas Klein,Esporte,4905.06,BRL,4905.06
214,2023-11-25,Diego Nogueira,Casa,4017.20,BRL,4017.20
215,2023-01-08,Gabriela Gomes,Livros,4394.72,BRL,4394.72
216,2023-02-25,Isabela Santos,Moda,2033.69,BRL,2033.69
217,2023-03-16,Rafael Duarte,Casa,1919.00,BRL,1919.00
219,2023-12-19,Rafael Esteves,Moda,3360.77,USD,16471.47
220,2023-12-05,Henrique Duarte,Eletrônicos,3088.73,BRL,3088.73
222,2024-07-05,Carla Carvalho,Esporte,3849.82,BRL,3849.82
223,2024-08-26,João Esteves,Esporte,4242.09,BRL,4242.09
225,2023-04-16,Rafael Jesus,Casa,1904.58,BRL,1904.58
226,2024-05-13,Vitória Almeida,Moda,1418.08,BRL,1418.08
227,2024-11-22,Gabriela Teixeira,Livros,690.70,BRL,690.70
229,2024-06-07,Karina Pereira,Eletrônicos,2622.53,USD,14069.09
230,2024-06-28,Diego Carvalho,Moda,4688.98,USD,25154.97
231,2024-01-26,Tiago Duarte,Casa,1430.31,BRL,1430.31
233,2024-07-26,Isabela Klein,Livros,3743.34,BRL,3743.34
234,2024-12-24,Mariana Almeida,Moda,1329.86,USD,8044.19
235,2023-02-28,Felipe Queiroz,Moda,989.56,BRL,989.56
236,2023-03-30,Mariana Martins,Livros,361.55,BRL,361.55
237,2023-07-19,Mariana Teixeira,Não informado,2801.38,BRL,2801.38
238,2024-12-11,Mariana Teixeira,Moda,2313.87,BRL,2313.87
239,2024-02-27,Rafael Santos,Não informado,483.00,BRL,483.00
240,2024-11-30,Gabriela Queiroz,Moda,1029.49,BRL,1029.49
241,2024-07-08,Paulo Martins,Livros,1387.82,BRL,1387.82
242,2024-07-07,Lucas Nogueira,Moda,1591.56,BRL,1591.56
243,2024-04-27,Karina Martins,Livros,2014.49,BRL,2014.49
244,2024-01-26,Eduarda Queiroz,Moda,3159.98,BRL,3159.98
245,2023-09-18,Diego Pereira,Casa,1303.09,BRL,1303.09
246,2023-10-19,Rafael Queiroz,Livros,3165.26,BRL,3165.26
247,2023-06-15,Karina Lopes,Casa,3908.45,BRL,3908.45
248,2023-09-15,Carla Gomes,Eletrônicos,1996.67,USD,9877.93
250,2024-10-08,Tiago Oliveira,Esporte,4026.62,BRL,4026.62
252,2024-02-04,Henrique Jesus,Moda,3475.02,BRL,3475.02
253,2024-09-24,Vitória Queiroz,Eletrônicos,1360.25,USD,7451.99
254,2024-01-16,Bruno Lopes,Moda,976.84,BRL,976.84
255,2023-02-04,Diego Ribeiro,Moda,1628.46,BRL,1628.46
256,2023-08-12,Henrique Oliveira,Moda,1230.27,BRL,1230.27
257,2024-12-03,Bruno Barbosa,Moda,1178.41,USD,7128.08
258,2023-05-18,Bruno Queiroz,Esporte,2726.64,BRL,2726.64
259,2023-09-27,Olívia Almeida,Esporte,4286.14,USD,21204.39
260,2024-07-18,João Lopes,Casa,4689.30,USD,25937.46
261,2024-08-27,Lucas Henriques,Eletrônicos,4162.90,BRL,4162.90
262,2024-09-23,Bruno Carvalho,Eletrônicos,3630.60,USD,19889.88
263,2023-04-19,Tiago Martins,Livros,2019.29,BRL,2019.29
264,2024-01-16,Nuno Lopes,Esporte,3727.23,BRL,3727.23
266,2023-06-09,Lucas Teixeira,Casa,4590.13,BRL,4590.13
267,2024-09-01,Bruno Teixeira,Eletrônicos,2182.35,BRL,2182.35
268,2023-02-25,Bruno Lopes,Moda,3374.00,USD,17487.44
269,2023-03-26,Bruno Santos,Eletrônicos,3814.14,BRL,3814.14
270,2023-09-30,Karina Teixeira,Livros,2976.87,BRL,2976.87
271,2023-08-28,Lucas Esteves,Eletrônicos,755.20,BRL,755.20
272,2023-08-05,Rafael Jesus,Esporte,111.46,BRL,111.46
273,2023-01-09,Isabela Martins,Eletrônicos,4882.55,BRL,4882.55
275,2023-03-05,Mariana Almeida,Casa,457.04,BRL,457.04
276,2024-09-11,Sofia Esteves,Moda,707.56,BRL,707.56
277,2023-06-11,Sofia Santos,Eletrônicos,4402.16,BRL,4402.16
278,2023-04-20,Ana Vasconcelos,Esporte,3442.42,BRL,3442.42
280,2024-03-25,Paulo Lopes,Moda,4124.31,BRL,4124.31
282,2023-06-20,Vitória Barbosa,Moda,2512.73,USD,12165.88
283,2024-12-30,Olívia Carvalho,Moda,2257.50,USD,13655.39
284,2023-06-24,Tiago Esteves,Moda,3846.99,BRL,3846.99
285,2023-01-06,Paulo Henriques,Livros,52.63,BRL,52.63
286,2023-05-29,Tiago Vasconcelos,Eletrônicos,1435.86,USD,7133.78
287,2023-11-03,Mariana Carvalho,Esporte,1386.26,BRL,1386.26
288,2024-12-06,João Oliveira,Casa,665.75,BRL,665.75
289,2023-01-02,Olívia Duarte,Moda,1681.89,BRL,1681.89
291,2023-06-09,Sofia Lopes,Livros,2832.81,BRL,2832.81
292,2023-10-15,Karina Nogueira,Moda,4324.80,BRL,4324.80
293,2024-06-21,Diego Martins,Moda,2423.13,USD,12999.37
294,2024-06-12,Eduarda Gomes,Livros,1568.31,USD,8413.51
295,2023-11-16,Gabriela Lopes,Casa,1377.47,BRL,1377.47
296,2023-10-18,Felipe Carvalho,Casa,4517.48,USD,22965.06
297,2024-09-23,Karina Gomes,Esporte,4014.88,USD,21995.12
298,2024-09-23,Lucas Nogueira,Casa,170.59,BRL,170.59
299,2023-04-20,Carla Klein,Livros,811.68,BRL,811.68
300,2023-08-30,Carla Teixeira,Eletrônicos,4112.83,BRL,4112.83
301,2023-03-04,Eduarda Teixeira,Eletrônicos,1471.32,BRL,1471.32
302,2024-03-21,Lucas Carvalho,Esporte,1484.67,USD,7410.43
303,2024-12-20,Karina Nogueira,Livros,957.10,BRL,957.10
304,2023-01-17,Paulo Oliveira,Moda,3482.32,BRL,3482.32
307,2023-10-29,Bruno Vasconcelos,Esporte,276.92,USD,1407.75
308,2023-10-09,Ana Duarte,Esporte,893.23,BRL,893.23
309,2024-05-22,Nuno Nogueira,Livros,4211.47,BRL,4211.47
311,2024-06-28,Nuno Vasconcelos,Casa,3277.94,USD,17585.16
312,2023-07-04,Ana Almeida,Eletrônicos,1770.14,BRL,1770.14
313,2024-12-26,Carla Vasconcelos,Esporte,937.36,USD,5670.00
314,2023-11-28,Carla Jesus,Livros,4066.92,BRL,4066.92
315,2024-10-20,Olívia Jesus,Eletrônicos,2498.00,USD,13992.55
316,2024-05-17,Mariana Carvalho,Eletrônicos,623.39,BRL,623.39
317,2024-04-15,João Gomes,Eletrônicos,1962.27,BRL,1962.27
318,2024-08-30,Mariana Carvalho,Casa,4832.57,BRL,4832.57
320,2023-04-10,Felipe Teixeira,Eletrônicos,1699.57,BRL,1699.57
321,2023-08-07,Tiago Ferreira,Eletrônicos,841.48,BRL,841.48
323,2023-06-28,Bruno Vasconcelos,Livros,1519.60,BRL,1519.60
325,2024-04-09,Bruno Santos,Eletrônicos,3611.84,BRL,3611.84
326,2024-02-27,Mariana Henriques,Esporte,4639.94,USD,23025.24
327,2024-12-09,Isabela Esteves,Livros,4433.42,BRL,4433.42
328,2024-06-18,Gabriela Teixeira,Livros,1253.88,BRL,1253.88
329,2024-04-26,Rafael Barbosa,Livros,2272.65,BRL,2272.65
331,2023-01-02,Carla Nogueira,Casa,3495.59,BRL,3495.59
332,2024-11-21,Bruno Duarte,Livros,2802.17,USD,16231.01
333,2024-12-20,Henrique Lopes,Casa,1876.18,USD,11348.83
334,2024-01-12,Carla Gomes,Livros,4783.04,BRL,4783.04
336,2024-05-12,Rafael Santos,Casa,3949.74,BRL,3949.74
338,2023-06-01,Sofia Ferreira,Eletrônicos,743.78,BRL,743.78
339,2024-08-10,Tiago Pereira,Eletrônicos,2763.18,USD,15332.33
340,2023-10-12,Carla Santos,Eletrônicos,3023.15,BRL,3023.15
341,2023-12-26,Olívia Santos,Livros,835.43,BRL,835.43
342,2024-06-21,Carla Teixeira,Eletrônicos,3556.29,BRL,3556.29
343,2024-07-26,Henrique Almeida,Moda,1452.33,BRL,1452.33
344,2024-05-07,Isabela Queiroz,Eletrônicos,1312.16,USD,6761.04
345,2023-12-31,João Ribeiro,Eletrônicos,490.47,BRL,490.47
346,2023-04-09,Lucas Esteves,Não informado,2434.26,BRL,2434.26
347,2024-12-07,Rafael Santos,Eletrônicos,673.32,USD,4072.85
348,2023-06-26,Ana Duarte,Moda,4904.94,BRL,4904.94
350,2023-12-23,Rafael Vasconcelos,Esporte,3584.00,BRL,3584.00
351,2024-12-15,Olívia Duarte,Casa,2049.27,BRL,2049.27
352,2023-03-26,Diego Nogueira,Esporte,1144.55,BRL,1144.55
353,2023-01-14,Paulo Duarte,Esporte,2014.65,USD,10479.00
354,2024-05-26,Tiago Teixeira,Livros,4936.88,BRL,4936.88
355,2023-02-24,Paulo Almeida,Livros,3123.04,BRL,3123.04
356,2024-07-09,Sofia Santos,Não informado,4402.13,BRL,4402.13
357,2023-11-07,Felipe Queiroz,Casa,3380.91,USD,16645.91
358,2024-01-22,Lucas Klein,Eletrônicos,4050.75,BRL,4050.75
359,2023-09-08,João Teixeira,Eletrônicos,2700.73,USD,13361.05
361,2024-07-02,Isabela Barbosa,Esporte,477.77,BRL,477.77
362,2023-11-06,João Oliveira,Casa,3363.67,BRL,3363.67
363,2024-04-23,Sofia Vasconcelos,Livros,1018.95,USD,5236.28
364,2024-10-11,Nuno Jesus,Moda,975.47,USD,5464.10
365,2023-05-20,Isabela Santos,Eletrônicos,4299.85,USD,21362.94
366,2023-05-24,Tiago Ribeiro,Esporte,2635.22,BRL,2635.22
367,2023-08-30,Gabriela Esteves,Moda,2954.98,BRL,2954.98
368,2023-05-29,Lucas Klein,Não informado,4209.68,BRL,4209.68
369,2024-12-18,Diego Santos,Livros,4889.42,BRL,4889.42
370,2024-10-21,Bruno Jesus,Livros,3591.84,BRL,3591.84
371,2023-12-01,Ana Barbosa,Moda,2014.84,USD,9874.93
372,2024-08-31,Karina Pereira,Moda,2083.72,BRL,2083.72
373,2024-10-03,Carla Pereira,Moda,4790.04,USD,26831.41
374,2024-12-31,Isabela Klein,Livros,1428.82,BRL,1428.82
375,2024-01-14,Olívia Carvalho,Não informado,3470.53,BRL,3470.53
376,2023-12-07,Paulo Martins,Esporte,2532.07,USD,12409.93
377,2023-12-14,Eduarda Carvalho,Esporte,4892.03,BRL,4892.03
378,2023-09-28,Nuno Ferreira,Livros,3293.26,BRL,3293.26
379,2024-05-21,Lucas Santos,Livros,485.83,USD,2503.29
380,2023-01-05,Tiago Ferreira,Eletrônicos,149.17,BRL,149.17
382,2024-10-21,Bruno Carvalho,Esporte,4824.98,USD,27027.13
383,2024-05-17,João Vasconcelos,Eletrônicos,4428.46,BRL,4428.46
384,2023-02-11,Olívia Henriques,Moda,438.00,BRL,438.00
385,2024-08-05,Carla Barbosa,Esporte,2850.41,BRL,2850.41
386,2023-03-27,João Lopes,Livros,1719.44,BRL,1719.44
387,2024-02-09,Felipe Queiroz,Livros,2443.34,BRL,2443.34
388,2023-01-15,Ana Gomes,Moda,4212.75,BRL,4212.75
389,2024-05-11,Olívia Teixeira,Casa,59.11,USD,304.57
390,2024-05-14,Rafael Teixeira,Livros,1592.55,BRL,1592.55
391,2023-01-22,Gabriela Queiroz,Moda,4609.31,BRL,4609.31
392,2024-10-30,Paulo Ferreira,Casa,882.73,BRL,882.73
394,2024-12-07,Vitória Duarte,Livros,4872.83,BRL,4872.83
395,2024-01-06,João Pereira,Livros,1685.94,BRL,1685.94
396,2024-06-01,Isabela Martins,Livros,3771.69,USD,20233.99
397,2024-01-06,Olívia Esteves,Esporte,4909.10,BRL,4909.10
398,2024-06-16,Nuno Nogueira,Esporte,1733.49,BRL,1733.49
399,2024-09-25,Lucas Nogueira,Casa,3704.69,BRL,3704.69
400,2024-07-06,Henrique Klein,Esporte,2546.79,BRL,2546.79
401,2024-08-18,Sofia Vasconcelos,Casa,1900.34,USD,10544.61
402,2023-04-05,Eduarda Queiroz,Eletrônicos,2603.78,BRL,2603.78
403,2023-06-16,Eduarda Queiroz,Moda,3477.74,BRL,3477.74
404,2024-08-08,Rafael Esteves,Casa,3959.38,BRL,3959.38
405,2023-12-24,Bruno Oliveira,Casa,2386.11,BRL,2386.11
406,2023-11-30,Vitória Vasconcelos,Moda,3358.11,USD,16533.65
407,2023-05-07,Carla Gomes,Esporte,962.92,BRL,962.92
408,2024-08-16,Sofia Vasconcelos,Esporte,139.68,BRL,139.68
409,2024-02-22,Bruno Vasconcelos,Moda,729.23,USD,3618.73
410,2024-05-31,Diego Jesus,Livros,3174.37,USD,16356.26
411,2024-02-21,Rafael Gomes,Moda,2696.34,BRL,2696.34
412,2023-03-03,Paulo Jesus,Livros,4205.75,BRL,4205.75
413,2023-10-14,Gabriela Vasconcelos,Casa,4897.63,BRL,4897.63
414,2023-05-17,Ana Vasconcelos,Eletrônicos,3521.70,BRL,3521.70
415,2023-05-07,Mariana Vasconcelos,Moda,641.11,BRL,641.11
416,2024-10-02,Henrique Henriques,Casa,1060.96,BRL,1060.96
417,2024-08-02,Vitória Teixeira,Esporte,4279.42,BRL,4279.42
419,2024-03-06,Karina Almeida,Casa,1143.32,BRL,1143.32
420,2023-01-25,Karina Jesus,Livros,2607.41,BRL,2607.41
421,2023-02-04,Carla Esteves,Livros,3393.56,USD,17588.82
422,2024-01-29,Nuno Vasconcelos,Casa,2595.15,USD,12764.76
423,2024-05-07,Olívia Ferreira,Eletrônicos,3264.80,BRL,3264.80
424,2024-06-14,Eduarda Barbosa,Esporte,1017.57,BRL,1017.57
425,2024-08-15,Karina Vasconcelos,Casa,2489.19,BRL,2489.19
426,2024-01-20,Felipe Almeida,Eletrônicos,2212.74,USD,10883.80
427,2023-06-28,Sofia Henriques,Eletrônicos,3393.00,USD,16427.89
428,2024-09-30,Carla Duarte,Moda,1883.35,BRL,1883.35
429,2023-09-11,Isabela Esteves,Esporte,2363.40,USD,11692.21
430,2024-12-30,Paulo Queiroz,Esporte,202.16,BRL,202.16
431,2024-01-19,Carla Esteves,Casa,2336.44,BRL,2336.44
432,2023-08-28,Carla Martins,Casa,3932.84,BRL,3932.84
435,2023-07-12,Nuno Gomes,Esporte,4716.95,USD,22700.32
436,2024-07-04,Tiago Almeida,Eletrônicos,1664.25,BRL,1664.25
437,2023-07-12,Karina Teixeira,Casa,4135.00,USD,19899.69
439,2024-11-11,Vitória Teixeira,Esporte,56.96,BRL,56.96
440,2023-02-10,João Pereira,Casa,2086.49,BRL,2086.49
441,2023-02-14,Felipe Jesus,Esporte,1101.63,BRL,1101.63
442,2023-06-18,Rafael Barbosa,Eletrônicos,1731.01,BRL,1731.01
443,2024-07-15,Olívia Esteves,Casa,520.37,USD,2878.27
444,2023-02-05,Sofia Gomes,Eletrônicos,3586.98,BRL,3586.98
446,2023-06-21,Bruno Oliveira,Casa,4672.01,BRL,4672.01
447,2024-04-14,Isabela Vasconcelos,Eletrônicos,2507.34,BRL,2507.34
448,2024-10-08,Eduarda Lopes,Casa,107.78,USD,603.73
449,2023-05-08,Nuno Henriques,Eletrônicos,1037.55,USD,5154.86
450,2023-02-10,Nuno Klein,Moda,2705.19,BRL,2705.19
451,2024-03-28,Carla Queiroz,Moda,884.65,USD,4415.55
452,2024-03-10,Henrique Klein,Livros,2415.70,BRL,2415.70
454,2023-05-20,Gabriela Esteves,Eletrônicos,4701.67,BRL,4701.67
455,2024-01-30,Felipe Gomes,Casa,3550.72,BRL,3550.72
456,2024-10-08,Ana Esteves,Livros,2899.52,BRL,2899.52
457,2024-06-14,Nuno Ferreira,Casa,4434.62,BRL,4434.62
458,2023-05-27,Gabriela Nogueira,Eletrônicos,367.65,USD,1826.60
459,2023-07-06,Diego Pereira,Moda,975.31,BRL,975.31
460,2023-10-11,Ana Teixeira,Livros,3763.18,USD,19130.50
461,2023-09-30,Paulo Lopes,Casa,4087.06,BRL,4087.06
463,2023-11-30,Henrique Vasconcelos,Esporte,4707.61,BRL,4707.61
464,2024-08-08,Rafael Barbosa,Eletrônicos,4375.55,BRL,4375.55
465,2023-04-19,Ana Ferreira,Casa,1302.66,BRL,1302.66
466,2023-08-18,Vitória Carvalho,Livros,3275.83,BRL,3275.83
467,2024-08-29,Diego Teixeira,Casa,328.03,USD,1820.17
468,2024-09-08,Diego Nogueira,Não informado,4083.58,BRL,4083.58
469,2024-12-20,Karina Klein,Eletrônicos,1471.28,BRL,1471.28
470,2023-07-03,Mariana Klein,Moda,3395.23,BRL,3395.23
471,2024-02-08,Karina Teixeira,Eletrônicos,834.95,BRL,834.95
473,2023-02-04,Mariana Queiroz,Esporte,3464.42,BRL,3464.42
474,2023-05-03,Diego Queiroz,Esporte,1382.80,BRL,1382.80
475,2023-03-07,Sofia Ferreira,Eletrônicos,2659.26,BRL,2659.26
476,2023-05-01,Vitória Ferreira,Não informado,214.80,BRL,214.80
477,2024-07-11,Ana Henriques,Esporte,716.25,BRL,716.25
478,2023-02-15,Gabriela Esteves,Moda,1807.72,BRL,1807.72
479,2024-11-23,Eduarda Santos,Casa,1872.83,BRL,1872.83
480,2024-09-10,Isabela Duarte,Esporte,4547.12,USD,24910.94
481,2023-06-29,João Teixeira,Livros,2766.08,BRL,2766.08
482,2024-06-28,Mariana Queiroz,Casa,730.27,BRL,730.27
483,2024-04-13,Lucas Pereira,Casa,4619.65,BRL,4619.65
484,2023-04-06,Bruno Carvalho,Esporte,4742.06,USD,23795.18
485,2023-01-15,Ana Oliveira,Casa,4994.86,BRL,4994.86
486,2023-03-18,Eduarda Ribeiro,Eletrônicos,583.70,BRL,583.70
489,2024-03-25,Olívia Ferreira,Livros,220.34,BRL,220.34
490,2024-03-07,Paulo Esteves,Livros,1956.02,BRL,1956.02
491,2024-09-03,Nuno Queiroz,Livros,2565.41,USD,14054.34
492,2023-04-16,Rafael Vasconcelos,Esporte,2017.93,USD,10125.77
493,2023-08-25,Nuno Queiroz,Livros,1416.82,BRL,1416.82
494,2024-09-13,Felipe Jesus,Casa,3420.43,BRL,3420.43
495,2023-10-10,Mariana Carvalho,Moda,4841.31,USD,24611.28
496,2023-07-26,Eduarda Barbosa,Livros,4269.25,BRL,4269.25
497,2024-05-30,Felipe Vasconcelos,Moda,3708.00,BRL,3708.00
498,2024-02-15,Gabriela Ferreira,Não informado,64.02,BRL,64.02
500,2024-10-09,Lucas Lopes,Esporte,1636.29,BRL,1636.29
501,2024-08-20,Mariana Jesus,Esporte,1358.25,BRL,1358.25
502,2023-04-06,Olívia Ferreira,Moda,1424.23,BRL,1424.23
503,2024-10-22,Diego Ribeiro,Eletrônicos,4135.44,USD,23164.67
504,2023-01-10,Diego Santos,Casa,3802.38,USD,19777.70
505,2023-01-22,Diego Santos,Esporte,1136.78,USD,5912.85
506,2023-04-26,Diego Henriques,Casa,4617.20,USD,23168.65
507,2024-11-14,Vitória Klein,Eletrônicos,4056.55,BRL,4056.55
508,2024-05-04,Diego Teixeira,Casa,1936.94,BRL,1936.94
509,2023-09-09,Sofia Queiroz,Livros,2912.58,BRL,2912.58
511,2023-05-22,Eduarda Nogueira,Livros,387.21,BRL,387.21
512,2023-05-24,João Queiroz,Casa,573.91,USD,2851.36
513,2024-04-10,Isabela Teixeira,Moda,2616.51,BRL,2616.51
514,2023-03-21,Olívia Queiroz,Livros,3239.62,BRL,3239.62
515,2023-08-05,João Gomes,Eletrônicos,2826.81,BRL,2826.81
517,2023-08-26,Eduarda Ferreira,Esporte,4651.59,BRL,4651.59
518,2024-02-01,Vitória Vasconcelos,Moda,94.30,USD,467.95
519,2023-10-30,Isabela Teixeira,Eletrônicos,1294.68,BRL,1294.68
520,2024-11-27,Lucas Ribeiro,Casa,1328.54,BRL,1328.54
524,2023-07-08,Carla Oliveira,Casa,2686.24,BRL,2686.24
525,2023-07-23,Tiago Vasconcelos,Casa,1595.33,BRL,1595.33
526,2024-10-16,Diego Barbosa,Moda,1899.79,USD,10641.67
527,2024-12-17,Olívia Oliveira,Casa,1692.01,BRL,1692.01
528,2024-11-27,João Vasconcelos,Eletrônicos,3254.45,USD,18850.75
529,2024-11-14,Nuno Gomes,Livros,4752.79,BRL,4752.79
531,2024-09-06,Felipe Teixeira,Moda,1978.27,BRL,1978.27
532,2023-06-12,Diego Esteves,Esporte,1315.61,BRL,1315.61
533,2023-03-22,Ana Esteves,Casa,2685.80,BRL,2685.80
534,2024-10-15,Diego Duarte,Esporte,481.85,BRL,481.85
535,2023-08-04,Mariana Lopes,Livros,909.55,USD,4460.25
537,2023-05-10,Paulo Gomes,Casa,4048.05,BRL,4048.05
538,2023-04-16,Tiago Klein,Moda,2129.73,BRL,2129.73
539,2023-03-07,Bruno Ribeiro,Livros,2003.11,BRL,2003.11
540,2023-11-18,Karina Almeida,Moda,2816.36,BRL,2816.36
541,2024-08-10,Nuno Oliveira,Casa,4950.50,BRL,4950.50
542,2024-08-12,Olívia Klein,Livros,3230.30,USD,17924.29
543,2024-09-19,João Pereira,Eletrônicos,1135.29,USD,6219.57
544,2024-01-13,Sofia Almeida,Eletrônicos,393.54,BRL,393.54
545,2023-06-01,Nuno Pereira,Esporte,4881.24,BRL,4881.24
546,2024-10-24,Gabriela Carvalho,Livros,1937.15,BRL,1937.15
547,2024-11-02,Rafael Duarte,Moda,3109.32,BRL,3109.32
548,2023-04-20,Henrique Almeida,Moda,1342.24,BRL,1342.24
549,2023-02-20,Nuno Gomes,Livros,2178.67,BRL,2178.67
550,2023-10-10,Vitória Nogueira,Eletrônicos,1033.52,USD,5254.00
551,2024-12-05,Karina Carvalho,Casa,2382.98,USD,14414.41
553,2024-07-12,Paulo Jesus,Eletrônicos,2598.23,BRL,2598.23
554,2024-02-25,Eduarda Martins,Moda,1047.13,BRL,1047.13
555,2024-06-23,Lucas Lopes,Livros,2905.37,BRL,2905.37
556,2023-01-09,Eduarda Pereira,Esporte,1531.78,BRL,1531.78
558,2023-02-02,Lucas Henriques,Livros,1320.74,USD,6845.40
559,2023-05-19,Gabriela Klein,Casa,1891.87,BRL,1891.87
560,2024-03-13,Nuno Pereira,Não informado,2115.70,BRL,2115.70
561,2024-08-02,Bruno Nogueira,Eletrônicos,4198.35,BRL,4198.35
562,2023-05-05,Rafael Barbosa,Esporte,4476.46,USD,22240.40
564,2024-07-13,Vitória Pereira,Esporte,4095.54,BRL,4095.54
565,2024-05-19,Isabela Nogueira,Eletrônicos,1431.09,USD,7373.83
566,2023-05-23,Olívia Jesus,Não informado,4307.02,BRL,4307.02
567,2024-07-30,Eduarda Jesus,Casa,2428.51,BRL,2428.51
568,2024-08-25,Lucas Teixeira,Livros,500.58,USD,2777.62
569,2023-06-28,Mariana Oliveira,Eletrônicos,382.79,BRL,382.79
571,2024-02-22,Carla Lopes,Esporte,2378.66,BRL,2378.66
573,2024-06-14,Rafael Klein,Eletrônicos,4684.95,BRL,4684.95
574,2023-12-04,Bruno Henriques,Esporte,195.97,BRL,195.97
575,2023-04-17,Rafael Henriques,Livros,1153.92,BRL,1153.92
576,2024-01-22,Nuno Oliveira,Eletrônicos,1850.76,BRL,1850.76
577,2024-08-04,Ana Henriques,Eletrônicos,1760.93,USD,9771.05
578,2024-07-10,Lucas Henriques,Casa,3274.46,BRL,3274.46
579,2023-07-28,Rafael Henriques,Esporte,198.49,BRL,198.49
581,2023-12-11,Isabela Teixeira,Eletrônicos,2148.71,BRL,2148.71
583,2023-02-09,Lucas Jesus,Esporte,1336.96,BRL,1336.96
584,2023-03-01,Carla Jesus,Esporte,3833.78,USD,20029.97
585,2023-02-09,Rafael Pereira,Eletrônicos,4959.02,BRL,4959.02
586,2023-07-28,Lucas Oliveira,Livros,3944.25,BRL,3944.25
587,2023-06-03,Ana Duarte,Casa,2915.18,BRL,2915.18
588,2023-08-18,Tiago Santos,Esporte,275.98,BRL,275.98
589,2024-01-06,Karina Duarte,Livros,1772.47,BRL,1772.47
590,2023-05-09,Henrique Oliveira,Moda,607.25,BRL,607.25
591,2023-06-20,Isabela Santos,Livros,2167.98,USD,10496.71
592,2024-07-24,João Duarte,Casa,245.14,BRL,245.14
593,2023-05-18,Tiago Ribeiro,Eletrônicos,1908.84,BRL,1908.84
594,2024-06-21,Nuno Klein,Casa,4725.41,USD,25350.41
595,2023-10-22,Olívia Henriques,Casa,548.28,BRL,548.28
597,2024-03-18,Carla Esteves,Eletrônicos,1127.46,BRL,1127.46
598,2023-02-09,Rafael Lopes,Esporte,3179.12,USD,16477.38
599,2024-05-23,Gabriela Carvalho,Moda,3555.01,BRL,3555.01
600,2023-11-04,João Queiroz,Livros,1109.98,BRL,1109.98
601,2023-11-23,Lucas Nogueira,Livros,3441.65,BRL,3441.65
602,2024-02-26,Olívia Oliveira,Eletrônicos,1556.01,BRL,1556.01
603,2024-09-11,Ana Nogueira,Casa,3280.87,BRL,3280.87
604,2024-01-18,Gabriela Santos,Eletrônicos,2516.92,BRL,2516.92
606,2023-01-24,Olívia Gomes,Esporte,4834.12,USD,25144.19
607,2024-07-13,Olívia Henriques,Eletrônicos,2823.90,BRL,2823.90
608,2023-03-27,Vitória Queiroz,Esporte,2070.59,BRL,2070.59
609,2024-05-15,Karina Henriques,Livros,425.37,BRL,425.37
610,2023-04-27,Nuno Queiroz,Esporte,2008.58,BRL,2008.58
611,2024-10-27,João Ribeiro,Esporte,2370.58,BRL,2370.58
612,2023-11-22,Eduarda Queiroz,Eletrônicos,2697.32,BRL,2697.32
613,2023-10-09,Nuno Teixeira,Casa,2713.68,BRL,2713.68
614,2023-12-05,Tiago Vasconcelos,Esporte,3920.35,USD,19214.03
615,2024-06-07,Nuno Queiroz,Esporte,3873.32,BRL,3873.32
616,2023-10-12,Nuno Santos,Casa,1753.53,BRL,1753.53
619,2024-07-12,Bruno Martins,Não informado,3685.49,USD,20385.18
620,2024-07-11,Gabriela Vasconcelos,Casa,3551.62,BRL,3551.62
621,2023-03-08,Rafael Esteves,Eletrônicos,2536.66,BRL,2536.66
622,2024-08-02,Carla Duarte,Moda,4828.54,BRL,4828.54
624,2023-12-30,Lucas Ribeiro,Moda,4967.91,BRL,4967.91
625,2023-10-03,Gabriela Jesus,Casa,2386.02,BRL,2386.02
626,2023-01-09,Paulo Lopes,Eletrônicos,946.81,BRL,946.81
627,2024-01-18,Paulo Nogueira,Moda,2116.03,BRL,2116.03
628,2024-06-20,Tiago Esteves,Casa,3967.65,USD,21285.25
630,2024-04-19,Diego Nogueira,Moda,3379.55,BRL,3379.55
631,2023-07-02,Lucas Martins,Eletrônicos,3234.29,BRL,3234.29
632,2024-02-01,Paulo Barbosa,Livros,2334.80,BRL,2334.80
633,2023-01-12,Mariana Oliveira,Casa,4038.66,USD,21006.69
634,2024-03-10,Mariana Carvalho,Casa,2583.62,BRL,2583.62
635,2024-01-14,Karina Klein,Eletrônicos,107.13,BRL,107.13
636,2023-05-10,Paulo Oliveira,Casa,4130.50,BRL,4130.50
640,2024-09-01,Mariana Queiroz,Eletrônicos,775.62,BRL,775.62
641,2023-03-22,Sofia Martins,Esporte,3378.31,BRL,3378.31
642,2024-07-23,Henrique Nogueira,Moda,1990.38,USD,11009.19
643,2023-08-11,Vitória Jesus,Casa,3172.28,BRL,3172.28
644,2023-06-10,Felipe Nogueira,Esporte,3422.38,BRL,3422.38
645,2023-03-24,Nuno Almeida,Moda,133.02,BRL,133.02
646,2023-09-03,Gabriela Lopes,Eletrônicos,1240.01,BRL,1240.01
647,2023-06-13,Carla Almeida,Livros,370.26,BRL,370.26
648,2024-05-07,Bruno Klein,Eletrônicos,3254.47,BRL,3254.47
649,2024-02-27,Eduarda Henriques,Moda,4497.08,USD,22316.31
650,2024-08-31,Eduarda Esteves,Eletrônicos,1546.80,BRL,1546.80
651,2024-09-14,Mariana Jesus,Eletrônicos,79.98,USD,438.16
652,2024-08-24,Karina Ribeiro,Livros,2429.78,BRL,2429.78
653,2024-10-27,Paulo Pereira,Eletrônicos,2629.54,BRL,2629.54
654,2024-07-04,Bruno Pereira,Moda,1240.21,BRL,1240.21
655,2023-05-16,Bruno Gomes,Esporte,4409.68,USD,21908.61
657,2023-12-03,Rafael Klein,Casa,2814.49,BRL,2814.49
658,2023-06-17,Nuno Klein,Livros,983.83,BRL,983.83
659,2023-08-04,Eduarda Lopes,Livros,802.28,BRL,802.28
660,2023-11-07,João Lopes,Casa,2096.80,BRL,2096.80
661,2024-12-22,Isabela Klein,Eletrônicos,2808.06,BRL,2808.06
662,2024-08-30,Bruno Nogueira,Livros,299.30,USD,1660.76
663,2024-02-28,Eduarda Teixeira,Moda,2741.40,BRL,2741.40
664,2023-11-18,Lucas Pereira,Moda,1010.67,BRL,1010.67
666,2023-04-26,Rafael Carvalho,Livros,3839.44,BRL,3839.44
668,2024-04-13,Gabriela Teixeira,Esporte,150.47,BRL,150.47
669,2023-08-02,Felipe Oliveira,Moda,703.59,BRL,703.59
670,2024-04-02,Gabriela Gomes,Esporte,4567.23,USD,23470.54
671,2023-07-15,Carla Ribeiro,Casa,1912.10,USD,9201.98
672,2024-12-19,Mariana Queiroz,Não informado,4487.80,BRL,4487.80
673,2023-03-04,Gabriela Klein,Livros,2602.06,USD,13594.72
674,2024-02-18,Isabela Vasconcelos,Eletrônicos,4361.82,USD,21645.10
675,2023-03-09,Paulo Pereira,Esporte,23.49,BRL,23.49
676,2024-05-19,Tiago Gomes,Esporte,491.86,USD,2534.36
677,2024-08-27,Tiago Jesus,Moda,3686.56,USD,20455.98
678,2023-09-01,Karina Almeida,Livros,4853.51,BRL,4853.51
679,2023-12-12,Felipe Jesus,Livros,4283.08,USD,20991.80
680,2023-04-24,João Esteves,Casa,4831.17,BRL,4831.17
681,2023-07-23,Lucas Ribeiro,Moda,2674.54,USD,12871.22
682,2023-08-20,Eduarda Santos,Esporte,4845.38,USD,23760.77
683,2023-03-18,Sofia Klein,Esporte,718.48,BRL,718.48
684,2024-08-28,Lucas Carvalho,Casa,4721.87,BRL,4721.87
685,2024-09-04,Olívia Klein,Esporte,4894.40,USD,26813.48
686,2024-08-22,Paulo Klein,Eletrônicos,2482.22,BRL,2482.22
687,2024-06-04,Isabela Martins,Eletrônicos,1122.21,BRL,1122.21
688,2024-11-14,Vitória Duarte,Eletrônicos,1815.87,BRL,1815.87
690,2023-12-19,Henrique Jesus,Eletrônicos,3846.89,BRL,3846.89
691,2024-05-26,Karina Martins,Moda,470.17,BRL,470.17
692,2024-03-24,Felipe Ferreira,Eletrônicos,2810.61,BRL,2810.61
693,2023-09-27,Karina Santos,Moda,4075.74,BRL,4075.74
695,2024-08-17,Tiago Nogueira,Casa,4501.35,BRL,4501.35
696,2024-07-05,Diego Ribeiro,Esporte,3605.38,BRL,3605.38
697,2024-05-24,Carla Ferreira,Não informado,4480.39,BRL,4480.39
698,2023-01-29,Paulo Oliveira,Moda,2700.63,BRL,2700.63
699,2023-11-19,Vitória Barbosa,Casa,336.71,USD,1657.79
700,2024-05-21,Karina Carvalho,Livros,2049.25,BRL,2049.25
701,2023-09-24,Henrique Martins,Eletrônicos,121.48,BRL,121.48
703,2024-03-31,Bruno Santos,Eletrônicos,1757.87,BRL,1757.87
704,2024-11-05,Mariana Pereira,Esporte,4090.74,BRL,4090.74
705,2024-08-28,Rafael Carvalho,Casa,2617.36,BRL,2617.36
706,2024-01-22,Ana Queiroz,Esporte,3935.26,BRL,3935.26
708,2023-08-08,Felipe Henriques,Eletrônicos,3072.17,BRL,3072.17
709,2023-07-01,Henrique Martins,Livros,1305.43,BRL,1305.43
710,2024-02-24,Nuno Oliveira,Moda,3139.49,BRL,3139.49
711,2024-05-15,Sofia Lopes,Casa,1437.98,BRL,1437.98
712,2024-05-24,Rafael Barbosa,Eletrônicos,3816.67,BRL,3816.67
713,2023-07-13,Karina Barbosa,Moda,1763.17,BRL,1763.17
714,2024-03-25,Olívia Carvalho,Esporte,4820.63,USD,24061.21
715,2023-05-27,Henrique Almeida,Esporte,1137.80,USD,5652.93
716,2024-02-01,Henrique Queiroz,Casa,4494.00,BRL,4494.00
717,2023-06-14,Ana Oliveira,Moda,1150.08,BRL,1150.08
718,2024-02-02,Karina Lopes,Moda,970.73,BRL,970.73
719,2024-10-21,Mariana Esteves,Esporte,3876.60,BRL,3876.60
720,2023-01-25,Mariana Teixeira,Casa,3212.69,BRL,3212.69
721,2024-09-17,Vitória Ribeiro,Eletrônicos,63.06,USD,345.47
722,2024-01-07,Karina Teixeira,Livros,525.28,BRL,525.28
723,2024-04-25,Isabela Henriques,Moda,4402.66,USD,22624.83
724,2024-04-03,Paulo Teixeira,Casa,691.80,USD,3555.09
725,2024-12-29,Carla Martins,Livros,4258.37,USD,25758.45
727,2023-10-04,Karina Martins,Livros,3600.46,BRL,3600.46
728,2023-04-27,Eduarda Duarte,Moda,3898.00,BRL,3898.00
729,2024-04-16,Karina Duarte,Eletrônicos,423.98,BRL,423.98
730,2023-07-22,Paulo Vasconcelos,Livros,2223.23,BRL,2223.23
731,2023-07-12,Karina Henriques,Esporte,2143.60,BRL,2143.60
732,2023-03-06,Bruno Vasconcelos,Livros,3378.31,BRL,3378.31
733,2023-11-23,Paulo Martins,Livros,2943.77,BRL,2943.77
734,2024-04-20,Eduarda Nogueira,Eletrônicos,4352.96,BRL,4352.96
735,2023-01-17,Eduarda Jesus,Eletrônicos,4271.13,BRL,4271.13
736,2023-12-28,Carla Lopes,Esporte,1097.40,BRL,1097.40
737,2024-06-26,Lucas Esteves,Livros,4723.04,BRL,4723.04
738,2023-12-06,Eduarda Lopes,Esporte,1200.04,BRL,1200.04
739,2024-06-25,Vitória Jesus,Livros,732.33,BRL,732.33
740,2023-11-24,Karina Vasconcelos,Moda,2995.35,BRL,2995.35
741,2023-01-12,Gabriela Esteves,Eletrônicos,2334.88,USD,12144.64
742,2023-10-10,Vitória Pereira,Esporte,2771.23,BRL,2771.23
743,2023-02-05,Karina Teixeira,Eletrônicos,676.48,BRL,676.48
744,2024-02-27,Carla Queiroz,Eletrônicos,791.58,BRL,791.58
745,2024-12-15,Bruno Barbosa,Moda,1610.52,USD,9741.87
746,2023-02-11,Bruno Gomes,Livros,2555.00,BRL,2555.00
747,2023-06-13,Vitória Jesus,Casa,2268.71,BRL,2268.71
748,2023-07-30,Tiago Klein,Moda,290.60,BRL,290.60
749,2023-12-08,Mariana Lopes,Livros,2812.33,BRL,2812.33
750,2023-01-12,Ana Klein,Esporte,3235.26,BRL,3235.26
751,2023-05-26,Gabriela Duarte,Eletrônicos,580.48,USD,2884.00
752,2023-06-06,Mariana Nogueira,Não informado,2073.40,BRL,2073.40
753,2023-07-27,Ana Jesus,Moda,239.59,BRL,239.59
754,2023-04-01,Olívia Queiroz,Casa,745.33,BRL,745.33
755,2024-05-21,Nuno Martins,Eletrônicos,1805.75,BRL,1805.75
756,2023-12-16,Felipe Teixeira,Moda,4405.11,BRL,4405.11
757,2024-12-01,Karina Queiroz,Casa,1975.69,BRL,1975.69
758,2023-07-12,Rafael Duarte,Eletrônicos,1527.86,BRL,1527.86
765,2024-01-11,Nuno Almeida,Casa,1408.58,BRL,1408.58
766,2023-05-21,Felipe Carvalho,Moda,1329.44,BRL,1329.44
767,2024-12-19,Lucas Barbosa,Eletrônicos,4403.42,USD,26635.85
768,2024-02-02,Sofia Carvalho,Moda,2398.36,BRL,2398.36
769,2023-03-03,Bruno Lopes,Eletrônicos,4336.46,BRL,4336.46
770,2024-09-05,Paulo Carvalho,Eletrônicos,3888.90,BRL,3888.90
771,2023-12-01,Paulo Ribeiro,Esporte,3311.13,BRL,3311.13
772,2023-10-05,Vitória Ribeiro,Casa,1545.24,BRL,1545.24
773,2023-05-23,João Gomes,Casa,2323.68,BRL,2323.68
774,2024-10-25,Lucas Henriques,Casa,1288.20,BRL,1288.20
775,2024-07-17,Isabela Ribeiro,Moda,558.04,BRL,558.04
776,2023-04-21,Isabela Esteves,Livros,1700.87,USD,8534.80
777,2023-08-31,Sofia Teixeira,Moda,4772.32,BRL,4772.32
778,2023-06-19,Henrique Jesus,Moda,4250.09,BRL,4250.09
779,2024-01-25,Isabela Gomes,Livros,123.05,BRL,123.05
780,2024-02-18,Karina Martins,Moda,4390.21,BRL,4390.21
781,2024-01-26,Nuno Pereira,Eletrônicos,4558.84,BRL,4558.84
782,2024-01-26,Henrique Carvalho,Moda,1290.29,BRL,1290.29
783,2023-04-05,Tiago Ferreira,Livros,4041.66,BRL,4041.66
784,2024-01-13,Eduarda Santos,Moda,1375.90,USD,6767.64
785,2024-09-15,Tiago Jesus,Livros,3037.29,USD,16639.49
786,2024-02-18,Olívia Ribeiro,Esporte,1271.79,BRL,1271.79
787,2024-09-10,Mariana Nogueira,Eletrônicos,2188.48,USD,11989.37
788,2023-01-17,Olívia Jesus,Livros,669.24,BRL,669.24
789,2024-03-19,João Martins,Esporte,2407.17,BRL,2407.17
790,2023-01-26,Rafael Martins,Não informado,2311.73,BRL,2311.73
791,2024-06-10,Sofia Teixeira,Moda,2210.01,BRL,2210.01
792,2023-01-13,Gabriela Oliveira,Livros,2848.96,BRL,2848.96
793,2023-06-19,Paulo Duarte,Livros,1872.70,BRL,1872.70
794,2023-06-09,Tiago Ribeiro,Esporte,2180.20,BRL,2180.20
795,2023-04-20,Sofia Henriques,Moda,4630.80,BRL,4630.80
796,2024-11-09,Karina Barbosa,Livros,1864.06,BRL,1864.06
797,2023-09-07,Felipe Lopes,Casa,429.73,USD,2125.96
799,2023-01-01,Gabriela Ferreira,Livros,376.82,BRL,376.82
800,2023-08-18,Bruno Nogueira,Moda,2553.64,BRL,2553.64
801,2023-09-04,Eduarda Barbosa,Esporte,647.81,BRL,647.81
802,2024-11-15,Sofia Teixeira,Moda,1965.70,BRL,1965.70
803,2024-04-05,Karina Oliveira,Esporte,837.36,BRL,837.36
805,2024-06-01,Mariana Ribeiro,Esporte,3660.97,BRL,3660.97
806,2024-08-26,Carla Queiroz,Livros,1169.80,BRL,1169.80
808,2023-11-10,Bruno Queiroz,Moda,4278.20,BRL,4278.20
809,2024-05-06,Eduarda Jesus,Casa,1036.10,BRL,1036.10
810,2023-01-04,Carla Jesus,Eletrônicos,4178.40,BRL,4178.40
811,2023-07-13,Isabela Almeida,Esporte,335.74,USD,1615.75
812,2024-02-03,Nuno Duarte,Livros,2939.42,BRL,2939.42
814,2023-11-19,Carla Esteves,Esporte,2377.15,BRL,2377.15
815,2024-03-11,Diego Barbosa,Moda,1417.37,BRL,1417.37
816,2023-10-19,Carla Esteves,Esporte,4872.73,USD,24771.01
817,2024-07-17,Carla Santos,Esporte,2029.71,USD,11226.73
818,2023-01-05,Paulo Barbosa,Casa,4698.55,USD,24439.04
820,2023-03-02,Vitória Nogueira,Esporte,4554.60,BRL,4554.60
821,2024-02-20,Isabela Esteves,Esporte,1169.35,BRL,1169.35
822,2023-04-24,Ana Oliveira,Moda,633.54,BRL,633.54
823,2024-02-03,Henrique Queiroz,Casa,809.61,BRL,809.61
824,2024-03-12,Paulo Ribeiro,Livros,3447.67,BRL,3447.67
825,2024-05-12,Sofia Ribeiro,Moda,1373.28,BRL,1373.28
826,2024-11-15,Vitória Teixeira,Esporte,36.68,BRL,36.68
827,2024-03-11,Isabela Teixeira,Livros,1796.88,BRL,1796.88
828,2024-05-19,Sofia Almeida,Eletrônicos,238.37,BRL,238.37
829,2023-04-10,Ana Teixeira,Casa,485.36,BRL,485.36
830,2024-12-06,Felipe Almeida,Livros,1666.71,BRL,1666.71
831,2024-12-13,Diego Teixeira,Não informado,801.39,USD,4847.53
832,2023-08-20,Bruno Duarte,Moda,4176.19,BRL,4176.19
833,2024-03-06,Felipe Gomes,Livros,3573.47,USD,17836.26
834,2024-04-08,Vitória Santos,Moda,3976.87,BRL,3976.87
835,2024-04-21,Tiago Duarte,Moda,4747.87,BRL,4747.87
836,2023-08-26,Henrique Barbosa,Esporte,435.99,BRL,435.99
837,2023-08-14,Carla Ribeiro,Livros,3804.71,USD,18657.54
838,2023-02-01,Felipe Teixeira,Moda,4472.68,BRL,4472.68
839,2024-05-31,João Jesus,Esporte,2393.83,BRL,2393.83
841,2024-06-26,Mariana Teixeira,Livros,1860.01,BRL,1860.01
842,2024-02-21,Nuno Vasconcelos,Esporte,3865.59,BRL,3865.59
843,2023-09-16,Diego Santos,Eletrônicos,2745.85,BRL,2745.85
844,2023-09-06,Carla Esteves,Esporte,3232.35,BRL,3232.35
845,2024-03-17,João Jesus,Eletrônicos,1961.16,BRL,1961.16
846,2024-07-10,João Gomes,Eletrônicos,3963.81,BRL,3963.81
847,2024-07-23,Rafael Ferreira,Casa,4161.28,BRL,4161.28
848,2023-12-30,Rafael Jesus,Eletrônicos,528.64,USD,2590.92
849,2024-08-30,Gabriela Queiroz,Livros,2044.64,USD,11345.30
851,2024-07-16,Vitória Ribeiro,Moda,2496.26,BRL,2496.26
852,2024-02-06,Lucas Esteves,Eletrônicos,2638.71,USD,13094.33
853,2024-02-22,Felipe Gomes,Esporte,2102.50,BRL,2102.50
854,2024-01-11,Karina Henriques,Livros,2605.74,BRL,2605.74
855,2023-07-28,Mariana Vasconcelos,Eletrônicos,4701.79,USD,22627.36
856,2024-08-08,Paulo Oliveira,Moda,1465.83,BRL,1465.83
857,2024-11-14,Rafael Esteves,Moda,530.13,USD,3070.67
858,2024-08-10,Ana Pereira,Esporte,2871.87,BRL,2871.87
859,2024-09-06,Olívia Carvalho,Casa,2851.82,BRL,2851.82
860,2023-06-29,Diego Ferreira,Moda,2827.69,BRL,2827.69
861,2023-02-01,Felipe Gomes,Moda,3019.31,BRL,3019.31
863,2024-01-23,Carla Gomes,Não informado,3365.91,BRL,3365.91
864,2023-09-15,Isabela Nogueira,Moda,1373.72,BRL,1373.72
865,2024-02-05,Mariana Carvalho,Eletrônicos,393.62,BRL,393.62
866,2024-10-25,João Vasconcelos,Casa,2618.03,BRL,2618.03
867,2024-05-22,Vitória Klein,Eletrônicos,2027.57,USD,10447.26
869,2023-06-25,Mariana Duarte,Eletrônicos,4539.12,BRL,4539.12
870,2024-04-23,Tiago Martins,Moda,1548.97,BRL,1548.97
871,2024-03-17,Bruno Henriques,Casa,4638.93,BRL,4638.93
872,2024-08-26,Felipe Duarte,Casa,2739.11,USD,15198.77
873,2024-07-06,Diego Ribeiro,Casa,2258.72,BRL,2258.72
874,2024-05-04,Mariana Queiroz,Livros,96.89,BRL,96.89
875,2023-03-30,Lucas Almeida,Esporte,2036.11,BRL,2036.11
876,2024-08-31,Sofia Teixeira,Casa,2742.10,BRL,2742.10
877,2024-07-09,Vitória Jesus,Casa,4232.89,BRL,4232.89
878,2023-02-06,Olívia Carvalho,Moda,2704.98,BRL,2704.98
879,2024-04-17,Sofia Queiroz,Moda,2495.64,BRL,2495.64
880,2023-11-22,Ana Nogueira,Moda,3323.88,BRL,3323.88
881,2023-06-21,Sofia Ferreira,Casa,2626.88,BRL,2626.88
882,2024-11-30,Tiago Jesus,Moda,4619.45,BRL,4619.45
883,2024-05-09,Karina Nogueira,Esporte,1729.35,BRL,1729.35
884,2023-09-27,Sofia Lopes,Não informado,3406.20,BRL,3406.20
885,2023-03-18,Diego Queiroz,Moda,207.56,BRL,207.56
886,2023-06-27,Gabriela Oliveira,Esporte,99.85,BRL,99.85
887,2023-12-29,Mariana Vasconcelos,Eletrônicos,3032.61,BRL,3032.61
888,2023-06-16,Karina Santos,Livros,2925.54,BRL,2925.54
889,2024-11-16,Karina Teixeira,Casa,3075.31,BRL,3075.31
891,2023-03-12,Karina Lopes,Esporte,3415.62,BRL,3415.62
892,2024-12-07,Henrique Oliveira,Livros,3738.79,BRL,3738.79
893,2023-08-12,Felipe Santos,Eletrônicos,1016.62,USD,4985.30
894,2024-05-16,Sofia Pereira,Esporte,3331.78,BRL,3331.78
895,2023-05-19,Tiago Barbosa,Esporte,3294.54,BRL,3294.54
896,2024-12-04,Olívia Gomes,Esporte,1642.20,BRL,1642.20
897,2023-12-01,Tiago Carvalho,Moda,1638.62,BRL,1638.62
898,2023-05-06,Olívia Queiroz,Livros,1284.07,BRL,1284.07
900,2024-07-25,Rafael Henriques,Eletrônicos,3969.49,USD,21956.04
901,2024-09-13,Olívia Ribeiro,Esporte,3615.03,BRL,3615.03
902,2023-02-11,Isabela Klein,Livros,2877.17,BRL,2877.17
903,2024-10-20,Tiago Martins,Eletrônicos,3679.15,BRL,3679.15
904,2023-04-28,Bruno Esteves,Eletrônicos,4800.40,BRL,4800.40
905,2023-07-05,Vitória Barbosa,Casa,4662.42,BRL,4662.42
906,2023-07-03,João Ribeiro,Casa,3420.83,BRL,3420.83
907,2023-01-18,Tiago Gomes,Casa,3958.25,BRL,3958.25
908,2023-01-18,Henrique Pereira,Casa,1948.65,BRL,1948.65
911,2024-01-13,João Vasconcelos,Livros,1439.16,BRL,1439.16
914,2023-10-10,Gabriela Nogueira,Moda,2649.47,BRL,2649.47
916,2023-11-15,Tiago Almeida,Eletrônicos,1276.21,USD,6283.42
917,2024-12-25,Isabela Teixeira,Não informado,347.42,BRL,347.42
918,2024-02-09,Rafael Queiroz,Eletrônicos,1923.02,BRL,1923.02
919,2024-08-07,Henrique Ferreira,Livros,2962.42,BRL,2962.42
921,2024-07-12,Carla Henriques,Esporte,3903.79,BRL,3903.79
922,2024-11-08,Carla Santos,Casa,2266.92,BRL,2266.92
923,2023-01-12,Bruno Almeida,Eletrônicos,4146.63,BRL,4146.63
924,2024-06-07,Tiago Jesus,Esporte,2327.01,BRL,2327.01
927,2023-01-27,Rafael Klein,Livros,815.60,BRL,815.60
929,2023-11-04,Diego Teixeira,Moda,4077.19,BRL,4077.19
931,2023-02-02,João Jesus,Não informado,334.48,BRL,334.48
932,2024-07-05,Sofia Barbosa,Eletrônicos,502.37,BRL,502.37
933,2024-10-03,Isabela Santos,Esporte,2916.59,BRL,2916.59
934,2024-08-25,Karina Barbosa,Esporte,3442.80,USD,19103.41
935,2024-11-30,Henrique Vasconcelos,Esporte,2065.26,BRL,2065.26
937,2024-03-22,Ana Klein,Casa,165.21,BRL,165.21
938,2023-09-06,Lucas Jesus,Livros,2104.82,BRL,2104.82
941,2024-07-26,Carla Ferreira,Casa,4012.71,USD,22195.10
942,2023-06-18,Rafael Jesus,Livros,3652.13,BRL,3652.13
943,2023-06-29,Diego Santos,Moda,3766.28,BRL,3766.28
944,2023-07-21,Carla Duarte,Moda,3830.65,BRL,3830.65
945,2023-07-31,João Ferreira,Eletrônicos,4489.83,BRL,4489.83
946,2024-10-12,Mariana Vasconcelos,Moda,1348.15,BRL,1348.15
947,2024-02-10,Rafael Klein,Eletrônicos,1285.10,USD,6377.18
948,2023-03-09,Vitória Gomes,Esporte,4005.44,BRL,4005.44
949,2024-01-31,Tiago Teixeira,Esporte,3825.60,BRL,3825.60
951,2024-06-17,Tiago Duarte,Eletrônicos,1971.20,BRL,1971.20
952,2023-08-06,Diego Barbosa,Eletrônicos,3463.77,USD,16985.64
953,2024-05-07,Diego Almeida,Casa,4587.07,BRL,4587.07
954,2023-10-10,Sofia Esteves,Casa,3387.17,BRL,3387.17
955,2024-08-25,Carla Lopes,Não informado,4861.80,BRL,4861.80
956,2024-12-26,Henrique Klein,Não informado,2005.68,BRL,2005.68
957,2023-07-19,Sofia Gomes,Moda,2037.71,BRL,2037.71
958,2024-06-25,Paulo Vasconcelos,Eletrônicos,2278.09,BRL,2278.09
959,2024-01-03,Rafael Teixeira,Moda,4275.94,USD,21032.07
960,2023-05-01,Olívia Klein,Moda,391.48,BRL,391.48
961,2023-07-01,Vitória Queiroz,Esporte,4567.87,BRL,4567.87
962,2023-02-16,Rafael Esteves,Não informado,4349.94,USD,22545.74
963,2024-02-24,Bruno Pereira,Moda,4598.39,BRL,4598.39
964,2023-07-07,Isabela Pereira,Moda,2719.79,BRL,2719.79
965,2023-04-29,Ana Vasconcelos,Livros,448.97,BRL,448.97
967,2023-11-16,Karina Klein,Moda,2784.96,BRL,2784.96
968,2023-04-01,Rafael Esteves,Moda,4509.54,USD,22628.42
969,2023-03-12,João Gomes,Casa,1224.63,BRL,1224.63
970,2023-07-18,Henrique Jesus,Esporte,1602.85,BRL,1602.85
971,2023-12-09,Olívia Jesus,Livros,1833.40,BRL,1833.40
972,2023-04-20,João Almeida,Esporte,518.39,USD,2601.23
973,2024-12-04,Felipe Almeida,Esporte,4661.26,BRL,4661.26
974,2024-08-02,Bruno Almeida,Livros,1610.76,USD,8937.79
976,2024-08-27,Ana Henriques,Eletrônicos,1096.54,BRL,1096.54
977,2024-03-14,Vitória Klein,Esporte,4951.63,BRL,4951.63
978,2024-08-03,Bruno Martins,Eletrônicos,3227.06,BRL,3227.06
979,2024-12-13,Paulo Ribeiro,Moda,2859.36,BRL,2859.36
980,2023-06-10,Ana Gomes,Casa,1909.38,BRL,1909.38
981,2024-08-09,Eduarda Henriques,Casa,3940.72,USD,21866.27
982,2023-09-17,Eduarda Duarte,Livros,52.24,BRL,52.24
983,2024-07-10,Tiago Ferreira,Esporte,1987.85,BRL,1987.85
984,2024-06-17,Isabela Pereira,Eletrônicos,590.18,BRL,590.18
985,2024-09-14,Felipe Carvalho,Esporte,3618.74,BRL,3618.74
986,2023-03-25,Karina Teixeira,Livros,241.26,BRL,241.26
987,2024-07-14,Vitória Esteves,Esporte,1671.46,BRL,1671.46
989,2024-01-04,Gabriela Almeida,Eletrônicos,3576.94,BRL,3576.94
991,2023-12-31,Tiago Duarte,Moda,4952.54,BRL,4952.54
992,2023-06-12,Rafael Gomes,Eletrônicos,827.52,BRL,827.52
993,2024-03-03,Mariana Pereira,Eletrônicos,438.71,BRL,438.71
994,2024-03-27,Mariana Gomes,Esporte,1731.66,BRL,1731.66
995,2023-04-01,Eduarda Jesus,Livros,4704.43,BRL,4704.43
996,2024-05-19,Vitória Vasconcelos,Esporte,1569.07,BRL,1569.07
997,2023-10-16,Felipe Martins,Casa,1027.21,BRL,1027.21
998,2023-10-01,Olívia Nogueira,Esporte,2018.39,BRL,2018.39
999,2023-09-03,Tiago Queiroz,Casa,2523.34,BRL,2523.34
1000,2023-01-09,Vitória Klein,Casa,4700.01,BRL,4700.01
1002,2023-02-27,Nuno Henriques,Livros,3234.49,USD,16764.36
1003,2024-04-02,Sofia Jesus,Moda,4482.47,BRL,4482.47
1004,2024-05-24,Felipe Almeida,Livros,1128.07,BRL,1128.07
1005,2023-03-05,Bruno Martins,Livros,1849.66,BRL,1849.66
1006,2023-07-10,Gabriela Duarte,Esporte,634.41,BRL,634.41
1008,2024-11-06,Henrique Esteves,Livros,3046.81,BRL,3046.81
1009,2023-08-21,Carla Ribeiro,Eletrônicos,4880.11,USD,23931.08
1010,2024-01-26,Ana Queiroz,Livros,2776.44,BRL,2776.44
1011,2024-10-07,Isabela Santos,Livros,672.28,BRL,672.28
1012,2024-10-11,Vitória Klein,Moda,2838.44,BRL,2838.44
1013,2024-09-24,Karina Gomes,Eletrônicos,3955.16,BRL,3955.16
1015,2024-02-13,Paulo Martins,Casa,1605.35,USD,7966.39
1016,2024-08-02,Karina Lopes,Eletrônicos,1891.92,BRL,1891.92
1017,2023-06-22,Felipe Almeida,Livros,384.83,USD,1863.23
1018,2023-02-07,Rafael Queiroz,Moda,3992.67,BRL,3992.67
1019,2024-06-27,Paulo Santos,Moda,3430.27,BRL,3430.27
1020,2024-06-08,Tiago Lopes,Eletrônicos,4213.12,USD,22602.12
1021,2024-12-29,Eduarda Oliveira,Livros,2187.10,BRL,2187.10
1024,2023-07-31,Henrique Carvalho,Esporte,2857.57,BRL,2857.57
1025,2023-10-27,João Jesus,Casa,2953.03,BRL,2953.03
1026,2024-02-24,Rafael Santos,Moda,3619.54,USD,17961.61
1027,2023-04-13,Diego Almeida,Esporte,4304.02,USD,21597.14
1029,2023-05-25,Lucas Duarte,Eletrônicos,1793.65,BRL,1793.65
1031,2023-06-11,Eduarda Barbosa,Moda,1055.12,BRL,1055.12
1032,2024-07-07,Bruno Santos,Casa,1416.93,BRL,1416.93
1033,2024-04-21,Bruno Klein,Casa,1845.30,BRL,1845.30
1035,2023-08-13,Nuno Pereira,Eletrônicos,4664.48,BRL,4664.48
1037,2023-10-31,Tiago Almeida,Moda,279.41,USD,1420.41
1038,2023-04-15,Paulo Queiroz,Casa,4678.92,BRL,4678.92
1039,2024-04-25,Karina Ribeiro,Eletrônicos,2932.34,BRL,2932.34
1040,2024-05-12,Gabriela Pereira,Eletrônicos,4896.06,USD,25227.44
1041,2024-09-20,Carla Pereira,Livros,2998.72,BRL,2998.72
1042,2023-04-23,Felipe Ferreira,Livros,2796.03,BRL,2796.03
1043,2024-10-23,Gabriela Gomes,Eletrônicos,1463.33,BRL,1463.33
1044,2023-01-13,Ana Ferreira,Não informado,3833.67,BRL,3833.67
1045,2024-02-11,Gabriela Ferreira,Esporte,2272.20,BRL,2272.20
1046,2023-03-27,Vitória Esteves,Não informado,804.94,BRL,804.94
1047,2023-11-22,Tiago Nogueira,Moda,2054.39,USD,10114.79
1049,2023-10-31,Diego Martins,Livros,1503.44,BRL,1503.44
1051,2024-02-13,Diego Vasconcelos,Moda,4651.27,USD,23081.46
1052,2023-04-26,Paulo Ribeiro,Esporte,2365.35,USD,11869.09
1053,2024-10-29,Gabriela Duarte,Eletrônicos,3446.46,USD,19305.35
1055,2024-08-01,Bruno Barbosa,Esporte,2191.52,BRL,2191.52
1056,2023-07-28,Paulo Oliveira,Eletrônicos,4817.14,BRL,4817.14
1058,2024-09-06,Carla Ribeiro,Eletrônicos,492.77,BRL,492.77
1059,2024-10-31,Henrique Carvalho,Livros,4591.81,USD,25721.02
1060,2024-05-24,Ana Esteves,Livros,1934.23,BRL,1934.23
1062,2024-05-01,Vitória Oliveira,Casa,127.42,BRL,127.42
1063,2023-10-19,Carla Ribeiro,Esporte,2320.46,USD,11796.29
1064,2024-01-25,Tiago Santos,Não informado,3031.90,USD,14913.01
1065,2024-04-14,Mariana Klein,Eletrônicos,1805.25,BRL,1805.25
1066,2023-11-09,Sofia Santos,Esporte,4973.33,BRL,4973.33
1067,2024-11-26,Mariana Nogueira,Esporte,4751.62,BRL,4751.62
1069,2023-11-07,Isabela Esteves,Eletrônicos,2120.78,BRL,2120.78
1070,2023-11-28,Vitória Vasconcelos,Livros,4277.57,BRL,4277.57
1071,2024-05-06,João Santos,Casa,869.94,BRL,869.94
1072,2023-08-12,Vitória Barbosa,Não informado,940.21,USD,4610.60
1073,2024-04-19,Nuno Jesus,Esporte,3566.84,BRL,3566.84
1074,2023-04-14,Rafael Lopes,Esporte,2654.31,BRL,2654.31
1075,2023-08-08,Eduarda Klein,Esporte,4168.82,BRL,4168.82
1076,2023-07-28,Henrique Queiroz,Eletrônicos,4370.87,BRL,4370.87
1077,2024-06-02,Felipe Santos,Moda,4138.66,USD,22202.67
1079,2024-02-12,Carla Klein,Livros,3152.28,BRL,3152.28
1080,2024-06-29,Karina Queiroz,Eletrônicos,3549.44,BRL,3549.44
1081,2023-10-11,Rafael Ribeiro,Esporte,2813.37,BRL,2813.37
1082,2023-04-24,Bruno Ferreira,Livros,3307.76,BRL,3307.76
1083,2023-03-25,Karina Teixeira,Casa,3977.31,BRL,3977.31
1084,2024-10-15,Rafael Ribeiro,Livros,1243.57,USD,6965.86
1087,2024-08-12,Tiago Carvalho,Não informado,4266.23,BRL,4266.23
1089,2024-06-27,Mariana Nogueira,Livros,2016.24,BRL,2016.24
1090,2024-03-16,João Pereira,Eletrônicos,1211.94,BRL,1211.94
1091,2024-11-06,Rafael Henriques,Moda,2120.20,BRL,2120.20
1092,2024-12-22,Carla Barbosa,Esporte,3179.67,BRL,3179.67
1093,2023-02-08,Sofia Santos,Não informado,1334.67,BRL,1334.67
1094,2023-10-05,Rafael Teixeira,Casa,2883.54,BRL,2883.54
1095,2023-01-04,Felipe Ribeiro,Casa,4357.54,BRL,4357.54
1096,2024-05-17,Isabela Gomes,Não informado,4799.12,BRL,4799.12
1097,2023-02-05,Gabriela Teixeira,Esporte,2359.55,BRL,2359.55
1098,2023-09-15,Ana Vasconcelos,Não informado,1758.14,BRL,1758.14
1099,2023-06-20,Isabela Carvalho,Moda,193.42,USD,936.48
1100,2024-12-22,Tiago Gomes,Casa,394.74,BRL,394.74
1101,2023-01-29,Sofia Queiroz,Livros,1039.05,BRL,1039.05
1103,2023-02-05,Karina Henriques,Livros,2057.70,BRL,2057.70
1104,2024-07-30,Ana Pereira,Livros,485.57,USD,2685.78
1105,2023-01-26,Isabela Lopes,Casa,572.38,BRL,572.38
1107,2024-04-01,Paulo Ferreira,Eletrônicos,1592.33,BRL,1592.33
1108,2024-11-24,Lucas Martins,Casa,3343.03,USD,19363.83
1110,2023-01-25,Henrique Pereira,Esporte,181.87,USD,945.98
1111,2023-07-26,Eduarda Gomes,Moda,4722.90,BRL,4722.90
1112,2023-01-10,Felipe Gomes,Livros,1808.79,BRL,1808.79
1113,2024-02-17,Tiago Duarte,Eletrônicos,4995.38,BRL,4995.38
1114,2024-05-21,Olívia Teixeira,Esporte,1952.81,BRL,1952.81
1116,2024-06-19,Karina Carvalho,Esporte,724.55,BRL,724.55
1117,2023-11-28,Isabela Oliveira,Livros,1266.58,BRL,1266.58
1118,2024-10-21,Eduarda Santos,Esporte,2989.75,BRL,2989.75
1119,2023-09-26,Eduarda Pereira,Casa,4755.20,BRL,4755.20
1121,2024-03-12,Bruno Carvalho,Moda,3621.81,USD,18077.54
1122,2023-05-09,Isabela Santos,Eletrônicos,1137.15,BRL,1137.15
1123,2023-07-01,Olívia Oliveira,Casa,458.62,USD,2207.11
1124,2023-09-23,Sofia Oliveira,Livros,525.56,BRL,525.56
1125,2024-02-01,Mariana Esteves,Casa,2220.31,BRL,2220.31
1126,2024-11-09,Bruno Gomes,Eletrônicos,1530.10,BRL,1530.10
1127,2024-03-05,Mariana Santos,Eletrônicos,1278.51,BRL,1278.51
1128,2023-10-17,Carla Duarte,Esporte,2664.78,BRL,2664.78
1129,2024-05-29,Carla Ribeiro,Esporte,2037.19,BRL,2037.19
1130,2024-11-03,Carla Ferreira,Eletrônicos,4755.33,BRL,4755.33
1131,2023-03-01,Bruno Gomes,Livros,4789.71,BRL,4789.71
1132,2024-12-07,Diego Teixeira,Esporte,3158.43,USD,19105.03
1133,2024-06-03,Tiago Klein,Livros,66.83,BRL,66.83
1134,2024-07-25,Olívia Ribeiro,Livros,1148.65,USD,6353.41
1135,2023-05-13,Vitória Teixeira,Livros,2435.58,BRL,2435.58
1136,2024-07-16,Lucas Pereira,Esporte,1479.57,BRL,1479.57
1137,2024-01-29,Mariana Santos,Livros,2223.07,BRL,2223.07
1138,2023-05-26,Bruno Duarte,Casa,4639.23,USD,23049.09
1139,2023-08-05,Diego Vasconcelos,Moda,2526.33,BRL,2526.33
1140,2023-05-31,Carla Nogueira,Casa,3496.74,BRL,3496.74
1141,2023-01-04,Diego Jesus,Livros,2933.71,BRL,2933.71
1142,2024-07-13,Olívia Queiroz,Eletrônicos,510.15,BRL,510.15
1144,2024-05-27,Lucas Nogueira,Livros,3328.91,BRL,3328.91
1145,2023-11-05,Karina Pereira,Livros,3762.89,BRL,3762.89
1146,2024-03-14,Ana Pereira,Livros,4300.27,BRL,4300.27
1147,2023-05-09,Rafael Oliveira,Livros,170.32,BRL,170.32
1148,2023-08-29,Lucas Almeida,Esporte,3715.41,BRL,3715.41
1149,2024-02-26,Paulo Ribeiro,Livros,2192.45,BRL,2192.45
1151,2023-06-18,João Ferreira,Esporte,2032.19,BRL,2032.19
1152,2023-01-31,Nuno Teixeira,Eletrônicos,2486.82,BRL,2486.82
1153,2023-03-24,Gabriela Pereira,Eletrônicos,1469.84,BRL,1469.84
1155,2023-12-25,Vitória Santos,Esporte,806.62,BRL,806.62
1157,2024-10-03,Ana Pereira,Esporte,2104.63,BRL,2104.63
1159,2023-06-10,Gabriela Henriques,Eletrônicos,786.50,USD,3808.00
1160,2023-12-03,Bruno Henriques,Esporte,3481.08,BRL,3481.08
1161,2024-03-12,Sofia Almeida,Esporte,4829.30,USD,24104.49
1162,2024-09-18,Eduarda Barbosa,Moda,2309.22,USD,12650.83
1163,2024-04-03,Diego Teixeira,Livros,1874.00,USD,9630.30
1164,2024-02-13,Diego Esteves,Esporte,151.60,BRL,151.60
1165,2024-12-23,Lucas Henriques,Casa,714.85,BRL,714.85
1166,2024-09-11,Lucas Jesus,Moda,4095.98,BRL,4095.98
1167,2024-07-09,Bruno Oliveira,Livros,1187.39,BRL,1187.39
1169,2023-05-19,Felipe Almeida,Casa,857.79,BRL,857.79
1170,2023-06-26,Lucas Almeida,Esporte,2040.10,BRL,2040.10
1171,2023-04-03,Felipe Ferreira,Casa,3943.73,BRL,3943.73
1172,2023-12-17,Bruno Teixeira,Moda,113.32,BRL,113.32
1173,2023-06-14,Olívia Carvalho,Esporte,125.79,BRL,125.79
1174,2023-02-26,Nuno Esteves,Moda,93.22,BRL,93.22
1175,2023-04-24,Gabriela Oliveira,Esporte,703.12,BRL,703.12
1176,2024-02-02,Paulo Oliveira,Eletrônicos,3029.29,BRL,3029.29
1177,2024-07-17,Carla Queiroz,Esporte,859.87,USD,4756.11
1178,2023-12-10,Rafael Nogueira,Livros,4372.36,USD,21429.37
1180,2023-06-28,Isabela Henriques,Esporte,3908.64,USD,18924.46
1181,2024-04-11,Rafael Jesus,Livros,2267.33,BRL,2267.33
1182,2023-08-28,Carla Martins,Eletrônicos,2864.23,BRL,2864.23
1183,2024-04-10,Sofia Nogueira,Não informado,3768.66,BRL,3768.66
1184,2023-08-05,Paulo Pereira,Eletrônicos,4524.81,BRL,4524.81
1185,2023-03-25,Rafael Pereira,Esporte,3387.03,BRL,3387.03
1186,2024-09-24,Rafael Queiroz,Eletrônicos,1626.42,BRL,1626.42
1187,2024-07-28,Carla Santos,Livros,3816.65,BRL,3816.65
1188,2023-07-01,Rafael Vasconcelos,Esporte,2817.42,BRL,2817.42
1189,2023-01-07,João Vasconcelos,Livros,3482.65,BRL,3482.65
1190,2024-10-17,Ana Duarte,Esporte,1913.86,USD,10720.49
1191,2023-10-06,Rafael Jesus,Moda,3474.09,BRL,3474.09
1192,2024-10-18,Henrique Duarte,Esporte,277.84,BRL,277.84
1194,2023-03-09,Mariana Esteves,Esporte,3855.77,BRL,3855.77
1195,2023-12-14,Felipe Pereira,Eletrônicos,579.22,BRL,579.22
1196,2023-05-17,Henrique Vasconcelos,Eletrônicos,2117.49,BRL,2117.49
1197,2023-12-09,Paulo Almeida,Eletrônicos,3294.90,BRL,3294.90
1198,2024-01-08,Felipe Santos,Esporte,312.66,BRL,312.66
1199,2024-12-07,Lucas Martins,Livros,3952.26,BRL,3952.26
1200,2023-05-31,Tiago Pereira,Moda,2066.88,BRL,2066.88
1201,2023-10-18,Eduarda Martins,Esporte,3338.85,BRL,3338.85
1203,2024-08-25,Vitória Santos,Casa,2010.63,BRL,2010.63
1204,2024-06-21,Rafael Jesus,Moda,4879.74,BRL,4879.74
1205,2024-12-16,Mariana Esteves,Eletrônicos,1149.30,BRL,1149.30
1207,2024-10-26,Rafael Ferreira,Moda,4712.25,BRL,4712.25
1208,2024-07-12,Bruno Martins,Moda,1244.78,BRL,1244.78
1209,2024-10-29,João Almeida,Casa,1142.88,USD,6401.84
1210,2023-06-23,Lucas Barbosa,Eletrônicos,243.90,USD,1180.89
1211,2024-04-15,João Ferreira,Casa,3902.26,BRL,3902.26
1212,2023-01-06,Paulo Oliveira,Esporte,3445.83,BRL,3445.83
1213,2023-12-27,Isabela Barbosa,Eletrônicos,1744.25,USD,8548.74
1214,2024-11-16,Vitória Duarte,Eletrônicos,1439.22,USD,8336.39
1216,2024-12-11,Olívia Santos,Moda,470.72,BRL,470.72
1217,2023-07-24,Gabriela Vasconcelos,Casa,285.89,BRL,285.89
1218,2024-11-26,Vitória Vasconcelos,Casa,4282.80,BRL,4282.80
1219,2023-09-04,Diego Duarte,Livros,811.24,BRL,811.24
1220,2024-05-06,Bruno Santos,Moda,3757.79,USD,19362.39
1221,2024-02-01,Eduarda Oliveira,Casa,1828.82,BRL,1828.82
1223,2024-10-24,Isabela Almeida,Esporte,4941.42,BRL,4941.42
1224,2024-04-16,Tiago Pereira,Casa,4845.52,BRL,4845.52
1225,2023-11-26,Isabela Teixeira,Eletrônicos,1421.60,BRL,1421.60
1226,2024-10-06,Gabriela Klein,Casa,4336.56,BRL,4336.56
1227,2024-02-23,Nuno Esteves,Livros,787.99,BRL,787.99
1228,2023-07-23,Carla Pereira,Eletrônicos,288.61,BRL,288.61
1229,2024-08-03,Mariana Jesus,Casa,4936.83,BRL,4936.83
1230,2024-06-28,João Nogueira,Livros,989.87,BRL,989.87
1232,2024-09-10,Gabriela Esteves,Livros,683.97,BRL,683.97
1233,2023-09-22,Paulo Henriques,Moda,1206.41,USD,5968.35
1234,2023-10-13,Gabriela Klein,Eletrônicos,65.17,BRL,65.17
1235,2024-03-29,Tiago Vasconcelos,Moda,3588.03,USD,17908.93
1236,2023-06-04,Paulo Pereira,Moda,3504.49,BRL,3504.49
1237,2023-02-05,Karina Ferreira,Casa,3208.08,BRL,3208.08
1238,2024-06-02,Olívia Oliveira,Esporte,816.06,BRL,816.06
1239,2024-02-18,Isabela Oliveira,Casa,3234.85,BRL,3234.85
1240,2024-12-26,Vitória Carvalho,Esporte,1588.29,BRL,1588.29
1241,2023-08-10,Henrique Teixeira,Livros,3524.63,BRL,3524.63
1242,2024-12-17,Olívia Oliveira,Moda,3521.20,BRL,3521.20
1243,2024-12-13,Rafael Ribeiro,Moda,4862.23,BRL,4862.23
1244,2023-11-10,Tiago Vasconcelos,Casa,2152.85,BRL,2152.85
1246,2023-12-05,Rafael Nogueira,Casa,877.04,BRL,877.04
1247,2023-05-16,Bruno Martins,Livros,4460.13,USD,22159.26
1248,2023-07-26,Nuno Santos,Eletrônicos,2359.84,BRL,2359.84
1249,2023-08-06,Nuno Barbosa,Casa,1131.93,BRL,1131.93
1250,2024-05-02,Tiago Queiroz,Casa,1064.24,BRL,1064.24
1251,2024-05-18,Rafael Almeida,Livros,3389.91,BRL,3389.91
1253,2024-04-15,Sofia Oliveira,Esporte,351.97,BRL,351.97
1254,2023-05-13,Karina Ribeiro,Esporte,812.44,BRL,812.44
1255,2023-10-14,Nuno Queiroz,Esporte,2025.76,USD,10298.15
1256,2023-04-03,Rafael Esteves,Moda,2823.76,BRL,2823.76
1257,2024-10-31,Olívia Vasconcelos,Esporte,3402.25,BRL,3402.25
1258,2024-07-19,Olívia Pereira,Casa,1028.29,BRL,1028.29
1259,2023-03-09,Carla Lopes,Eletrônicos,3049.80,BRL,3049.80
1260,2023-01-24,Ana Queiroz,Moda,4678.62,BRL,4678.62
1261,2024-10-21,Diego Ribeiro,Eletrônicos,1951.91,BRL,1951.91
1262,2024-02-01,Henrique Henriques,Esporte,3044.56,BRL,3044.56
1263,2023-08-19,Gabriela Lopes,Livros,3833.60,BRL,3833.60
1264,2024-01-02,Carla Ribeiro,Esporte,3559.58,BRL,3559.58
1265,2023-02-22,Diego Esteves,Casa,2230.47,BRL,2230.47
1266,2024-04-06,Sofia Barbosa,Moda,1798.24,BRL,1798.24
1267,2024-03-09,Nuno Klein,Eletrônicos,2408.70,BRL,2408.70
1268,2024-12-21,Olívia Henriques,Livros,207.84,BRL,207.84
1269,2023-11-04,Lucas Carvalho,Casa,139.23,BRL,139.23
1270,2024-10-09,Sofia Klein,Livros,34.53,USD,193.42
1271,2023-04-12,João Jesus,Livros,4089.31,BRL,4089.31
1272,2024-11-11,Henrique Gomes,Eletrônicos,1752.03,BRL,1752.03
1273,2023-05-07,Mariana Oliveira,Eletrônicos,1403.52,BRL,1403.52
1274,2024-08-25,Carla Gomes,Livros,3092.99,BRL,3092.99
1275,2023-01-28,Gabriela Henriques,Casa,2182.23,BRL,2182.23
1276,2024-08-04,Lucas Nogueira,Casa,2439.58,BRL,2439.58
1277,2024-07-14,Felipe Lopes,Moda,1456.61,BRL,1456.61
1278,2023-09-04,Carla Jesus,Casa,3438.74,USD,17012.13
1279,2023-11-21,Eduarda Almeida,Esporte,2188.03,BRL,2188.03
1280,2023-09-07,Gabriela Teixeira,Eletrônicos,2683.02,BRL,2683.02
1281,2023-11-24,Eduarda Lopes,Eletrônicos,730.86,BRL,730.86
1283,2023-05-22,Diego Duarte,Moda,395.26,USD,1963.77
1285,2023-08-01,João Gomes,Eletrônicos,4776.72,BRL,4776.72
1286,2023-08-10,Rafael Nogueira,Casa,1332.93,USD,6536.42
1287,2024-04-09,Paulo Henriques,Esporte,2369.53,USD,12176.78
1288,2023-12-07,Carla Jesus,Livros,3204.44,BRL,3204.44
1289,2024-12-15,João Pereira,Casa,3340.58,BRL,3340.58
1290,2023-12-14,Eduarda Klein,Livros,1706.59,BRL,1706.59
1291,2023-11-28,João Oliveira,Esporte,2076.06,BRL,2076.06
1292,2024-07-13,Carla Oliveira,Moda,4485.84,USD,24812.08
1293,2024-12-08,Ana Duarte,Esporte,3562.92,BRL,3562.92
1294,2023-11-01,Olívia Nogueira,Casa,3170.85,BRL,3170.85
1295,2024-08-22,Tiago Klein,Não informado,2537.47,BRL,2537.47
1296,2023-04-01,Olívia Almeida,Esporte,542.10,USD,2720.20
1297,2023-02-04,Carla Gomes,Casa,2107.45,BRL,2107.45
1299,2023-01-26,João Ferreira,Eletrônicos,2032.44,BRL,2032.44
1300,2023-09-22,Karina Klein,Moda,2138.34,BRL,2138.34
1301,2023-03-02,Paulo Duarte,Eletrônicos,3917.00,BRL,3917.00
1302,2023-06-15,Rafael Santos,Eletrônicos,4257.53,BRL,4257.53
1303,2024-06-06,Mariana Klein,Moda,416.69,BRL,416.69
1304,2023-06-05,João Barbosa,Moda,2991.49,USD,14483.90
1305,2024-11-02,João Carvalho,Não informado,3608.16,BRL,3608.16
1307,2024-01-10,Rafael Klein,Moda,1960.34,BRL,1960.34
1308,2024-10-31,Diego Henriques,Não informado,4778.53,BRL,4778.53
1310,2023-05-24,Sofia Esteves,Esporte,4333.43,BRL,4333.43
1311,2024-09-11,Henrique Martins,Eletrônicos,167.79,BRL,167.79
1312,2024-08-29,Ana Oliveira,Casa,3799.89,USD,21084.83
1313,2023-11-05,Karina Esteves,Esporte,1453.44,BRL,1453.44
1314,2024-09-16,Mariana Henriques,Livros,144.07,BRL,144.07
1315,2023-09-03,Mariana Vasconcelos,Casa,4575.61,BRL,4575.61
1316,2024-03-05,Nuno Teixeira,Casa,2724.66,BRL,2724.66
1317,2023-02-14,Karina Esteves,Eletrônicos,1507.86,BRL,1507.86
1318,2024-09-19,João Jesus,Livros,4060.90,BRL,4060.90
1319,2023-10-08,Eduarda Klein,Casa,557.70,BRL,557.70
1321,2024-10-17,Eduarda Ribeiro,Eletrônicos,4525.09,BRL,4525.09
1322,2023-03-31,Sofia Ferreira,Casa,1924.16,BRL,1924.16
1323,2023-05-05,Tiago Ferreira,Casa,940.77,BRL,940.77
1324,2023-03-28,Ana Barbosa,Moda,1895.94,BRL,1895.94
1326,2024-07-01,João Lopes,Livros,3915.41,BRL,3915.41
1327,2024-05-25,Nuno Oliveira,Casa,352.98,BRL,352.98
1328,2024-10-01,Eduarda Henriques,Eletrônicos,2219.66,BRL,2219.66
1329,2023-12-31,Carla Esteves,Esporte,1118.64,BRL,1118.64
1330,2023-09-09,Sofia Teixeira,Moda,732.91,USD,3625.85
1331,2024-07-02,Diego Queiroz,Moda,376.30,BRL,376.30
1332,2023-12-28,Nuno Nogueira,Livros,4438.79,BRL,4438.79
1333,2024-01-10,Karina Nogueira,Livros,815.28,BRL,815.28
1334,2024-02-28,Tiago Oliveira,Esporte,3366.69,USD,16706.86
1335,2024-12-20,Olívia Teixeira,Casa,672.11,USD,4065.53
1336,2024-07-17,Ana Klein,Livros,1879.99,BRL,1879.99
1337,2024-04-08,Eduarda Henriques,Moda,1362.89,BRL,1362.89
1338,2023-05-24,Rafael Oliveira,Eletrônicos,154.67,BRL,154.67
1339,2024-07-10,Gabriela Oliveira,Esporte,4692.81,BRL,4692.81
1340,2023-09-17,João Oliveira,Esporte,1413.71,BRL,1413.71
1341,2024-10-30,Ana Carvalho,Casa,2661.79,BRL,2661.79
1342,2023-02-06,Carla Barbosa,Casa,1712.45,BRL,1712.45
1343,2023-12-27,Gabriela Barbosa,Eletrônicos,1423.17,BRL,1423.17
1344,2024-02-19,Rafael Santos,Moda,1841.32,USD,9137.37
1345,2023-12-31,Rafael Gomes,Moda,1617.43,USD,7927.19
1346,2023-12-02,Eduarda Santos,Casa,2973.84,BRL,2973.84
1347,2024-07-26,Karina Santos,Livros,41.31,BRL,41.31
1348,2024-01-29,Sofia Henriques,Eletrônicos,839.49,BRL,839.49
1349,2023-01-08,Tiago Queiroz,Eletrônicos,4326.97,BRL,4326.97
1350,2024-05-28,Karina Esteves,Livros,3904.76,BRL,3904.76
1351,2024-05-15,Bruno Martins,Livros,2358.34,BRL,2358.34
1352,2024-01-21,Vitória Oliveira,Livros,3043.49,BRL,3043.49
1353,2023-10-16,Mariana Martins,Livros,4191.33,BRL,4191.33
1355,2024-08-08,Isabela Pereira,Esporte,1118.57,BRL,1118.57
1356,2023-09-16,Rafael Oliveira,Livros,795.48,BRL,795.48
1357,2024-02-07,Isabela Teixeira,Livros,191.09,USD,948.27
1358,2023-11-24,Ana Santos,Casa,4771.75,USD,23493.71
1359,2024-01-26,Gabriela Almeida,Eletrônicos,2983.40,BRL,2983.40
1360,2023-06-27,Henrique Lopes,Casa,914.70,BRL,914.70
1361,2024-03-03,Sofia Almeida,Eletrônicos,352.40,BRL,352.40
1362,2023-12-22,Henrique Carvalho,Eletrônicos,3377.52,BRL,3377.52
1363,2024-07-25,Diego Klein,Livros,4319.42,BRL,4319.42
1364,2023-05-09,Sofia Gomes,Moda,1800.10,BRL,1800.10
1365,2024-03-11,Olívia Ribeiro,Esporte,1997.01,BRL,1997.01
1367,2024-07-16,Sofia Martins,Esporte,4706.18,BRL,4706.18
1368,2024-08-27,Lucas Nogueira,Eletrônicos,4209.88,BRL,4209.88
1369,2024-10-15,Olívia Santos,Livros,1179.60,USD,6607.53
1372,2024-12-19,Olívia Martins,Casa,4422.07,BRL,4422.07
1373,2024-05-22,Mariana Santos,Moda,1109.67,BRL,1109.67
1374,2024-06-10,Isabela Ribeiro,Casa,4634.67,BRL,4634.67
1375,2024-06-14,Eduarda Almeida,Livros,2548.75,USD,13673.28
1376,2023-09-15,Nuno Vasconcelos,Esporte,1608.87,BRL,1608.87
1377,2023-07-21,Vitória Gomes,Livros,726.33,BRL,726.33
1379,2024-04-20,Henrique Henriques,Esporte,3990.67,BRL,3990.67
1380,2023-09-28,Nuno Nogueira,Casa,2651.50,BRL,2651.50
1381,2024-10-02,Henrique Lopes,Livros,1799.82,BRL,1799.82
1382,2023-07-24,Isabela Nogueira,Moda,1884.83,BRL,1884.83
1384,2023-08-29,Vitória Lopes,Livros,181.65,BRL,181.65
1385,2023-08-22,Diego Ferreira,Moda,2788.55,BRL,2788.55
1386,2023-09-06,Lucas Barbosa,Moda,1246.33,BRL,1246.33
1387,2024-08-27,João Jesus,Eletrônicos,1258.36,BRL,1258.36
1388,2024-05-10,Diego Lopes,Não informado,4743.69,BRL,4743.69
1389,2023-06-15,Nuno Esteves,Eletrônicos,4103.24,BRL,4103.24
1390,2024-05-10,Ana Martins,Esporte,1473.88,BRL,1473.88
1392,2023-02-18,Bruno Jesus,Não informado,1379.90,BRL,1379.90
1393,2024-03-10,Diego Barbosa,Moda,376.76,BRL,376.76
1394,2024-07-02,Felipe Martins,Moda,3765.48,USD,20827.62
1395,2023-03-30,Paulo Henriques,Esporte,3246.44,BRL,3246.44
1397,2023-09-29,João Martins,Casa,1733.29,BRL,1733.29
1398,2024-11-22,Nuno Esteves,Moda,2020.13,USD,11701.20
1399,2024-06-21,João Barbosa,Moda,1523.22,BRL,1523.22
1400,2024-03-02,João Ferreira,Eletrônicos,3012.17,BRL,3012.17
1401,2024-08-01,Rafael Queiroz,Moda,34.79,BRL,34.79
1402,2023-12-19,Felipe Esteves,Esporte,1928.40,BRL,1928.40
1403,2023-06-24,Felipe Jesus,Esporte,2924.65,BRL,2924.65
1404,2024-11-02,Tiago Queiroz,Esporte,822.68,USD,4765.21
1405,2024-07-20,Diego Almeida,Livros,1580.27,BRL,1580.27
1406,2023-07-02,Nuno Duarte,Casa,2544.88,BRL,2544.88
1408,2024-12-08,Diego Henriques,Esporte,3775.70,BRL,3775.70
1409,2023-12-07,Karina Oliveira,Moda,4156.86,BRL,4156.86
1410,2023-12-17,Isabela Carvalho,Moda,3699.72,USD,18132.70
1411,2023-07-06,Mariana Barbosa,Esporte,1305.54,BRL,1305.54
1412,2024-04-26,Rafael Lopes,Esporte,1824.14,BRL,1824.14
1413,2023-06-30,Olívia Queiroz,Moda,2103.84,BRL,2103.84
1414,2023-05-04,Henrique Klein,Moda,3679.42,BRL,3679.42
1415,2023-09-09,Henrique Oliveira,Eletrônicos,1356.57,BRL,1356.57
1417,2023-04-16,Lucas Gomes,Esporte,1612.81,BRL,1612.81
1418,2024-01-30,Carla Almeida,Casa,2897.36,BRL,2897.36
1419,2023-06-27,Tiago Martins,Esporte,345.66,USD,1673.58
1420,2023-10-15,Eduarda Klein,Não informado,3727.74,USD,18950.34
1421,2023-08-02,Diego Ribeiro,Esporte,1822.19,BRL,1822.19
1422,2024-04-05,Karina Almeida,Casa,4037.84,BRL,4037.84
1423,2024-09-11,Nuno Klein,Casa,1653.73,BRL,1653.73
1424,2024-06-04,Gabriela Jesus,Esporte,2179.03,BRL,2179.03
1425,2024-03-19,Carla Jesus,Eletrônicos,4757.00,BRL,4757.00
1426,2023-03-20,Rafael Oliveira,Eletrônicos,4435.46,BRL,4435.46
1428,2023-09-28,Sofia Oliveira,Esporte,639.16,BRL,639.16
1429,2024-05-17,Felipe Nogueira,Casa,3806.96,BRL,3806.96
1430,2023-11-27,Henrique Almeida,Eletrônicos,2754.78,USD,13563.16
1432,2024-10-05,Mariana Ribeiro,Livros,2694.76,BRL,2694.76
1433,2024-04-04,Diego Pereira,Casa,2078.64,USD,10681.92
1434,2024-09-11,Paulo Jesus,Casa,4704.98,BRL,4704.98
1435,2023-01-29,Henrique Queiroz,Livros,768.25,BRL,768.25
1436,2024-04-27,Gabriela Barbosa,Eletrônicos,4257.64,USD,21879.59
1437,2023-09-08,Karina Oliveira,Casa,667.85,BRL,667.85
1438,2024-08-07,Carla Barbosa,Casa,2118.17,BRL,2118.17
1439,2023-04-15,Karina Ribeiro,Livros,1573.17,BRL,1573.17
1441,2023-06-18,Henrique Almeida,Esporte,4278.85,BRL,4278.85
1442,2023-03-10,Carla Santos,Eletrônicos,1081.51,BRL,1081.51
1443,2023-01-03,Vitória Jesus,Eletrônicos,4582.37,BRL,4582.37
1444,2024-02-21,Paulo Queiroz,Moda,3377.39,USD,16759.96
1445,2023-12-24,Vitória Ribeiro,Casa,3018.90,BRL,3018.90
1446,2023-06-24,Sofia Nogueira,Esporte,2313.85,USD,11202.97
1447,2024-07-14,Bruno Barbosa,Esporte,652.92,BRL,652.92
1448,2023-09-05,Bruno Teixeira,Eletrônicos,1489.69,BRL,1489.69
1450,2023-11-24,Nuno Henriques,Casa,2800.04,USD,13786.00
1451,2023-11-11,Vitória Duarte,Não informado,3745.33,BRL,3745.33
1452,2023-09-14,Diego Nogueira,Livros,436.74,USD,2160.64
1454,2024-05-19,Eduarda Santos,Eletrônicos,4800.65,USD,24735.83
1455,2023-05-06,Lucas Carvalho,Moda,4978.33,BRL,4978.33
1456,2024-07-19,Felipe Jesus,Não informado,4433.42,BRL,4433.42
1457,2023-09-21,Rafael Teixeira,Livros,486.78,BRL,486.78
1458,2024-03-29,Mariana Martins,Esporte,3301.14,BRL,3301.14
1459,2023-07-18,Ana Jesus,Esporte,2894.92,USD,13931.80
1460,2023-11-27,Sofia Ferreira,Esporte,1312.55,BRL,1312.55
1461,2024-02-23,Bruno Teixeira,Moda,1293.79,BRL,1293.79
1462,2023-06-02,Felipe Martins,Esporte,4532.13,USD,21943.21
1463,2024-06-10,Sofia Klein,Livros,111.87,BRL,111.87
1464,2024-05-01,Carla Henriques,Moda,3939.90,BRL,3939.90
1465,2024-12-03,João Ribeiro,Moda,3745.22,USD,22654.46
1466,2024-01-02,Nuno Klein,Esporte,4677.18,BRL,4677.18
1467,2023-07-16,Carla Lopes,Moda,3800.65,BRL,3800.65
1468,2023-09-18,Bruno Carvalho,Esporte,998.47,BRL,998.47
1469,2024-05-12,Lucas Lopes,Livros,4463.73,BRL,4463.73
1470,2023-05-20,Karina Gomes,Casa,782.48,BRL,782.48
1471,2023-06-24,Lucas Lopes,Moda,2280.36,BRL,2280.36
1472,2024-10-18,João Nogueira,Não informado,131.31,BRL,131.31
1473,2023-03-08,Lucas Martins,Esporte,1547.58,USD,8085.49
1474,2023-09-08,Karina Teixeira,Livros,2919.47,BRL,2919.47
1475,2024-03-18,Paulo Duarte,Livros,33.21,USD,165.76
1476,2023-08-04,Olívia Pereira,Eletrônicos,3223.70,BRL,3223.70
1477,2024-12-11,Eduarda Ferreira,Casa,537.04,BRL,537.04
1478,2024-09-26,Eduarda Henriques,Esporte,4172.42,BRL,4172.42
1479,2023-04-11,Mariana Barbosa,Esporte,3887.14,BRL,3887.14
1483,2024-08-22,Mariana Henriques,Moda,4397.48,BRL,4397.48
1484,2023-03-29,Henrique Martins,Moda,3025.29,BRL,3025.29
1485,2023-11-18,Tiago Oliveira,Eletrônicos,995.89,BRL,995.89
1486,2024-10-05,Lucas Santos,Livros,1726.26,BRL,1726.26
1487,2023-05-25,Rafael Nogueira,Esporte,3987.07,BRL,3987.07
1488,2024-10-19,Eduarda Lopes,Casa,4818.56,BRL,4818.56
1489,2023-03-20,Diego Santos,Casa,4831.56,BRL,4831.56
1490,2024-03-15,Diego Santos,Casa,3359.68,BRL,3359.68
1491,2023-04-24,Felipe Santos,Livros,1986.11,BRL,1986.11
1492,2024-04-21,Vitória Martins,Não informado,4194.07,BRL,4194.07
1493,2024-11-03,Rafael Nogueira,Moda,1655.57,BRL,1655.57
1494,2024-09-15,Mariana Jesus,Esporte,3232.28,BRL,3232.28
1495,2023-03-12,Lucas Santos,Moda,2332.93,BRL,2332.93
1496,2023-12-16,Mariana Almeida,Eletrônicos,2760.41,BRL,2760.41
1497,2024-05-30,Gabriela Vasconcelos,Eletrônicos,1644.44,BRL,1644.44
1498,2023-06-16,João Barbosa,Eletrônicos,1850.43,BRL,1850.43
1499,2023-04-13,Paulo Carvalho,Eletrônicos,303.63,BRL,303.63
1500,2024-10-11,Tiago Lopes,Livros,2278.15,BRL,2278.15
1501,2024-11-02,Tiago Pereira,Moda,1196.63,BRL,1196.63
1502,2024-05-26,Isabela Lopes,Eletrônicos,234.94,BRL,234.94
1506,2023-08-12,Nuno Santos,Esporte,2291.44,BRL,2291.44
1507,2024-04-24,Olívia Carvalho,Eletrônicos,633.34,BRL,633.34
1510,2024-06-27,Sofia Lopes,Livros,4809.03,USD,25799.00
1511,2023-01-07,Olívia Oliveira,Casa,2408.23,BRL,2408.23
1513,2024-08-13,Sofia Queiroz,Livros,3503.62,BRL,3503.62
1514,2024-08-14,João Duarte,Moda,2365.09,BRL,2365.09
1515,2024-12-21,Ana Carvalho,Livros,2003.32,BRL,2003.32
1516,2024-10-27,Diego Martins,Esporte,1164.16,BRL,1164.16
1517,2024-08-09,Rafael Queiroz,Moda,3227.76,BRL,3227.76
1518,2023-10-02,Sofia Lopes,Eletrônicos,240.40,USD,1222.10
1519,2024-08-08,Diego Santos,Casa,2260.31,BRL,2260.31
1520,2023-12-18,Lucas Lopes,Eletrônicos,2228.79,BRL,2228.79
1522,2024-04-05,Nuno Pereira,Casa,1725.78,BRL,1725.78
1523,2024-02-20,João Henriques,Eletrônicos,3818.45,BRL,3818.45
1524,2024-10-03,Bruno Teixeira,Esporte,2087.22,BRL,2087.22
1526,2023-07-06,Carla Jesus,Casa,77.29,USD,371.96
1527,2024-04-04,Felipe Ferreira,Moda,1628.36,BRL,1628.36
1529,2024-03-18,Olívia Oliveira,Casa,4212.47,BRL,4212.47
1530,2023-05-28,Bruno Oliveira,Casa,3116.76,BRL,3116.76
1531,2023-07-07,Lucas Ferreira,Esporte,4138.79,BRL,4138.79
1532,2023-08-02,Henrique Oliveira,Moda,2858.27,USD,14016.38
1533,2023-09-12,Karina Duarte,Livros,2680.34,BRL,2680.34
1534,2024-12-04,Karina Nogueira,Eletrônicos,4281.27,BRL,4281.27
1535,2023-12-20,Lucas Henriques,Casa,360.38,BRL,360.38
1536,2024-02-06,Henrique Ferreira,Moda,3922.69,USD,19465.96
1537,2023-09-01,Ana Almeida,Eletrônicos,3042.78,USD,15053.24
1539,2024-06-09,Sofia Duarte,Moda,1230.18,BRL,1230.18
1540,2024-09-02,Lucas Barbosa,Livros,3797.36,BRL,3797.36
1542,2024-06-16,Tiago Teixeira,Casa,2069.58,BRL,2069.58
1543,2024-01-17,Sofia Lopes,Eletrônicos,3350.10,USD,16478.14
1544,2023-08-03,Eduarda Almeida,Moda,1669.36,BRL,1669.36
1545,2024-07-24,Tiago Ferreira,Eletrônicos,82.71,BRL,82.71
1547,2023-07-27,João Henriques,Eletrônicos,3082.48,BRL,3082.48
1548,2024-02-27,Isabela Oliveira,Moda,516.70,BRL,516.70
1551,2023-02-04,Mariana Gomes,Casa,4054.53,BRL,4054.53
1552,2024-07-11,Gabriela Carvalho,Livros,4715.30,USD,26081.27
1554,2024-09-22,Karina Nogueira,Esporte,2769.42,BRL,2769.42
1555,2024-07-29,João Almeida,Casa,1587.63,BRL,1587.63
1556,2023-10-09,Mariana Pereira,Esporte,540.55,USD,2747.94
1557,2024-04-28,Bruno Pereira,Eletrônicos,2910.89,BRL,2910.89
1558,2023-04-02,Mariana Klein,Livros,1765.54,BRL,1765.54
1559,2023-03-25,Sofia Vasconcelos,Casa,206.38,BRL,206.38
1560,2024-10-12,Rafael Teixeira,Casa,1247.03,BRL,1247.03
1561,2023-08-16,Karina Teixeira,Esporte,2231.37,BRL,2231.37
1562,2023-01-25,Carla Jesus,Eletrônicos,2967.12,BRL,2967.12
1563,2023-12-17,Felipe Henriques,Eletrônicos,3639.17,BRL,3639.17
1564,2024-10-03,Lucas Gomes,Eletrônicos,2292.17,BRL,2292.17
1565,2023-06-05,Gabriela Santos,Esporte,4180.40,BRL,4180.40
1566,2023-09-05,Gabriela Duarte,Livros,2163.01,BRL,2163.01
1567,2023-05-20,Mariana Teixeira,Moda,1524.88,BRL,1524.88
1569,2023-05-10,Bruno Lopes,Não informado,286.76,BRL,286.76
1570,2024-08-22,Sofia Jesus,Esporte,4279.10,BRL,4279.10
1571,2024-08-09,Sofia Nogueira,Moda,3332.55,USD,18491.65
1572,2024-01-07,Nuno Carvalho,Moda,698.12,BRL,698.12
1573,2024-10-15,Henrique Almeida,Livros,1208.59,BRL,1208.59
1574,2023-05-31,Tiago Carvalho,Moda,4499.59,USD,22355.31
1575,2024-08-20,Vitória Teixeira,Moda,2083.61,BRL,2083.61
1576,2024-07-09,Diego Duarte,Moda,2607.72,BRL,2607.72
1577,2024-10-17,Felipe Queiroz,Esporte,98.63,BRL,98.63
1579,2024-04-11,Tiago Gomes,Casa,1743.95,BRL,1743.95
1580,2024-02-05,Olívia Almeida,Esporte,3270.93,BRL,3270.93
1582,2024-04-28,Rafael Ribeiro,Moda,1778.23,BRL,1778.23
1583,2024-07-11,Carla Oliveira,Moda,1062.23,BRL,1062.23
1584,2023-03-24,Diego Vasconcelos,Esporte,4387.14,USD,22921.05
1585,2024-06-25,Gabriela Jesus,Casa,591.14,BRL,591.14
1586,2024-03-08,Nuno Vasconcelos,Esporte,1047.29,USD,5227.34
1587,2023-02-01,João Klein,Casa,492.83,BRL,492.83
1588,2023-01-07,Ana Vasconcelos,Livros,3658.67,BRL,3658.67
1589,2024-07-19,Karina Ribeiro,Moda,1190.05,BRL,1190.05
1590,2024-11-23,Lucas Barbosa,Eletrônicos,1609.93,BRL,1609.93
1591,2024-03-31,Tiago Almeida,Eletrônicos,3990.89,BRL,3990.89
1592,2023-05-15,Henrique Martins,Casa,1834.61,BRL,1834.61
1594,2024-06-27,Bruno Duarte,Moda,2983.03,BRL,2983.03
1595,2024-06-12,Henrique Almeida,Livros,3657.25,BRL,3657.25
1596,2023-12-03,Bruno Henriques,Livros,4414.03,BRL,4414.03
1597,2023-09-22,Tiago Pereira,Moda,2491.73,BRL,2491.73
1598,2024-12-01,Isabela Klein,Eletrônicos,3723.44,BRL,3723.44
1600,2024-01-08,Karina Pereira,Moda,4930.40,BRL,4930.40
1601,2024-12-11,Olívia Duarte,Livros,3435.97,BRL,3435.97
1602,2024-12-29,João Almeida,Moda,4769.64,BRL,4769.64
1603,2024-02-07,Felipe Pereira,Casa,1326.82,BRL,1326.82
1605,2023-10-08,Mariana Duarte,Eletrônicos,484.17,BRL,484.17
1606,2023-06-07,Eduarda Santos,Eletrônicos,3480.25,BRL,3480.25
1607,2023-08-06,Nuno Almeida,Livros,4615.27,BRL,4615.27
1608,2024-02-25,Rafael Ferreira,Moda,4100.86,BRL,4100.86
1609,2024-01-19,Ana Nogueira,Esporte,4589.15,BRL,4589.15
1610,2024-09-05,Felipe Duarte,Eletrônicos,3436.85,BRL,3436.85
1612,2024-04-09,Karina Klein,Casa,3949.83,BRL,3949.83
1613,2023-03-23,Felipe Oliveira,Esporte,1840.63,BRL,1840.63
1614,2024-03-12,Isabela Pereira,Casa,2315.42,USD,11556.96
1615,2024-12-16,Nuno Lopes,Livros,728.32,BRL,728.32
1616,2023-05-20,Eduarda Nogueira,Eletrônicos,2198.49,BRL,2198.49
1618,2023-09-26,Lucas Henriques,Casa,3026.93,USD,14974.83
1619,2024-12-02,Diego Martins,Livros,2366.53,BRL,2366.53
1620,2023-06-05,João Oliveira,Eletrônicos,4145.97,USD,20073.54
1621,2023-12-23,Tiago Queiroz,Moda,79.43,USD,389.29
1622,2024-12-10,Karina Henriques,Livros,3745.09,BRL,3745.09
1623,2023-06-19,Carla Nogueira,Casa,4706.02,BRL,4706.02
1624,2024-03-09,Mariana Teixeira,Esporte,4503.63,BRL,4503.63
1626,2023-09-19,Ana Teixeira,Esporte,1232.24,BRL,1232.24
1627,2023-03-14,Isabela Oliveira,Esporte,2989.71,BRL,2989.71
1628,2024-12-12,Isabela Santos,Não informado,755.79,BRL,755.79
1631,2023-12-11,Isabela Martins,Esporte,4713.89,BRL,4713.89
1632,2023-10-28,Rafael Jesus,Casa,4591.05,USD,23339.06
1634,2023-09-06,Lucas Oliveira,Eletrônicos,697.57,BRL,697.57
1636,2023-03-11,Felipe Klein,Casa,543.40,BRL,543.40
1637,2023-02-18,Nuno Carvalho,Casa,2018.21,BRL,2018.21
1638,2023-06-30,Carla Ferreira,Esporte,4557.51,BRL,4557.51
1640,2023-06-21,Felipe Almeida,Livros,651.13,BRL,651.13
1641,2024-04-27,Olívia Nogueira,Moda,1357.47,BRL,1357.47
1642,2024-10-13,Paulo Henriques,Livros,4198.45,BRL,4198.45
1643,2023-05-09,Henrique Esteves,Casa,132.65,BRL,132.65
1644,2024-12-18,Tiago Pereira,Livros,2393.32,USD,14476.95
1645,2024-06-24,Karina Nogueira,Casa,4490.02,BRL,4490.02
1646,2023-10-18,Karina Martins,Livros,1210.66,BRL,1210.66
1647,2024-02-27,Sofia Vasconcelos,Eletrônicos,2887.47,BRL,2887.47
1648,2024-03-10,Bruno Lopes,Esporte,104.09,BRL,104.09
1649,2024-11-02,Felipe Ribeiro,Eletrônicos,2168.35,BRL,2168.35
1650,2024-08-06,Lucas Almeida,Casa,687.12,BRL,687.12
1651,2024-10-01,Felipe Lopes,Casa,3871.93,BRL,3871.93
1652,2023-04-05,Lucas Queiroz,Casa,3950.86,BRL,3950.86
1653,2023-05-25,Bruno Gomes,Casa,475.80,BRL,475.80
1654,2023-08-28,Ana Teixeira,Moda,213.02,BRL,213.02
1655,2024-09-14,Carla Esteves,Moda,449.81,BRL,449.81
1656,2024-01-11,Gabriela Gomes,Esporte,2742.79,BRL,2742.79
1657,2024-12-13,Rafael Carvalho,Eletrônicos,2637.13,USD,15951.74
1658,2023-07-12,Tiago Duarte,Esporte,1617.86,BRL,1617.86
1659,2023-02-25,Carla Queiroz,Moda,593.25,USD,3074.81
1660,2023-09-12,Isabela Teixeira,Eletrônicos,2383.72,BRL,2383.72
1661,2023-08-20,Mariana Gomes,Eletrônicos,2528.51,BRL,2528.51
1662,2023-02-01,Tiago Vasconcelos,Moda,1739.53,USD,9015.98
1663,2023-09-11,Olívia Barbosa,Não informado,2623.55,BRL,2623.55
1664,2023-11-02,Ana Nogueira,Esporte,2717.13,BRL,2717.13
1666,2023-11-15,Felipe Henriques,Esporte,993.08,BRL,993.08
1667,2024-01-08,Nuno Oliveira,Casa,1343.09,BRL,1343.09
1668,2024-02-14,Isabela Martins,Eletrônicos,1279.92,BRL,1279.92
1669,2024-07-05,Diego Klein,Eletrônicos,2591.09,USD,14331.84
1670,2023-06-29,Rafael Henriques,Casa,4957.51,BRL,4957.51
1671,2023-12-13,Lucas Oliveira,Eletrônicos,4776.34,USD,23409.32
1672,2023-10-01,Diego Pereira,Moda,3296.75,BRL,3296.75
1674,2024-04-30,Bruno Almeida,Moda,3309.92,BRL,3309.92
1675,2024-08-12,Eduarda Carvalho,Livros,2186.42,BRL,2186.42
1676,2024-04-02,João Pereira,Casa,1578.58,BRL,1578.58
1677,2023-04-04,Bruno Barbosa,Eletrônicos,3421.06,USD,17166.54
1678,2024-08-02,João Carvalho,Casa,4005.25,BRL,4005.25
1679,2024-11-21,Paulo Martins,Livros,260.28,BRL,260.28
1680,2024-07-27,Carla Ribeiro,Livros,2980.06,BRL,2980.06
1681,2024-01-26,Carla Duarte,Esporte,878.60,BRL,878.60
1682,2023-12-11,Felipe Henriques,Livros,3644.73,BRL,3644.73
1683,2023-03-30,Sofia Almeida,Moda,2935.44,BRL,2935.44
1684,2023-08-09,Lucas Pereira,Casa,4874.98,BRL,4874.98
1685,2023-01-22,Henrique Queiroz,Eletrônicos,4595.94,BRL,4595.94
1686,2023-02-05,Rafael Henriques,Casa,2468.16,BRL,2468.16
1687,2024-11-20,Karina Nogueira,Moda,467.08,BRL,467.08
1688,2023-07-18,Eduarda Esteves,Livros,1144.02,BRL,1144.02
1689,2023-08-17,Vitória Barbosa,Livros,215.19,BRL,215.19
1691,2024-05-19,Gabriela Jesus,Esporte,4732.46,USD,24384.47
1692,2024-08-16,Bruno Henriques,Livros,284.82,BRL,284.82
1693,2023-07-15,Gabriela Duarte,Esporte,1847.90,BRL,1847.90
1694,2024-03-26,Rafael Martins,Eletrônicos,2710.38,BRL,2710.38
1697,2024-12-11,Henrique Ferreira,Esporte,4819.51,BRL,4819.51
1698,2024-10-26,Bruno Nogueira,Moda,4355.86,BRL,4355.86
1699,2023-01-01,Karina Ferreira,Livros,2837.97,BRL,2837.97
1700,2023-12-11,João Almeida,Esporte,1823.80,BRL,1823.80
1702,2023-07-29,Rafael Pereira,Moda,45.24,BRL,45.24
1703,2024-03-28,Eduarda Oliveira,Livros,3459.71,BRL,3459.71
1704,2024-09-23,Vitória Gomes,Livros,4747.99,BRL,4747.99
1705,2023-09-19,Gabriela Henriques,Esporte,4723.95,BRL,4723.95
1706,2024-03-29,João Pereira,Esporte,4882.81,BRL,4882.81
1707,2023-06-11,Bruno Esteves,Esporte,1961.42,BRL,1961.42
1708,2024-02-20,Felipe Duarte,Eletrônicos,2531.38,BRL,2531.38
1709,2024-08-24,Gabriela Queiroz,Livros,3291.53,BRL,3291.53
1710,2023-11-17,Sofia Oliveira,Eletrônicos,3942.58,USD,19411.29
1712,2023-12-29,Diego Santos,Casa,4045.10,BRL,4045.10
1713,2023-05-04,Tiago Henriques,Esporte,3978.05,BRL,3978.05
1714,2024-07-25,Lucas Almeida,Eletrônicos,1115.32,BRL,1115.32
1715,2023-08-07,Carla Queiroz,Esporte,1289.01,BRL,1289.01
1716,2023-03-02,Tiago Martins,Livros,606.83,USD,3170.44
1717,2023-08-24,Vitória Vasconcelos,Moda,2549.13,BRL,2549.13
1718,2024-03-16,Rafael Vasconcelos,Eletrônicos,3172.99,BRL,3172.99
1719,2023-02-20,Nuno Almeida,Livros,4451.08,BRL,4451.08
1720,2024-05-26,Isabela Barbosa,Esporte,1332.45,BRL,1332.45
1721,2023-02-05,Eduarda Pereira,Livros,3194.96,BRL,3194.96
1722,2024-09-25,João Vasconcelos,Livros,3378.22,BRL,3378.22
1723,2023-10-20,Rafael Nogueira,Casa,2919.98,BRL,2919.98
1724,2024-02-04,Sofia Nogueira,Moda,4706.37,BRL,4706.37
1728,2024-12-29,Vitória Carvalho,Esporte,562.64,BRL,562.64
1729,2023-09-29,Gabriela Pereira,Livros,1532.24,BRL,1532.24
1730,2024-11-28,Rafael Carvalho,Eletrônicos,769.77,BRL,769.77
1731,2023-12-07,Paulo Pereira,Casa,1516.16,BRL,1516.16
1732,2023-07-10,Karina Gomes,Eletrônicos,3790.21,BRL,3790.21
1733,2024-04-28,Isabela Pereira,Livros,659.73,USD,3390.29
1734,2023-11-17,Gabriela Nogueira,Esporte,1992.28,BRL,1992.28
1736,2024-09-19,Diego Duarte,Casa,4664.59,BRL,4664.59
1737,2023-10-29,Vitória Queiroz,Esporte,3141.29,BRL,3141.29
1738,2024-01-11,Eduarda Queiroz,Moda,655.05,BRL,655.05
1739,2024-07-24,Olívia Almeida,Moda,4393.43,BRL,4393.43
1741,2023-07-05,Sofia Esteves,Moda,2694.60,BRL,2694.60
1742,2023-01-12,Lucas Teixeira,Livros,2022.97,USD,10522.28
1743,2023-07-30,Rafael Jesus,Esporte,3994.90,BRL,3994.90
1745,2024-12-27,Isabela Ferreira,Moda,1058.41,BRL,1058.41
1746,2024-05-02,Tiago Gomes,Esporte,464.53,BRL,464.53
1747,2023-11-01,Paulo Esteves,Esporte,2041.63,BRL,2041.63
1749,2024-10-05,Vitória Teixeira,Casa,4611.31,BRL,4611.31
1750,2024-02-08,Felipe Gomes,Livros,2553.85,USD,12673.23
1751,2024-10-23,Olívia Vasconcelos,Livros,1554.73,BRL,1554.73
1752,2024-08-23,Karina Oliveira,Esporte,332.77,BRL,332.77
1753,2024-08-28,Gabriela Gomes,Livros,768.66,BRL,768.66
1754,2023-12-09,Mariana Nogueira,Esporte,1756.96,BRL,1756.96
1756,2024-09-30,Ana Henriques,Casa,56.20,BRL,56.20
1759,2023-09-30,Mariana Oliveira,Moda,3922.47,BRL,3922.47
1761,2023-08-30,Ana Oliveira,Casa,1362.22,BRL,1362.22
1762,2024-12-03,Bruno Ferreira,Eletrônicos,2174.42,BRL,2174.42
1763,2023-09-02,Mariana Duarte,Esporte,2998.51,BRL,2998.51
1764,2024-05-27,Karina Ribeiro,Eletrônicos,4016.35,USD,20694.65
1765,2024-07-04,João Pereira,Casa,1286.11,USD,7113.73
1766,2023-09-26,Paulo Ferreira,Esporte,4098.62,BRL,4098.62
1767,2023-11-30,Rafael Jesus,Casa,4506.07,BRL,4506.07
1768,2023-12-17,Vitória Vasconcelos,Eletrônicos,3251.20,BRL,3251.20
1770,2023-05-01,Vitória Martins,Esporte,657.34,USD,3265.86
1771,2023-11-05,Diego Barbosa,Eletrônicos,3549.17,BRL,3549.17
1772,2023-06-03,Karina Lopes,Eletrônicos,743.56,USD,3600.09
1773,2024-05-31,Lucas Martins,Livros,414.57,BRL,414.57
1774,2023-12-03,Isabela Ribeiro,Eletrônicos,3815.01,BRL,3815.01
1775,2023-09-19,João Barbosa,Casa,3922.79,BRL,3922.79
1776,2024-12-29,Eduarda Pereira,Casa,2492.78,BRL,2492.78
1777,2023-10-23,Henrique Queiroz,Esporte,1667.65,BRL,1667.65
1778,2023-04-19,Eduarda Gomes,Casa,786.87,BRL,786.87
1779,2023-01-22,Diego Esteves,Moda,1002.50,BRL,1002.50
1780,2023-10-17,Karina Santos,Casa,4156.43,BRL,4156.43
1781,2024-11-04,Nuno Oliveira,Esporte,1521.21,BRL,1521.21
1782,2024-04-27,Felipe Carvalho,Esporte,1930.46,BRL,1930.46
1784,2023-10-19,Vitória Gomes,Moda,2508.33,BRL,2508.33
1785,2023-03-06,Vitória Gomes,Casa,3783.71,USD,19768.37
1786,2023-11-03,Carla Ferreira,Livros,4083.70,USD,20106.10
1787,2024-03-20,Olívia Vasconcelos,Casa,2228.76,BRL,2228.76
1788,2024-01-29,Gabriela Teixeira,Casa,1568.16,BRL,1568.16
1789,2024-08-01,Isabela Teixeira,Livros,4488.02,USD,24903.13
1790,2024-10-23,Mariana Santos,Moda,2439.60,BRL,2439.60
1791,2024-06-17,Paulo Ribeiro,Casa,4003.59,BRL,4003.59
1793,2023-08-18,Bruno Martins,Casa,4001.37,BRL,4001.37
1794,2023-02-21,Carla Teixeira,Esporte,1714.44,USD,8885.94
1797,2023-01-22,Eduarda Queiroz,Não informado,2157.00,BRL,2157.00
1799,2023-07-25,Diego Klein,Moda,431.59,BRL,431.59
1800,2023-07-26,Nuno Martins,Eletrônicos,1671.75,BRL,1671.75
1802,2024-12-05,Felipe Henriques,Moda,1171.80,BRL,1171.80
1803,2024-04-29,Olívia Teixeira,Moda,756.34,BRL,756.34
1804,2023-01-26,Bruno Klein,Eletrônicos,3898.91,BRL,3898.91
1806,2023-02-03,Eduarda Duarte,Eletrônicos,574.17,BRL,574.17
1807,2024-10-04,Paulo Carvalho,Esporte,3032.90,BRL,3032.90
1808,2023-02-28,Lucas Teixeira,Livros,3258.61,BRL,3258.61
1809,2023-11-04,Lucas Klein,Casa,1028.82,BRL,1028.82
1811,2024-06-08,Ana Duarte,Não informado,1116.70,BRL,1116.70
1812,2023-02-20,Eduarda Queiroz,Moda,3347.57,BRL,3347.57
1813,2024-01-30,Diego Duarte,Livros,2017.68,BRL,2017.68
1815,2023-12-27,Paulo Martins,Livros,2091.53,BRL,2091.53
1816,2023-10-16,Vitória Henriques,Esporte,3279.25,BRL,3279.25
1817,2023-02-06,Vitória Gomes,Livros,760.31,BRL,760.31
1818,2024-10-04,Sofia Queiroz,Eletrônicos,3992.44,USD,22363.65
1819,2024-11-22,Sofia Queiroz,Esporte,4274.51,BRL,4274.51
1820,2023-03-26,Olívia Ribeiro,Eletrônicos,3610.93,BRL,3610.93
1821,2024-05-09,Tiago Carvalho,Moda,3210.20,BRL,3210.20
1822,2024-04-15,Vitória Jesus,Moda,3224.71,BRL,3224.71
1823,2024-04-16,Rafael Santos,Eletrônicos,4614.31,BRL,4614.31
1824,2024-04-30,Gabriela Martins,Esporte,373.43,BRL,373.43
1825,2024-08-23,Olívia Lopes,Casa,463.80,USD,2573.53
1826,2024-12-04,Felipe Klein,Casa,36.06,BRL,36.06
1827,2023-09-13,Ana Queiroz,Eletrônicos,1395.10,BRL,1395.10
1828,2023-02-21,Henrique Teixeira,Eletrônicos,684.42,BRL,684.42
1829,2024-01-28,Vitória Lopes,Eletrônicos,626.59,BRL,626.59
1830,2023-03-10,Nuno Lopes,Livros,2377.22,BRL,2377.22
1831,2024-10-20,João Ferreira,Esporte,3759.60,BRL,3759.60
1833,2024-05-30,Rafael Nogueira,Esporte,949.09,USD,4890.28
1834,2023-11-16,Tiago Duarte,Casa,146.55,BRL,146.55
1835,2023-06-24,Henrique Klein,Casa,754.57,BRL,754.57
1837,2024-10-29,Tiago Santos,Livros,4856.30,BRL,4856.30
1839,2024-04-18,Eduarda Martins,Livros,4057.07,BRL,4057.07
1840,2024-12-31,Sofia Lopes,Moda,3978.46,BRL,3978.46
1841,2024-03-12,Paulo Barbosa,Moda,1170.00,BRL,1170.00
1842,2024-10-28,Henrique Klein,Eletrônicos,4982.37,BRL,4982.37
1843,2024-09-18,Mariana Gomes,Livros,643.51,BRL,643.51
1844,2024-01-03,Felipe Ferreira,Esporte,4125.01,BRL,4125.01
1845,2024-12-21,Diego Almeida,Livros,4304.73,BRL,4304.73
1846,2024-05-23,Eduarda Esteves,Moda,3937.68,BRL,3937.68
1847,2023-04-25,Carla Pereira,Esporte,1165.39,BRL,1165.39
1848,2023-06-15,Karina Teixeira,Livros,3038.86,USD,14713.25
1849,2024-03-18,Karina Teixeira,Eletrônicos,3530.09,USD,17619.74
1850,2024-12-24,Sofia Carvalho,Moda,3178.68,USD,19227.52
1851,2023-01-12,Eduarda Almeida,Casa,1547.42,BRL,1547.42
1852,2023-04-24,Henrique Lopes,Livros,3803.22,BRL,3803.22
1853,2023-05-14,Paulo Nogueira,Eletrônicos,3796.57,BRL,3796.57
1854,2024-01-15,Gabriela Ribeiro,Eletrônicos,4854.41,USD,23877.39
1855,2024-08-24,Karina Ribeiro,Esporte,2291.59,BRL,2291.59
1856,2023-02-11,Diego Martins,Casa,547.90,BRL,547.90
1858,2024-10-12,Lucas Gomes,Casa,3250.74,BRL,3250.74
1859,2024-06-12,Nuno Pereira,Esporte,4636.17,BRL,4636.17
1860,2023-05-24,Ana Jesus,Não informado,3803.09,BRL,3803.09
1863,2023-10-20,Henrique Almeida,Moda,2659.38,BRL,2659.38
1864,2023-02-28,Henrique Ribeiro,Livros,4667.88,BRL,4667.88
1865,2024-11-27,Carla Ribeiro,Casa,1798.80,BRL,1798.80
1866,2023-01-23,Henrique Pereira,Moda,1493.80,BRL,1493.80
1867,2023-07-30,Karina Jesus,Eletrônicos,77.56,USD,373.26
1868,2024-11-22,Felipe Oliveira,Livros,1839.95,BRL,1839.95
1869,2024-08-07,João Jesus,Livros,4137.77,BRL,4137.77
1870,2024-10-01,Sofia Duarte,Esporte,176.24,BRL,176.24
1871,2024-11-16,Karina Ferreira,Eletrônicos,246.80,BRL,246.80
1872,2023-10-29,Lucas Ferreira,Livros,4549.62,BRL,4549.62
1874,2024-01-24,Diego Esteves,Casa,4888.28,BRL,4888.28
1875,2023-09-16,Olívia Teixeira,Moda,3538.44,BRL,3538.44
1876,2024-12-10,João Henriques,Esporte,4689.45,BRL,4689.45
1877,2024-08-06,Isabela Lopes,Casa,3122.77,BRL,3122.77
1878,2024-11-28,Eduarda Pereira,Esporte,137.75,BRL,137.75
1879,2023-10-05,Isabela Barbosa,Livros,2770.51,USD,14084.16
1880,2024-09-09,Paulo Klein,Casa,2638.35,BRL,2638.35
1881,2023-11-22,Gabriela Henriques,Livros,1095.13,BRL,1095.13
1882,2023-06-19,Gabriela Jesus,Esporte,1925.19,BRL,1925.19
1883,2023-12-31,Sofia Teixeira,Eletrônicos,2849.74,BRL,2849.74
1886,2023-09-09,Karina Teixeira,Eletrônicos,3110.33,BRL,3110.33
1888,2024-06-09,Nuno Queiroz,Esporte,2714.64,BRL,2714.64
1889,2024-02-05,João Nogueira,Moda,4557.21,USD,22614.70
1890,2024-12-06,Mariana Esteves,Livros,1021.65,BRL,1021.65
1891,2023-02-04,Sofia Oliveira,Casa,4788.56,BRL,4788.56
1892,2024-04-03,Tiago Pereira,Casa,1407.77,BRL,1407.77
1893,2023-09-22,Olívia Santos,Não informado,2422.18,BRL,2422.18
1894,2024-03-18,Tiago Esteves,Moda,4764.13,USD,23779.20
1895,2023-01-05,Karina Pereira,Esporte,726.24,BRL,726.24
1897,2024-11-26,Olívia Pereira,Eletrônicos,143.85,BRL,143.85
1898,2024-08-28,Paulo Klein,Casa,3191.24,BRL,3191.24
1899,2024-12-25,João Almeida,Casa,627.05,BRL,627.05
1900,2023-03-07,Vitória Ribeiro,Moda,876.43,BRL,876.43
1901,2023-06-13,Tiago Almeida,Não informado,4307.73,USD,20856.74
1902,2024-04-09,Paulo Carvalho,Casa,55.08,BRL,55.08
1903,2024-03-26,Paulo Pereira,Livros,1936.19,BRL,1936.19
1904,2024-10-18,Nuno Klein,Casa,1451.48,BRL,1451.48
1906,2023-03-05,Paulo Esteves,Livros,456.67,BRL,456.67
1907,2023-03-22,Diego Ribeiro,Eletrônicos,1728.42,BRL,1728.42
1908,2024-04-13,Lucas Pereira,Esporte,4399.99,BRL,4399.99
1909,2024-03-18,Henrique Gomes,Esporte,3727.09,BRL,3727.09
1910,2023-05-06,Tiago Duarte,Livros,2362.70,BRL,2362.70
1911,2024-01-06,Paulo Teixeira,Livros,4932.30,BRL,4932.30
1912,2024-11-26,Vitória Lopes,Moda,2281.39,BRL,2281.39
1913,2024-01-27,João Jesus,Moda,1100.69,BRL,1100.69
1914,2023-11-27,Sofia Carvalho,Eletrônicos,2983.96,BRL,2983.96
1915,2023-02-20,Lucas Almeida,Esporte,4276.87,BRL,4276.87
1916,2023-03-30,Vitória Almeida,Eletrônicos,3518.24,BRL,3518.24
1917,2024-03-27,Olívia Esteves,Livros,4634.29,BRL,4634.29
1918,2024-08-13,Eduarda Vasconcelos,Livros,1741.40,BRL,1741.40
1919,2024-07-06,Karina Ribeiro,Casa,4424.24,BRL,4424.24
1920,2024-03-28,Henrique Teixeira,Casa,1453.00,USD,7252.36
1921,2024-11-20,Carla Barbosa,Não informado,1981.04,BRL,1981.04
1922,2024-03-04,Isabela Esteves,Eletrônicos,4599.92,USD,22959.58
1923,2024-04-01,Karina Queiroz,Esporte,1105.58,BRL,1105.58
1924,2024-03-10,Paulo Pereira,Casa,844.93,USD,4217.30
1925,2023-10-21,Lucas Oliveira,Esporte,3678.78,BRL,3678.78
1926,2024-05-26,Mariana Martins,Esporte,2070.50,BRL,2070.50
1927,2024-08-06,Isabela Ribeiro,Moda,1643.42,BRL,1643.42
1928,2024-05-11,Bruno Jesus,Moda,3101.10,USD,15978.73
1929,2023-07-25,Eduarda Klein,Moda,183.90,BRL,183.90
1930,2024-03-18,Tiago Lopes,Eletrônicos,3302.28,BRL,3302.28
1931,2024-02-06,João Santos,Eletrônicos,2599.28,BRL,2599.28
1932,2024-03-13,Paulo Ferreira,Esporte,3893.95,BRL,3893.95
1933,2024-09-12,Paulo Barbosa,Casa,1219.68,BRL,1219.68
1934,2023-03-31,Mariana Ribeiro,Esporte,2608.80,BRL,2608.80
1935,2023-01-20,Vitória Martins,Livros,1162.84,BRL,1162.84
1936,2023-05-05,Gabriela Jesus,Esporte,1033.10,BRL,1033.10
1937,2023-06-11,Ana Carvalho,Eletrônicos,3142.71,USD,15216.06
1938,2024-11-26,Ana Teixeira,Eletrônicos,2981.49,USD,17269.68
1939,2024-05-12,Mariana Teixeira,Eletrônicos,3200.82,BRL,3200.82
1940,2023-11-13,Isabela Gomes,Esporte,382.03,BRL,382.03
1941,2023-05-17,Sofia Ferreira,Casa,3599.84,BRL,3599.84
1942,2023-06-21,Ana Almeida,Esporte,398.71,BRL,398.71
1943,2023-06-17,Diego Duarte,Esporte,4527.76,BRL,4527.76
1946,2023-10-15,Bruno Lopes,Não informado,2646.96,BRL,2646.96
1948,2023-01-08,Felipe Pereira,Esporte,2750.93,BRL,2750.93
1949,2023-01-29,Gabriela Nogueira,Eletrônicos,910.01,BRL,910.01
1950,2023-04-01,Mariana Jesus,Livros,4760.64,BRL,4760.64
1951,2023-09-10,Rafael Duarte,Eletrônicos,2045.77,BRL,2045.77
1952,2023-01-30,Bruno Teixeira,Eletrônicos,4498.58,USD,23398.91
1954,2024-05-29,Olívia Ferreira,Moda,3141.87,BRL,3141.87
1955,2024-06-25,Mariana Klein,Casa,1608.71,BRL,1608.71
1956,2024-02-19,Eduarda Queiroz,Moda,4695.66,BRL,4695.66
1957,2024-01-19,Gabriela Jesus,Casa,4345.45,USD,21373.96
1958,2024-10-30,Gabriela Jesus,Moda,2887.18,BRL,2887.18
1959,2024-10-02,Mariana Henriques,Casa,2050.73,BRL,2050.73
1960,2024-03-28,Olívia Gomes,Esporte,3232.15,BRL,3232.15
1961,2024-06-25,Isabela Queiroz,Moda,4789.18,USD,25692.51
1962,2023-11-04,Henrique Queiroz,Livros,4938.19,BRL,4938.19
1963,2024-09-01,Henrique Pereira,Esporte,2603.42,BRL,2603.42
1965,2024-09-27,Rafael Henriques,Eletrônicos,417.97,BRL,417.97
1966,2024-10-13,Olívia Ribeiro,Moda,1405.41,BRL,1405.41
1967,2023-03-11,Lucas Teixeira,Esporte,3548.53,BRL,3548.53
1968,2024-09-15,Tiago Henriques,Não informado,2356.24,BRL,2356.24
1969,2024-10-02,Lucas Teixeira,Casa,3863.17,BRL,3863.17
1970,2024-07-18,Vitória Nogueira,Eletrônicos,3388.33,BRL,3388.33
1971,2023-06-19,Mariana Klein,Casa,670.45,BRL,670.45
1972,2023-06-11,Henrique Queiroz,Esporte,2097.96,BRL,2097.96
1973,2023-12-28,Eduarda Lopes,Moda,4149.81,BRL,4149.81
1974,2024-05-06,Felipe Vasconcelos,Livros,1998.64,BRL,1998.64
1975,2023-02-08,Bruno Santos,Eletrônicos,1428.33,BRL,1428.33
1977,2023-03-12,Paulo Ribeiro,Livros,4982.07,BRL,4982.07
1978,2024-01-29,Henrique Gomes,Moda,3256.84,USD,16019.42
1979,2024-04-27,Sofia Barbosa,Eletrônicos,4881.70,BRL,4881.70
1980,2023-11-15,João Lopes,Eletrônicos,3484.41,BRL,3484.41
1981,2023-08-29,Sofia Vasconcelos,Moda,429.41,BRL,429.41
1983,2024-03-06,Sofia Henriques,Casa,4458.66,BRL,4458.66
1984,2023-02-04,Lucas Ribeiro,Livros,919.81,BRL,919.81
1985,2023-11-04,Lucas Carvalho,Casa,2927.58,BRL,2927.58
1987,2024-05-14,Lucas Barbosa,Casa,3087.35,BRL,3087.35
1988,2023-02-28,João Carvalho,Eletrônicos,4255.20,BRL,4255.20
1989,2024-12-02,Mariana Jesus,Casa,912.07,BRL,912.07
1990,2023-12-13,Lucas Barbosa,Livros,3717.96,BRL,3717.96
1991,2023-02-14,Nuno Henriques,Livros,1581.26,BRL,1581.26
1992,2023-03-18,Lucas Nogueira,Eletrônicos,3550.20,USD,18548.37
1993,2023-11-08,Tiago Ribeiro,Livros,1137.54,BRL,1137.54
1994,2024-07-30,Nuno Jesus,Eletrônicos,2939.69,BRL,2939.69
1996,2023-12-28,Lucas Nogueira,Casa,29.20,BRL,29.20
1997,2023-06-28,João Nogueira,Casa,2077.05,BRL,2077.05
1998,2024-11-19,Tiago Lopes,Livros,1015.08,BRL,1015.08
1999,2023-08-03,Nuno Nogueira,Livros,892.17,BRL,892.17
2000,2024-12-01,Bruno Ferreira,Esporte,1108.87,BRL,1108.87
2001,2024-04-03,Karina Oliveira,Eletrônicos,4144.25,BRL,4144.25
2002,2023-06-05,Vitória Klein,Esporte,4780.92,BRL,4780.92
2003,2023-10-02,Henrique Nogueira,Livros,705.35,BRL,705.35
2004,2024-12-26,Ana Esteves,Esporte,3360.39,BRL,3360.39
2005,2023-09-01,Sofia Oliveira,Casa,3540.29,BRL,3540.29
2006,2024-12-14,Lucas Teixeira,Livros,1437.83,BRL,1437.83
2007,2023-02-12,Olívia Esteves,Não informado,4516.94,BRL,4516.94
2008,2024-08-14,Mariana Queiroz,Moda,2229.62,BRL,2229.62
2009,2024-10-06,Lucas Nogueira,Casa,984.78,BRL,984.78
2011,2023-06-14,Diego Esteves,Moda,1374.82,USD,6656.47
2012,2024-01-31,Karina Vasconcelos,Eletrônicos,4830.59,BRL,4830.59
2013,2023-11-13,João Henriques,Esporte,3029.18,USD,14914.17
2014,2023-01-14,Eduarda Santos,Moda,4515.98,USD,23489.42
2015,2023-03-06,Karina Teixeira,Esporte,1156.48,BRL,1156.48
2016,2024-10-09,Felipe Ribeiro,Casa,3909.07,BRL,3909.07
2017,2024-12-17,Ana Ribeiro,Moda,3328.56,BRL,3328.56
2018,2023-01-05,Lucas Klein,Esporte,544.89,BRL,544.89
2019,2024-12-22,Sofia Santos,Eletrônicos,4850.24,USD,29338.62
2020,2023-08-03,Mariana Pereira,Livros,2370.78,BRL,2370.78
2021,2023-09-22,Diego Klein,Livros,1515.86,BRL,1515.86
2022,2024-09-10,Bruno Duarte,Casa,578.64,USD,3170.02
2023,2024-05-21,Lucas Barbosa,Esporte,1063.11,BRL,1063.11
2024,2024-10-02,Lucas Nogueira,Moda,1235.85,BRL,1235.85
2025,2023-12-12,Rafael Esteves,Esporte,847.37,BRL,847.37
2026,2023-06-14,Rafael Nogueira,Livros,4030.23,BRL,4030.23
2027,2024-03-30,Felipe Oliveira,Esporte,3060.69,USD,15276.82
2028,2024-06-06,Ana Nogueira,Moda,4558.03,BRL,4558.03
2032,2024-04-23,Gabriela Nogueira,Livros,228.43,BRL,228.43
2033,2023-11-16,Rafael Klein,Livros,4992.73,BRL,4992.73
2034,2024-01-20,Eduarda Ribeiro,Casa,3184.92,USD,15665.67
2036,2024-03-28,Karina Gomes,Esporte,4508.68,BRL,4508.68
2037,2023-08-15,Eduarda Carvalho,Eletrônicos,4485.70,BRL,4485.70
2038,2023-01-16,Felipe Vasconcelos,Eletrônicos,3749.39,BRL,3749.39
2039,2023-03-24,Tiago Lopes,Eletrônicos,905.05,BRL,905.05
2040,2024-08-23,Lucas Esteves,Livros,4079.59,USD,22636.83
2041,2023-10-13,Vitória Carvalho,Esporte,3756.22,BRL,3756.22
2042,2024-06-01,João Barbosa,Moda,2988.06,BRL,2988.06
2043,2024-10-17,Diego Klein,Moda,1609.84,USD,9017.52
2044,2023-01-29,Diego Santos,Moda,278.74,USD,1449.84
2045,2023-01-11,Isabela Martins,Esporte,1660.78,BRL,1660.78
2047,2023-05-16,Tiago Klein,Não informado,1837.35,BRL,1837.35
2048,2024-03-16,João Santos,Moda,2359.48,BRL,2359.48
2049,2024-09-16,Rafael Henriques,Moda,3706.91,BRL,3706.91
2050,2023-08-31,Ana Carvalho,Esporte,2286.87,BRL,2286.87
2051,2024-09-22,Nuno Pereira,Esporte,4302.86,BRL,4302.86
2052,2023-12-18,Mariana Santos,Esporte,1480.46,BRL,1480.46
2053,2024-12-31,Diego Ribeiro,Esporte,3599.42,USD,21772.53
2054,2023-02-02,Karina Pereira,Livros,1937.03,BRL,1937.03
2055,2024-07-29,Sofia Ribeiro,Moda,3197.44,BRL,3197.44
2056,2023-03-05,Isabela Gomes,Livros,4854.32,BRL,4854.32
2058,2024-03-31,Vitória Queiroz,Livros,2525.89,BRL,2525.89
2059,2024-08-12,Vitória Esteves,Casa,990.36,BRL,990.36
2060,2024-07-27,Henrique Queiroz,Eletrônicos,3728.61,BRL,3728.61
2062,2024-05-21,Eduarda Queiroz,Eletrônicos,2886.13,BRL,2886.13
2063,2023-06-11,Vitória Almeida,Moda,3601.31,BRL,3601.31
2064,2023-03-15,Henrique Teixeira,Esporte,647.82,BRL,647.82
2065,2024-03-22,Mariana Duarte,Casa,1301.35,USD,6495.43
2066,2024-03-18,Nuno Nogueira,Casa,909.96,BRL,909.96
2067,2024-05-27,Carla Pereira,Eletrônicos,4834.77,BRL,4834.77
2068,2024-10-31,João Martins,Casa,75.34,USD,422.02
2069,2023-10-01,Eduarda Gomes,Esporte,2954.22,BRL,2954.22
2070,2024-01-28,Karina Martins,Eletrônicos,3780.56,BRL,3780.56
2071,2023-06-26,Gabriela Jesus,Casa,3351.11,BRL,3351.11
2072,2023-06-02,Nuno Lopes,Moda,214.71,BRL,214.71
2073,2023-10-07,Sofia Vasconcelos,Casa,4324.49,BRL,4324.49
2075,2023-10-17,Ana Lopes,Esporte,260.02,BRL,260.02
2076,2024-08-27,Felipe Duarte,Eletrônicos,4449.85,BRL,4449.85
2077,2024-12-23,Lucas Teixeira,Moda,4046.63,BRL,4046.63
2079,2024-06-08,Gabriela Almeida,Esporte,4636.11,BRL,4636.11
2080,2024-07-31,Gabriela Esteves,Moda,4894.37,BRL,4894.37
2081,2024-01-07,Karina Santos,Esporte,1016.11,BRL,1016.11
2083,2023-05-26,Nuno Ferreira,Livros,1715.07,USD,8520.98
2085,2023-01-19,Mariana Teixeira,Livros,4969.03,BRL,4969.03
2086,2024-06-25,Nuno Pereira,Eletrônicos,3727.78,BRL,3727.78
2087,2023-09-10,Sofia Ferreira,Eletrônicos,3932.72,BRL,3932.72
2088,2024-09-22,Isabela Esteves,Livros,1275.90,BRL,1275.90
2089,2023-10-16,Nuno Barbosa,Livros,3833.20,BRL,3833.20
2090,2023-12-06,Tiago Santos,Esporte,298.62,BRL,298.62
2091,2023-02-25,Karina Klein,Livros,4751.32,BRL,4751.32
2092,2024-03-20,Nuno Carvalho,Esporte,1653.19,BRL,1653.19
2093,2024-10-07,Vitória Jesus,Livros,999.30,BRL,999.30
2094,2024-04-20,Paulo Santos,Moda,2759.11,USD,14178.79
2095,2023-11-24,Paulo Lopes,Eletrônicos,508.62,BRL,508.62
2096,2024-05-10,Isabela Ferreira,Livros,4879.28,BRL,4879.28
2097,2023-12-20,Diego Teixeira,Casa,1043.96,BRL,1043.96
2098,2023-05-14,Karina Santos,Casa,3241.66,BRL,3241.66
2100,2023-05-03,Felipe Klein,Casa,3916.71,BRL,3916.71
2101,2024-01-07,Olívia Nogueira,Casa,486.03,BRL,486.03
2102,2024-03-01,Carla Ferreira,Eletrônicos,1197.63,BRL,1197.63
2103,2023-02-09,Carla Vasconcelos,Livros,326.93,BRL,326.93
2104,2024-12-30,Bruno Klein,Esporte,4319.62,BRL,4319.62
2105,2023-06-13,Felipe Vasconcelos,Esporte,1686.10,BRL,1686.10
2106,2024-09-07,Karina Klein,Moda,3290.46,USD,18026.46
2107,2023-01-21,Henrique Oliveira,Esporte,694.11,USD,3610.34
2108,2023-03-29,Lucas Lopes,Moda,2742.45,USD,14328.20
2109,2024-12-31,Henrique Henriques,Moda,537.08,BRL,537.08
2110,2023-11-14,Paulo Jesus,Casa,2608.64,USD,12843.64
2111,2023-11-20,João Martins,Casa,72.37,BRL,72.37
2112,2024-05-26,Tiago Gomes,Esporte,3932.51,BRL,3932.51
2113,2023-08-23,Paulo Teixeira,Moda,589.72,USD,2891.87
2114,2023-11-17,Felipe Duarte,Eletrônicos,669.99,BRL,669.99
2115,2024-05-13,Nuno Nogueira,Não informado,1598.69,BRL,1598.69
2116,2023-07-29,Rafael Ribeiro,Livros,3405.54,BRL,3405.54
2117,2024-09-07,Carla Oliveira,Esporte,2393.59,BRL,2393.59
2118,2023-03-16,Vitória Carvalho,Esporte,2970.65,BRL,2970.65
2119,2023-01-13,Lucas Duarte,Livros,3651.44,USD,18992.60
2120,2023-05-18,Henrique Henriques,Eletrônicos,1026.57,BRL,1026.57
2121,2023-01-21,Felipe Ribeiro,Eletrônicos,2808.89,BRL,2808.89
2123,2023-11-30,Ana Barbosa,Casa,719.44,BRL,719.44
2124,2024-03-28,Felipe Esteves,Moda,1202.94,BRL,1202.94
2125,2024-03-28,Karina Santos,Esporte,190.68,BRL,190.68
2126,2024-02-06,Paulo Esteves,Moda,2277.62,USD,11302.46
2127,2024-07-01,Mariana Santos,Livros,4327.08,BRL,4327.08
2128,2024-08-10,Carla Henriques,Livros,4146.96,BRL,4146.96
2129,2024-06-12,Nuno Pereira,Esporte,4671.91,BRL,4671.91
2130,2023-10-25,Ana Lopes,Livros,79.34,BRL,79.34
2131,2024-07-07,Karina Ribeiro,Moda,3924.44,BRL,3924.44
2132,2023-11-07,Diego Nogueira,Esporte,590.41,BRL,590.41
2133,2024-11-01,Bruno Barbosa,Casa,2776.98,BRL,2776.98
2134,2023-09-05,Lucas Ribeiro,Moda,2028.72,BRL,2028.72
2135,2023-08-15,Carla Klein,Moda,3044.55,BRL,3044.55
2136,2024-07-17,Sofia Oliveira,Moda,2884.64,USD,15955.52
2137,2023-04-29,Nuno Santos,Eletrônicos,1484.04,BRL,1484.04
2138,2023-06-07,Henrique Duarte,Casa,2512.33,BRL,2512.33
2139,2024-08-21,Paulo Jesus,Esporte,2267.23,BRL,2267.23
2140,2024-01-27,Carla Jesus,Casa,4242.99,BRL,4242.99
2141,2024-02-29,João Martins,Esporte,3656.11,BRL,3656.11
2142,2024-03-30,Mariana Lopes,Casa,32.00,BRL,32.00
2143,2024-03-21,Gabriela Martins,Moda,1003.06,USD,5006.57
2144,2023-01-10,Lucas Jesus,Casa,1851.17,BRL,1851.17
2145,2023-03-15,Gabriela Gomes,Moda,544.30,BRL,544.30
2146,2024-03-15,Nuno Vasconcelos,Esporte,4224.87,BRL,4224.87
2147,2023-10-02,Gabriela Carvalho,Livros,4333.46,USD,22029.58
2149,2023-07-13,Karina Duarte,Eletrônicos,804.21,BRL,804.21
2150,2024-10-21,Gabriela Carvalho,Casa,2429.90,BRL,2429.90
2152,2024-09-11,Karina Duarte,Esporte,2142.30,BRL,2142.30
2156,2023-07-01,Bruno Queiroz,Não informado,1436.68,BRL,1436.68
2157,2023-06-25,Felipe Pereira,Eletrônicos,3926.85,USD,19012.63
2158,2024-11-17,Henrique Santos,Casa,3210.93,BRL,3210.93
2159,2024-08-10,Isabela Oliveira,Livros,4213.65,BRL,4213.65
2160,2024-05-26,Bruno Vasconcelos,Moda,3971.31,BRL,3971.31
2164,2023-06-11,Henrique Martins,Eletrônicos,1333.05,BRL,1333.05
2165,2023-04-11,Nuno Lopes,Eletrônicos,2239.34,BRL,2239.34
2166,2024-11-29,Vitória Queiroz,Casa,4564.25,BRL,4564.25
2167,2023-04-12,Diego Lopes,Eletrônicos,802.68,BRL,802.68
2168,2023-07-28,Paulo Jesus,Eletrônicos,4524.47,BRL,4524.47
2169,2024-05-19,Carla Pereira,Não informado,202.99,BRL,202.99
2170,2024-04-10,Henrique Lopes,Livros,172.52,BRL,172.52
2171,2023-02-28,Olívia Santos,Moda,1414.84,BRL,1414.84
2173,2024-09-03,Diego Lopes,Moda,4229.74,USD,23172.21
2175,2024-03-11,Henrique Duarte,Eletrônicos,246.51,BRL,246.51
2176,2024-06-23,Ana Jesus,Casa,2451.96,BRL,2451.96
2177,2024-03-18,Paulo Barbosa,Livros,1826.38,BRL,1826.38
2178,2023-01-19,Diego Ribeiro,Livros,108.77,BRL,108.77
2180,2023-10-03,Mariana Ferreira,Esporte,4884.85,USD,24832.62
2181,2024-08-19,Eduarda Santos,Moda,2501.33,BRL,2501.33
2182,2023-06-29,Diego Jesus,Casa,959.10,BRL,959.10
2184,2023-12-04,Eduarda Lopes,Eletrônicos,4244.10,BRL,4244.10
2185,2023-08-04,Lucas Pereira,Esporte,3927.87,BRL,3927.87
2186,2024-05-01,Lucas Barbosa,Casa,4163.93,BRL,4163.93
2187,2023-02-04,Henrique Ribeiro,Livros,4157.36,BRL,4157.36
2188,2023-06-23,Diego Oliveira,Esporte,3093.35,BRL,3093.35
2189,2024-07-11,Henrique Santos,Não informado,3256.43,BRL,3256.43
2190,2024-02-10,Lucas Lopes,Livros,1617.56,USD,8026.98
2191,2024-11-14,Rafael Almeida,Moda,1623.23,BRL,1623.23
2192,2024-06-11,Lucas Henriques,Casa,4251.30,BRL,4251.30
2193,2024-12-15,Henrique Carvalho,Eletrônicos,4945.27,BRL,4945.27
2194,2023-02-28,Paulo Vasconcelos,Livros,1071.52,BRL,1071.52
2195,2023-02-16,Diego Nogueira,Casa,2168.87,USD,11241.25
2196,2024-08-12,Ana Lopes,Moda,3185.29,BRL,3185.29
2197,2024-09-11,Henrique Lopes,Casa,4014.27,BRL,4014.27
2199,2024-11-12,Paulo Jesus,Não informado,3651.38,USD,21149.89
2200,2023-08-18,Carla Klein,Casa,2403.67,BRL,2403.67
2201,2023-01-14,João Barbosa,Não informado,1806.33,BRL,1806.33
2202,2024-01-05,João Santos,Moda,2228.05,USD,10959.11
2203,2023-06-24,Diego Nogueira,Casa,3015.64,BRL,3015.64
2204,2024-12-01,Paulo Nogueira,Eletrônicos,3888.13,BRL,3888.13
2205,2023-09-18,Isabela Nogueira,Casa,4513.85,BRL,4513.85
2206,2023-09-05,Eduarda Jesus,Casa,3556.26,BRL,3556.26
2207,2024-08-12,Ana Almeida,Casa,1289.91,BRL,1289.91
2209,2023-06-01,Tiago Duarte,Livros,1546.55,BRL,1546.55
2210,2023-07-14,Felipe Nogueira,Moda,583.65,BRL,583.65
2211,2024-08-11,Lucas Oliveira,Moda,4123.88,BRL,4123.88
2212,2023-02-04,Olívia Pereira,Eletrônicos,3491.39,BRL,3491.39
2213,2023-11-25,Karina Esteves,Moda,3735.88,BRL,3735.88
2214,2023-08-04,Karina Jesus,Eletrônicos,2834.55,USD,13900.07
2215,2023-05-27,Tiago Lopes,Esporte,4954.08,BRL,4954.08
2216,2024-09-16,Felipe Pereira,Casa,4811.86,BRL,4811.86
2217,2024-05-04,Olívia Ribeiro,Casa,4973.98,BRL,4973.98
2218,2023-12-18,Lucas Barbosa,Esporte,2411.65,BRL,2411.65
2220,2024-09-17,Diego Ferreira,Casa,4953.78,BRL,4953.78
2221,2023-03-26,Ana Gomes,Esporte,1849.42,USD,9662.48
2222,2023-07-13,Gabriela Queiroz,Casa,1226.52,BRL,1226.52
2224,2024-12-20,Olívia Esteves,Esporte,4426.67,BRL,4426.67
2225,2024-03-29,Paulo Queiroz,Esporte,109.58,USD,546.95
2226,2023-10-16,Karina Queiroz,Esporte,3527.01,BRL,3527.01
2227,2023-02-27,Felipe Oliveira,Esporte,4004.99,BRL,4004.99
2228,2024-01-14,Henrique Carvalho,Livros,4934.77,BRL,4934.77
2230,2024-07-18,Felipe Ferreira,Casa,1918.27,BRL,1918.27
2231,2023-10-05,Sofia Barbosa,Livros,3934.35,USD,20000.66
2232,2024-10-04,Eduarda Queiroz,Moda,4635.23,BRL,4635.23
2233,2024-01-21,Paulo Martins,Não informado,2015.08,USD,9911.57
2234,2024-05-18,Isabela Duarte,Moda,1514.17,BRL,1514.17
2235,2023-12-05,Paulo Barbosa,Livros,1643.58,BRL,1643.58
2236,2023-09-24,Mariana Queiroz,Eletrônicos,237.12,BRL,237.12
2237,2024-09-24,Olívia Barbosa,Casa,1487.80,BRL,1487.80
2238,2023-03-21,Henrique Oliveira,Livros,2347.77,BRL,2347.77
2239,2023-01-15,Olívia Martins,Eletrônicos,4496.72,USD,23389.24
2240,2024-05-09,Bruno Oliveira,Moda,4140.53,USD,21334.49
2241,2024-04-08,Lucas Vasconcelos,Moda,3446.10,BRL,3446.10
2242,2024-04-21,Mariana Teixeira,Esporte,3361.74,USD,17275.65
2243,2023-06-02,Bruno Carvalho,Moda,1219.65,BRL,1219.65
2244,2024-01-23,Nuno Oliveira,Esporte,4300.19,BRL,4300.19
2245,2024-05-14,Eduarda Barbosa,Moda,2756.31,USD,14202.16
2246,2024-10-27,Paulo Duarte,Esporte,603.77,BRL,603.77
2247,2024-12-29,Tiago Henriques,Eletrônicos,4185.12,BRL,4185.12
2248,2024-11-30,Lucas Vasconcelos,Casa,4736.16,BRL,4736.16
2249,2023-09-27,Gabriela Almeida,Eletrônicos,4273.33,USD,21141.02
2250,2023-01-01,Felipe Queiroz,Livros,2232.67,BRL,2232.67
2251,2023-12-04,Olívia Carvalho,Livros,3877.07,BRL,3877.07
2252,2024-06-09,Carla Klein,Eletrônicos,1305.96,USD,7006.08
2253,2023-06-07,Vitória Esteves,Livros,2250.90,BRL,2250.90
2254,2024-01-20,Lucas Oliveira,Eletrônicos,4240.46,BRL,4240.46
2255,2023-08-16,Mariana Teixeira,Moda,3395.68,BRL,3395.68
2257,2023-08-22,Bruno Esteves,Casa,2599.80,BRL,2599.80
2258,2023-06-07,Isabela Almeida,Não informado,2739.83,BRL,2739.83
2260,2023-07-14,Bruno Teixeira,Eletrônicos,1486.77,BRL,1486.77
2262,2024-06-20,Felipe Queiroz,Casa,3365.78,USD,18056.40
2263,2024-11-12,Olívia Vasconcelos,Moda,3629.15,BRL,3629.15
2264,2023-10-06,Sofia Henriques,Livros,3465.69,BRL,3465.69
2266,2024-10-19,Henrique Pereira,Livros,135.04,BRL,135.04
2267,2023-06-21,Diego Queiroz,Livros,1391.86,BRL,1391.86
2268,2024-10-26,Paulo Oliveira,Eletrônicos,2213.35,BRL,2213.35
2269,2023-04-30,Paulo Ribeiro,Livros,3325.97,BRL,3325.97
2271,2024-11-18,Gabriela Henriques,Moda,1963.13,BRL,1963.13
2272,2023-03-30,Lucas Nogueira,Casa,1019.56,BRL,1019.56
2274,2024-11-12,Karina Klein,Casa,2382.83,USD,13802.07
2275,2023-06-10,Ana Lopes,Moda,4670.06,BRL,4670.06
2276,2024-02-14,Diego Barbosa,Eletrônicos,4539.31,BRL,4539.31
2277,2023-06-30,Olívia Oliveira,Casa,2080.74,BRL,2080.74
2278,2024-11-19,Carla Carvalho,Eletrônicos,977.11,BRL,977.11
2279,2023-11-21,Felipe Barbosa,Eletrônicos,3950.22,USD,19448.91
2280,2023-01-21,Henrique Esteves,Livros,1450.23,BRL,1450.23
2281,2024-05-25,João Barbosa,Livros,3826.51,BRL,3826.51
2282,2023-04-16,Ana Oliveira,Eletrônicos,884.98,BRL,884.98
2283,2024-06-02,Vitória Queiroz,Eletrônicos,2587.71,USD,13882.29
2284,2023-09-25,Lucas Nogueira,Eletrônicos,1038.50,BRL,1038.50
2285,2023-12-03,João Henriques,Livros,4286.40,BRL,4286.40
2286,2023-03-15,João Esteves,Esporte,2776.46,BRL,2776.46
2287,2024-01-15,Ana Nogueira,Livros,4658.80,BRL,4658.80
2289,2023-07-19,Diego Ribeiro,Casa,1137.86,BRL,1137.86
2290,2023-01-19,Lucas Duarte,Esporte,4263.40,BRL,4263.40
2291,2024-10-25,Henrique Carvalho,Moda,1926.51,BRL,1926.51
2292,2023-01-21,Felipe Queiroz,Casa,4084.88,BRL,4084.88
2293,2023-08-21,Bruno Oliveira,Esporte,2489.24,BRL,2489.24
2294,2024-05-24,Mariana Ferreira,Esporte,401.85,BRL,401.85
2295,2024-04-01,Diego Klein,Casa,592.70,BRL,592.70
2296,2024-10-10,Gabriela Santos,Esporte,2475.40,USD,13865.95
2297,2023-03-02,Diego Santos,Eletrônicos,973.35,USD,5085.36
2298,2024-03-15,Carla Vasconcelos,Livros,4842.80,BRL,4842.80
2299,2024-04-09,João Pereira,Livros,713.33,BRL,713.33
2300,2023-06-05,Bruno Vasconcelos,Livros,2435.91,BRL,2435.91
2301,2023-01-13,João Ferreira,Eletrônicos,4456.10,USD,23177.96
2302,2023-02-21,Diego Nogueira,Moda,2888.76,USD,14972.44
2303,2024-08-31,João Oliveira,Esporte,2316.19,USD,12852.08
2304,2024-05-16,João Queiroz,Esporte,3892.07,USD,20054.28
2306,2023-06-05,Carla Carvalho,Livros,1399.23,BRL,1399.23
2307,2023-05-02,Olívia Carvalho,Casa,4054.17,USD,20142.33
2308,2024-09-17,Diego Ribeiro,Moda,1392.98,USD,7631.30
2309,2023-12-03,Henrique Vasconcelos,Moda,4328.68,USD,21215.29
2311,2024-04-25,Ana Lopes,Casa,1289.30,BRL,1289.30
2313,2024-09-16,Lucas Ribeiro,Moda,431.92,BRL,431.92
2314,2024-05-12,Paulo Barbosa,Esporte,877.82,BRL,877.82
2315,2024-06-19,Diego Duarte,Casa,3366.85,BRL,3366.85
2316,2023-07-29,Ana Ribeiro,Esporte,850.59,BRL,850.59
2317,2023-12-24,Paulo Teixeira,Casa,1002.17,USD,4911.74
2319,2023-06-11,Lucas Ribeiro,Moda,2701.11,BRL,2701.11
2320,2023-01-21,Lucas Gomes,Livros,1517.32,BRL,1517.32
2321,2024-06-05,Nuno Gomes,Eletrônicos,2372.72,BRL,2372.72
2322,2023-03-19,Eduarda Henriques,Esporte,3743.04,BRL,3743.04
2323,2024-01-28,Felipe Esteves,Não informado,3928.13,BRL,3928.13
2324,2023-05-05,Bruno Pereira,Livros,3267.23,BRL,3267.23
2325,2024-01-26,Tiago Ribeiro,Livros,3510.74,BRL,3510.74
2326,2024-10-28,Felipe Lopes,Esporte,1608.75,USD,9011.41
2327,2024-01-28,Rafael Carvalho,Eletrônicos,4571.23,BRL,4571.23
2328,2024-06-01,Isabela Gomes,Livros,4296.37,USD,23048.74
2329,2024-08-24,Rafael Barbosa,Moda,3859.48,BRL,3859.48
2330,2023-05-05,Bruno Carvalho,Livros,3467.95,BRL,3467.95
2333,2023-08-19,Bruno Almeida,Eletrônicos,1632.40,BRL,1632.40
2334,2023-01-31,Sofia Carvalho,Casa,4328.35,BRL,4328.35
2335,2023-02-19,Tiago Santos,Não informado,3454.95,BRL,3454.95
2336,2023-11-30,Bruno Klein,Esporte,4473.03,USD,22022.96
2337,2024-08-23,Eduarda Klein,Livros,2843.36,BRL,2843.36
2338,2024-01-06,Gabriela Henriques,Esporte,157.64,BRL,157.64
2339,2023-10-02,Ana Almeida,Casa,4212.98,BRL,4212.98
2340,2023-04-19,Vitória Almeida,Moda,2620.49,USD,13149.36
2342,2023-12-21,Sofia Queiroz,Moda,2786.83,BRL,2786.83
2343,2023-04-01,Eduarda Queiroz,Esporte,340.69,BRL,340.69
2344,2024-03-12,Lucas Klein,Casa,2255.91,USD,11259.92
2345,2024-06-18,Nuno Klein,Moda,579.28,BRL,579.28
2346,2023-07-12,Carla Pereira,Moda,4631.07,BRL,4631.07
2347,2024-07-21,Diego Pereira,Moda,150.85,BRL,150.85
2348,2023-04-22,Bruno Nogueira,Casa,1892.16,BRL,1892.16
2349,2024-10-26,João Henriques,Esporte,97.64,BRL,97.64
2350,2023-09-02,Eduarda Lopes,Moda,3629.76,BRL,3629.76
2351,2023-02-06,Felipe Ribeiro,Esporte,1707.13,BRL,1707.13
2353,2023-02-05,Paulo Klein,Casa,2193.24,USD,11367.56
2354,2023-09-09,Karina Martins,Livros,833.98,BRL,833.98
2355,2023-02-13,Vitória Carvalho,Eletrônicos,4031.84,BRL,4031.84
2356,2024-08-14,Olívia Nogueira,Esporte,1783.61,USD,9896.90
2357,2023-09-14,Gabriela Pereira,Eletrônicos,1450.11,BRL,1450.11
2358,2023-10-21,Felipe Almeida,Casa,1159.89,BRL,1159.89
2359,2023-07-18,Diego Nogueira,Casa,3192.03,BRL,3192.03
2360,2024-11-14,Rafael Duarte,Livros,3964.36,BRL,3964.36
2363,2023-04-25,Mariana Klein,Casa,3457.66,BRL,3457.66
2364,2024-05-14,Sofia Duarte,Casa,1837.49,BRL,1837.49
2365,2023-11-15,Paulo Ribeiro,Eletrônicos,2370.42,BRL,2370.42
2366,2023-03-18,Rafael Henriques,Moda,2844.67,BRL,2844.67
2367,2024-06-13,Nuno Teixeira,Esporte,2592.02,BRL,2592.02
2370,2024-05-06,Eduarda Pereira,Livros,4381.62,BRL,4381.62
2371,2023-10-26,Nuno Teixeira,Moda,1233.22,BRL,1233.22
2372,2024-05-08,Rafael Martins,Esporte,2687.32,BRL,2687.32
2373,2024-09-26,Mariana Barbosa,Casa,1961.44,BRL,1961.44
2374,2023-03-15,Diego Almeida,Livros,1472.57,USD,7693.59
2375,2024-09-17,Sofia Almeida,Livros,2077.28,USD,11380.17
2376,2023-07-31,Henrique Esteves,Eletrônicos,924.16,BRL,924.16
2377,2024-07-22,Ana Queiroz,Eletrônicos,1699.77,BRL,1699.77
2378,2024-03-17,Diego Oliveira,Eletrônicos,1904.32,USD,9505.03
2379,2023-10-28,Mariana Vasconcelos,Casa,1977.68,BRL,1977.68
2380,2023-06-11,João Vasconcelos,Livros,3526.20,USD,17072.80
2382,2023-06-11,Vitória Gomes,Esporte,4697.78,BRL,4697.78
2383,2023-02-11,Karina Nogueira,Esporte,3209.69,USD,16635.82
2384,2023-02-23,Henrique Nogueira,Livros,4025.80,BRL,4025.80
2385,2023-03-23,Paulo Lopes,Livros,4189.82,USD,21890.13
2386,2024-06-25,Tiago Pereira,Casa,2444.25,BRL,2444.25
2388,2024-01-06,Karina Esteves,Livros,3252.48,BRL,3252.48
2389,2023-01-08,Sofia Ferreira,Eletrônicos,3451.68,BRL,3451.68
2390,2023-07-15,Vitória Gomes,Esporte,4742.98,BRL,4742.98
2391,2023-04-05,Paulo Queiroz,Livros,4256.35,BRL,4256.35
2392,2023-07-22,Nuno Esteves,Esporte,2023.49,BRL,2023.49
2393,2023-09-12,Tiago Lopes,Moda,2712.97,USD,13421.61
2395,2023-11-20,João Almeida,Eletrônicos,3453.04,BRL,3453.04
2396,2024-08-07,Gabriela Henriques,Casa,790.11,BRL,790.11
2397,2024-08-12,Lucas Barbosa,Casa,3188.18,BRL,3188.18
2398,2024-03-14,Lucas Klein,Eletrônicos,1416.27,BRL,1416.27
2399,2024-09-24,Rafael Vasconcelos,Casa,1711.05,BRL,1711.05
2400,2024-03-08,Ana Queiroz,Esporte,1432.60,BRL,1432.60
2401,2023-04-01,Karina Almeida,Esporte,3795.11,BRL,3795.11
2402,2024-03-17,Vitória Martins,Livros,25.17,BRL,25.17
2403,2023-05-11,Karina Jesus,Eletrônicos,3775.09,BRL,3775.09
2404,2023-07-13,Bruno Henriques,Moda,1953.62,USD,9401.80
2405,2023-06-01,João Vasconcelos,Livros,3462.66,BRL,3462.66
2406,2023-03-23,Rafael Ribeiro,Livros,4404.94,BRL,4404.94
2407,2023-01-13,Carla Santos,Livros,3838.25,BRL,3838.25
2408,2024-11-16,Mariana Pereira,Não informado,514.85,USD,2982.17
2409,2023-02-02,Bruno Queiroz,Moda,253.90,BRL,253.90
2411,2024-02-12,Felipe Vasconcelos,Eletrônicos,4639.57,BRL,4639.57
2412,2024-12-12,Lucas Ferreira,Livros,2727.08,BRL,2727.08
2413,2023-08-15,Karina Ferreira,Eletrônicos,1927.82,BRL,1927.82
2414,2024-02-12,Gabriela Esteves,Casa,2380.97,BRL,2380.97
2415,2023-06-18,Diego Santos,Eletrônicos,3309.61,USD,16024.14
2416,2024-02-05,Nuno Lopes,Casa,4433.37,BRL,4433.37
2417,2024-05-15,Carla Almeida,Esporte,3715.81,BRL,3715.81
2419,2024-12-26,Nuno Klein,Eletrônicos,421.56,USD,2549.97
2420,2023-06-29,Henrique Henriques,Esporte,4590.84,BRL,4590.84
2421,2023-04-20,Lucas Ribeiro,Não informado,319.03,BRL,319.03
2422,2024-12-20,Diego Almeida,Eletrônicos,4995.22,BRL,4995.22
2423,2024-04-07,Ana Pereira,Livros,2107.06,BRL,2107.06
2424,2023-12-10,Olívia Klein,Casa,2922.42,BRL,2922.42
2425,2024-01-31,Felipe Henriques,Eletrônicos,3238.80,BRL,3238.80
2427,2023-08-24,Rafael Klein,Moda,3423.04,BRL,3423.04
2428,2023-02-24,Gabriela Almeida,Esporte,2618.87,USD,13573.60
2430,2023-07-25,Rafael Henriques,Esporte,877.54,BRL,877.54
2431,2023-05-24,Gabriela Henriques,Moda,4754.99,BRL,4754.99
2432,2023-09-25,Olívia Oliveira,Moda,3061.42,BRL,3061.42
2434,2024-03-01,Sofia Pereira,Eletrônicos,251.24,BRL,251.24
2435,2024-01-07,Sofia Santos,Eletrônicos,1559.52,BRL,1559.52
2436,2023-02-03,João Pereira,Esporte,863.46,USD,4475.31
2437,2024-11-21,Olívia Queiroz,Livros,1937.73,BRL,1937.73
2439,2023-09-08,Isabela Lopes,Livros,2632.33,BRL,2632.33
2441,2024-05-05,Eduarda Barbosa,Moda,331.20,BRL,331.20
2442,2023-06-21,Isabela Carvalho,Eletrônicos,32.89,USD,159.24
2443,2023-06-08,Nuno Gomes,Moda,1016.88,BRL,1016.88
2444,2024-09-16,Henrique Henriques,Esporte,4462.39,BRL,4462.39
2445,2023-12-25,Sofia Queiroz,Eletrônicos,1373.59,BRL,1373.59
2446,2024-10-04,Bruno Ferreira,Esporte,1654.53,USD,9267.85
2448,2023-01-23,Paulo Ferreira,Eletrônicos,4013.96,BRL,4013.96
2449,2023-05-31,Vitória Esteves,Casa,3443.39,USD,17107.79
2450,2023-06-06,Felipe Klein,Casa,4865.03,USD,23555.02
2451,2024-01-04,Paulo Queiroz,Casa,1228.91,BRL,1228.91
2452,2024-11-21,Nuno Henriques,Livros,91.39,USD,529.36
2453,2024-03-19,Felipe Ribeiro,Livros,1747.87,BRL,1747.87
2454,2024-05-27,Felipe Nogueira,Esporte,894.99,USD,4611.53
2455,2023-09-29,Rafael Klein,Eletrônicos,195.30,BRL,195.30
2456,2024-06-19,Mariana Duarte,Livros,1641.55,BRL,1641.55
2457,2024-11-14,Olívia Carvalho,Eletrônicos,3491.01,BRL,3491.01
2458,2024-09-10,Diego Jesus,Livros,3029.55,BRL,3029.55
2459,2024-02-05,Carla Ribeiro,Livros,3375.29,BRL,3375.29
2461,2023-11-06,Vitória Martins,Livros,4202.22,BRL,4202.22
2462,2024-12-07,Tiago Klein,Moda,3588.93,BRL,3588.93
2463,2023-04-15,Felipe Pereira,Moda,645.08,BRL,645.08
2464,2023-03-18,Mariana Almeida,Livros,1053.70,BRL,1053.70
2465,2023-10-12,Mariana Ferreira,Esporte,1666.86,BRL,1666.86
2466,2023-04-08,Gabriela Nogueira,Casa,2688.62,BRL,2688.62
2468,2023-02-22,Bruno Martins,Moda,2554.85,BRL,2554.85
2469,2024-08-16,Bruno Martins,Livros,1027.86,BRL,1027.86
2470,2023-11-08,Lucas Almeida,Casa,3912.41,BRL,3912.41
2471,2024-05-23,Eduarda Ferreira,Casa,1210.30,USD,6236.19
2472,2023-09-05,Carla Carvalho,Moda,2001.06,USD,9899.64
2474,2024-11-06,Isabela Henriques,Esporte,1181.70,BRL,1181.70
2475,2024-12-14,Nuno Queiroz,Casa,2987.85,BRL,2987.85
2477,2024-08-24,Karina Vasconcelos,Esporte,2727.99,BRL,2727.99
2478,2023-06-14,Henrique Gomes,Eletrônicos,1702.10,USD,8241.06
2479,2024-12-04,Isabela Klein,Casa,790.89,BRL,790.89
2480,2024-12-15,Bruno Jesus,Moda,3220.08,BRL,3220.08
2481,2024-06-18,Tiago Martins,Eletrônicos,1714.51,BRL,1714.51
2483,2024-02-08,João Pereira,Casa,3704.17,BRL,3704.17
2485,2024-10-31,Carla Esteves,Livros,3933.23,BRL,3933.23
2486,2023-10-01,João Lopes,Moda,1139.80,BRL,1139.80
2488,2024-01-09,Carla Ferreira,Casa,2200.88,BRL,2200.88
2489,2023-08-27,Ana Pereira,Eletrônicos,1485.38,USD,7284.01
2490,2024-06-05,Tiago Almeida,Não informado,291.98,USD,1566.39
2491,2024-08-06,Ana Klein,Moda,446.10,BRL,446.10
2493,2023-03-15,Ana Teixeira,Casa,3432.07,BRL,3432.07
2495,2023-11-22,Diego Barbosa,Livros,742.03,USD,3653.38
2496,2024-03-23,Bruno Vasconcelos,Esporte,513.50,BRL,513.50
2497,2024-12-23,Bruno Almeida,Esporte,4309.05,BRL,4309.05
2498,2024-04-03,João Carvalho,Esporte,1792.17,USD,9209.78
2499,2024-12-27,Vitória Nogueira,Casa,368.79,USD,2230.77
2500,2024-05-19,Vitória Ribeiro,Livros,35.06,USD,180.65
2501,2023-08-13,Diego Martins,Moda,1938.57,BRL,1938.57
2503,2024-05-03,Paulo Gomes,Eletrônicos,1049.49,BRL,1049.49
2505,2023-02-06,Lucas Oliveira,Casa,3877.89,BRL,3877.89
2506,2024-08-21,Bruno Pereira,Esporte,4501.67,BRL,4501.67
2507,2024-03-29,Carla Duarte,Livros,4983.20,BRL,4983.20
2508,2023-12-29,Eduarda Ferreira,Eletrônicos,198.04,BRL,198.04
2509,2024-01-12,Karina Carvalho,Moda,700.19,BRL,700.19
2513,2023-07-04,João Oliveira,Casa,2946.38,BRL,2946.38
2514,2024-08-22,Isabela Martins,Esporte,2714.07,USD,15059.83
2515,2024-03-27,Mariana Barbosa,Eletrônicos,3695.27,BRL,3695.27
2516,2023-06-12,Tiago Ferreira,Esporte,1490.74,BRL,1490.74
2517,2024-02-17,Rafael Vasconcelos,Eletrônicos,3115.32,BRL,3115.32
2518,2024-07-24,Isabela Barbosa,Casa,1177.85,USD,6514.92
2519,2023-01-24,Isabela Klein,Livros,3971.59,BRL,3971.59
2520,2023-01-18,Vitória Duarte,Casa,4719.24,BRL,4719.24
2521,2023-03-14,Rafael Esteves,Casa,1012.24,BRL,1012.24
2522,2023-11-12,Eduarda Barbosa,Esporte,4015.78,BRL,4015.78
2523,2024-10-14,Mariana Barbosa,Livros,358.29,BRL,358.29
2524,2023-11-20,Carla Jesus,Moda,1522.26,BRL,1522.26
2525,2023-03-11,Mariana Almeida,Casa,4491.90,BRL,4491.90
2526,2024-09-06,Nuno Esteves,Moda,2402.60,BRL,2402.60
2527,2023-10-07,Ana Esteves,Moda,3861.32,BRL,3861.32
2528,2023-12-16,Isabela Almeida,Casa,4851.51,BRL,4851.51
2530,2024-11-01,Vitória Ferreira,Eletrônicos,3618.27,BRL,3618.27
2531,2023-08-19,Tiago Vasconcelos,Livros,1365.83,BRL,1365.83
2533,2023-04-17,Olívia Santos,Livros,2044.58,BRL,2044.58
2534,2024-05-22,João Almeida,Moda,2000.59,BRL,2000.59
2535,2024-08-14,Nuno Queiroz,Livros,1573.48,USD,8730.93
2536,2023-02-13,Olívia Duarte,Livros,2311.55,BRL,2311.55
2537,2023-01-27,Gabriela Klein,Moda,660.10,BRL,660.10
2538,2023-03-09,Tiago Lopes,Eletrônicos,149.41,BRL,149.41
2539,2023-11-01,Sofia Gomes,Casa,4804.80,BRL,4804.80
2540,2023-11-04,Olívia Lopes,Esporte,4247.53,BRL,4247.53
2543,2023-05-23,Mariana Almeida,Esporte,400.15,USD,1988.07
2544,2024-11-10,Felipe Barbosa,Moda,709.03,USD,4106.91
2545,2023-02-11,Ana Martins,Casa,4937.34,BRL,4937.34
2546,2023-12-01,Isabela Oliveira,Eletrônicos,4347.64,USD,21308.22
2547,2023-05-03,Lucas Jesus,Esporte,2897.45,BRL,2897.45
2548,2024-09-08,Henrique Nogueira,Livros,661.37,BRL,661.37
2549,2023-01-28,Carla Oliveira,Eletrônicos,3314.25,BRL,3314.25
2550,2023-10-01,Paulo Gomes,Eletrônicos,1870.20,BRL,1870.20
2551,2023-06-26,Sofia Santos,Esporte,106.73,BRL,106.73
2552,2023-04-10,Tiago Gomes,Casa,2262.82,BRL,2262.82
2553,2023-08-29,Tiago Carvalho,Livros,3396.26,BRL,3396.26
2554,2023-09-25,Gabriela Vasconcelos,Esporte,4934.72,BRL,4934.72
2555,2024-07-11,Paulo Almeida,Livros,2767.25,BRL,2767.25
2556,2023-03-21,Isabela Almeida,Casa,1610.32,BRL,1610.32
2557,2023-10-10,Lucas Klein,Eletrônicos,3415.74,BRL,3415.74
2559,2023-09-19,Nuno Duarte,Casa,3522.25,BRL,3522.25
2560,2024-02-27,Tiago Klein,Eletrônicos,4885.11,BRL,4885.11
2561,2023-09-09,Sofia Gomes,Casa,865.68,BRL,865.68
2563,2024-05-17,João Duarte,Casa,3710.19,BRL,3710.19
2564,2024-01-12,Nuno Jesus,Casa,1540.94,USD,7579.42
2565,2023-03-19,Olívia Ferreira,Eletrônicos,182.97,BRL,182.97
2566,2024-01-17,Gabriela Barbosa,Casa,583.14,USD,2868.29
2567,2024-11-24,Lucas Lopes,Esporte,137.09,BRL,137.09
2568,2024-06-14,Felipe Martins,Esporte,1073.93,USD,5761.31
2570,2024-10-12,Bruno Duarte,Livros,728.87,BRL,728.87
2571,2023-11-08,Diego Oliveira,Eletrônicos,4400.03,BRL,4400.03
2573,2023-07-02,João Lopes,Esporte,2911.55,BRL,2911.55
2574,2024-04-15,Carla Queiroz,Casa,1316.67,BRL,1316.67
2575,2023-02-23,Sofia Nogueira,Livros,2639.32,BRL,2639.32
2576,2023-10-26,Eduarda Pereira,Moda,4150.22,BRL,4150.22
2577,2024-10-10,Olívia Vasconcelos,Eletrônicos,2390.88,BRL,2390.88
2578,2023-09-26,Paulo Ferreira,Esporte,1799.32,BRL,1799.32
2579,2024-05-25,Sofia Martins,Moda,3800.53,BRL,3800.53
2581,2024-04-07,Olívia Ferreira,Eletrônicos,3678.35,BRL,3678.35
2583,2024-08-06,Mariana Barbosa,Livros,3487.98,BRL,3487.98
2584,2024-03-16,Carla Jesus,Moda,252.31,BRL,252.31
2585,2024-09-03,Rafael Teixeira,Livros,1999.12,BRL,1999.12
2587,2023-08-04,Karina Barbosa,Esporte,951.57,BRL,951.57
2588,2024-02-10,Lucas Lopes,Moda,2862.00,BRL,2862.00
2589,2024-04-29,Carla Barbosa,Esporte,4937.60,BRL,4937.60
2590,2023-02-03,Gabriela Lopes,Moda,1385.32,BRL,1385.32
2591,2023-03-29,Bruno Nogueira,Livros,2032.75,BRL,2032.75
2592,2024-08-18,Vitória Klein,Moda,1300.76,BRL,1300.76
2593,2023-06-13,Lucas Ribeiro,Esporte,89.91,BRL,89.91
2594,2023-08-12,Diego Martins,Esporte,3228.68,BRL,3228.68
2596,2023-03-31,Diego Gomes,Casa,1153.49,BRL,1153.49
2597,2024-05-25,Eduarda Vasconcelos,Moda,2563.02,BRL,2563.02
2598,2023-04-18,Nuno Carvalho,Eletrônicos,3006.36,BRL,3006.36
2599,2023-12-04,Felipe Queiroz,Casa,3523.88,USD,17270.89
2600,2024-02-06,Tiago Gomes,Moda,500.89,BRL,500.89
2602,2024-11-27,Carla Gomes,Moda,2874.67,BRL,2874.67
2603,2024-12-12,Rafael Lopes,Eletrônicos,2113.71,BRL,2113.71
2604,2024-02-20,Felipe Esteves,Casa,3996.73,BRL,3996.73
2605,2023-10-31,Nuno Esteves,Eletrônicos,4504.49,BRL,4504.49
2606,2024-05-06,Rafael Carvalho,Esporte,2278.92,BRL,2278.92
2607,2023-08-29,Diego Almeida,Moda,1602.39,BRL,1602.39
2608,2024-10-09,Mariana Henriques,Moda,3513.11,BRL,3513.11
2609,2024-05-11,Sofia Teixeira,Moda,4512.73,BRL,4512.73
2610,2024-03-03,Diego Teixeira,Esporte,4707.38,USD,23495.95
2611,2024-03-20,Henrique Oliveira,Casa,4132.81,USD,20628.09
2612,2024-05-25,Paulo Almeida,Casa,2277.57,USD,11735.41
2613,2024-04-02,Bruno Jesus,Livros,546.26,BRL,546.26
2614,2024-05-18,Ana Duarte,Moda,2275.69,BRL,2275.69
2615,2023-10-06,Vitória Pereira,Livros,4095.42,BRL,4095.42
2616,2023-02-27,Karina Lopes,Esporte,3105.27,USD,16094.61
2617,2024-09-24,Vitória Pereira,Livros,1970.75,BRL,1970.75
2618,2024-03-07,Rafael Queiroz,Livros,4307.97,BRL,4307.97
2619,2024-11-12,Vitória Lopes,Moda,4013.72,BRL,4013.72
2620,2024-12-18,Vitória Klein,Eletrônicos,811.02,USD,4905.78
2622,2023-08-26,Olívia Pereira,Esporte,2921.61,BRL,2921.61
2623,2023-10-15,Nuno Duarte,Eletrônicos,2826.07,BRL,2826.07
2624,2023-03-07,Carla Klein,Livros,1862.88,BRL,1862.88
2625,2023-10-27,Sofia Klein,Livros,4494.91,BRL,4494.91
2626,2023-07-24,Sofia Esteves,Moda,3858.57,BRL,3858.57
2627,2023-10-25,Diego Queiroz,Moda,231.37,BRL,231.37
2628,2023-06-13,Mariana Almeida,Moda,4643.57,USD,22482.77
2629,2023-03-04,Henrique Santos,Livros,3855.57,BRL,3855.57
2630,2024-11-06,Carla Vasconcelos,Moda,940.12,BRL,940.12
2631,2024-09-29,Henrique Carvalho,Casa,240.93,USD,1319.91
2632,2023-12-15,Carla Almeida,Livros,1931.87,BRL,1931.87
2633,2024-02-05,Tiago Ferreira,Esporte,928.18,BRL,928.18
2634,2023-11-07,Sofia Klein,Moda,3643.76,USD,17940.05
2635,2023-12-03,Bruno Esteves,Casa,2656.92,BRL,2656.92
2636,2023-03-11,Eduarda Vasconcelos,Esporte,1798.43,BRL,1798.43
2637,2023-08-05,Ana Ferreira,Eletrônicos,3121.84,BRL,3121.84
2638,2023-12-22,Vitória Martins,Casa,2997.04,BRL,2997.04
2639,2024-03-25,Gabriela Pereira,Moda,2549.54,BRL,2549.54
2640,2023-01-05,Sofia Oliveira,Eletrônicos,2079.05,BRL,2079.05
2641,2024-05-30,João Ferreira,Livros,4242.56,BRL,4242.56
2643,2024-11-19,Isabela Nogueira,Moda,3599.57,BRL,3599.57
2645,2023-12-22,Lucas Vasconcelos,Moda,665.94,BRL,665.94
2646,2023-03-23,Vitória Oliveira,Livros,499.38,BRL,499.38
2647,2024-11-01,Isabela Barbosa,Não informado,1847.35,BRL,1847.35
2648,2023-11-03,Rafael Klein,Esporte,1371.39,BRL,1371.39
2649,2024-09-12,Gabriela Pereira,Livros,4276.33,BRL,4276.33
2650,2024-08-24,Gabriela Martins,Moda,1040.51,BRL,1040.51
2651,2023-03-05,Tiago Vasconcelos,Moda,1885.01,USD,9848.42
2652,2023-01-12,Henrique Martins,Moda,3891.94,BRL,3891.94
2653,2024-10-12,Gabriela Gomes,Esporte,3468.97,BRL,3468.97
2654,2024-11-09,Carla Duarte,Moda,4681.49,BRL,4681.49
2655,2024-05-30,Vitória Oliveira,Esporte,4210.71,BRL,4210.71
2656,2023-10-16,Henrique Lopes,Livros,2088.14,BRL,2088.14
2658,2023-04-08,Paulo Jesus,Eletrônicos,2374.98,BRL,2374.98
2659,2024-05-27,Felipe Barbosa,Casa,2442.27,BRL,2442.27
2662,2023-10-20,Tiago Teixeira,Casa,2976.49,BRL,2976.49
2663,2023-05-09,Olívia Martins,Esporte,1640.91,BRL,1640.91
2664,2023-11-22,Eduarda Ribeiro,Esporte,4324.78,BRL,4324.78
2665,2023-09-01,Diego Henriques,Esporte,1109.27,BRL,1109.27
2666,2023-06-05,Diego Ferreira,Eletrônicos,1389.42,BRL,1389.42
2667,2023-03-12,Lucas Gomes,Eletrônicos,822.51,BRL,822.51
2668,2023-06-13,Ana Ribeiro,Esporte,4644.74,BRL,4644.74
2670,2023-08-29,Ana Oliveira,Moda,4909.43,BRL,4909.43
2672,2023-03-24,Olívia Henriques,Moda,2587.97,USD,13521.11
2673,2024-05-12,Eduarda Carvalho,Moda,2947.87,BRL,2947.87
2675,2024-01-02,Bruno Duarte,Eletrônicos,736.53,USD,3622.77
2677,2023-04-04,Sofia Jesus,Casa,256.20,BRL,256.20
2678,2023-12-05,Carla Esteves,Esporte,3777.21,BRL,3777.21
2679,2023-06-28,Felipe Esteves,Casa,3524.51,BRL,3524.51
2680,2023-07-31,Henrique Martins,Casa,1292.74,BRL,1292.74
2681,2024-10-21,Ana Jesus,Casa,3788.16,BRL,3788.16
2682,2024-01-20,Paulo Carvalho,Livros,4021.12,BRL,4021.12
2683,2024-08-02,Felipe Carvalho,Casa,133.99,USD,743.48
2684,2024-06-27,Henrique Lopes,Casa,4747.99,BRL,4747.99
2685,2024-05-09,Lucas Klein,Esporte,1529.76,BRL,1529.76
2686,2023-03-05,Olívia Ribeiro,Livros,1600.45,BRL,1600.45
2687,2023-09-25,Diego Vasconcelos,Moda,3574.43,USD,17683.42
2688,2024-09-29,Lucas Vasconcelos,Moda,2438.99,BRL,2438.99
2689,2023-11-16,Isabela Duarte,Livros,373.32,BRL,373.32
2690,2024-06-20,Isabela Barbosa,Eletrônicos,3756.32,BRL,3756.32
2691,2024-12-15,Gabriela Duarte,Esporte,2461.34,BRL,2461.34
2692,2024-08-31,Bruno Carvalho,Moda,1918.32,BRL,1918.32
2693,2023-01-22,Eduarda Esteves,Eletrônicos,4893.37,BRL,4893.37
2694,2024-08-02,Isabela Teixeira,Livros,2394.21,BRL,2394.21
2695,2023-06-05,Tiago Nogueira,Moda,2543.65,BRL,2543.65
2696,2024-09-01,Karina Barbosa,Casa,4224.69,BRL,4224.69
2697,2023-12-20,Karina Almeida,Moda,1091.75,USD,5350.78
2698,2023-07-18,Eduarda Almeida,Moda,547.02,USD,2632.53
2699,2024-05-15,Paulo Gomes,Eletrônicos,1167.04,BRL,1167.04
2700,2023-06-10,Vitória Oliveira,Casa,3193.76,BRL,3193.76
2702,2024-06-17,Olívia Gomes,Moda,1615.27,BRL,1615.27
2705,2024-05-10,João Vasconcelos,Moda,4208.70,BRL,4208.70
2706,2024-04-12,Ana Duarte,Eletrônicos,557.42,BRL,557.42
2707,2024-02-19,Tiago Carvalho,Esporte,4436.28,USD,22014.60
2709,2024-10-05,Ana Ribeiro,Moda,2097.09,BRL,2097.09
2710,2024-05-02,Isabela Duarte,Moda,1118.99,USD,5765.71
2711,2024-06-02,Carla Oliveira,Moda,4542.31,BRL,4542.31
2712,2023-05-17,Tiago Queiroz,Moda,4563.30,BRL,4563.30
2713,2023-10-14,Ana Almeida,Esporte,4186.55,BRL,4186.55
2714,2024-09-26,Mariana Esteves,Livros,2840.65,BRL,2840.65
2715,2023-07-20,Felipe Martins,Moda,1106.32,BRL,1106.32
2717,2024-05-02,Carla Henriques,Esporte,437.27,BRL,437.27
2718,2024-05-10,Nuno Jesus,Moda,20.88,BRL,20.88
2719,2024-12-12,Karina Duarte,Livros,2957.18,USD,17887.69
2720,2024-07-13,Mariana Ribeiro,Casa,1042.91,BRL,1042.91
2721,2023-05-09,Bruno Nogueira,Eletrônicos,865.26,BRL,865.26
2722,2023-04-06,Bruno Pereira,Moda,3246.28,BRL,3246.28
2724,2023-09-06,Gabriela Barbosa,Casa,4375.42,BRL,4375.42
2725,2023-01-20,Lucas Esteves,Eletrônicos,4299.51,BRL,4299.51
2728,2024-05-04,Eduarda Duarte,Eletrônicos,2116.02,BRL,2116.02
2729,2023-05-15,Carla Lopes,Esporte,3983.24,USD,19789.93
2730,2024-09-21,Olívia Klein,Eletrônicos,2454.23,BRL,2454.23
2731,2023-04-06,Eduarda Lopes,Livros,2988.13,BRL,2988.13
2732,2023-07-19,Henrique Lopes,Não informado,3573.02,BRL,3573.02
2733,2023-10-30,Karina Klein,Esporte,2451.83,BRL,2451.83
2735,2024-07-12,Isabela Klein,Livros,1206.69,BRL,1206.69
2737,2024-01-20,Paulo Pereira,Eletrônicos,627.37,BRL,627.37
2738,2023-09-09,Rafael Ferreira,Eletrônicos,4605.30,BRL,4605.30
2739,2023-04-09,Rafael Jesus,Esporte,2638.67,BRL,2638.67
2740,2024-08-17,Diego Klein,Eletrônicos,2094.87,BRL,2094.87
2741,2023-12-29,Sofia Gomes,Livros,4285.21,BRL,4285.21
2742,2023-12-05,Henrique Barbosa,Moda,3676.22,USD,18017.52
2743,2023-02-24,Tiago Oliveira,Eletrônicos,4709.65,BRL,4709.65
2744,2024-03-30,Eduarda Teixeira,Livros,4288.94,BRL,4288.94
2745,2024-11-12,Gabriela Klein,Esporte,4898.72,BRL,4898.72
2746,2023-06-29,Olívia Barbosa,Casa,1104.00,BRL,1104.00
2748,2023-05-17,Karina Carvalho,Casa,2845.20,BRL,2845.20
2749,2024-03-05,Karina Carvalho,Livros,4944.61,BRL,4944.61
2750,2024-03-28,Olívia Pereira,Livros,990.67,BRL,990.67
2751,2024-05-16,Ana Esteves,Livros,1397.36,USD,7200.04
2752,2024-05-23,Bruno Oliveira,Casa,1551.06,BRL,1551.06
2753,2024-05-13,Vitória Gomes,Eletrônicos,4657.82,BRL,4657.82
2754,2023-10-21,Mariana Lopes,Esporte,109.85,BRL,109.85
2756,2023-01-03,Sofia Esteves,Esporte,1593.92,USD,8290.62
2757,2024-02-03,Vitória Henriques,Moda,2536.70,BRL,2536.70
2758,2024-06-26,Rafael Duarte,Moda,530.24,BRL,530.24
2760,2024-09-23,Bruno Santos,Moda,2180.43,BRL,2180.43
2761,2024-03-29,Henrique Vasconcelos,Esporte,3266.58,USD,16304.48
2762,2024-05-12,Nuno Ferreira,Moda,773.86,BRL,773.86
2763,2024-02-23,Carla Gomes,Casa,928.52,BRL,928.52
2765,2024-12-17,Isabela Lopes,Casa,3781.77,BRL,3781.77
2766,2024-01-26,Vitória Teixeira,Eletrônicos,3186.64,BRL,3186.64
2767,2023-11-28,Henrique Barbosa,Não informado,3879.53,USD,19100.87
2768,2024-12-10,Tiago Henriques,Eletrônicos,4355.90,BRL,4355.90
2769,2023-12-17,Bruno Almeida,Esporte,4424.52,BRL,4424.52
2770,2024-03-22,Gabriela Ferreira,Casa,1412.26,BRL,1412.26
2771,2023-08-02,Henrique Santos,Livros,85.92,USD,421.33
2773,2024-03-27,Rafael Teixeira,Esporte,4808.66,BRL,4808.66
2775,2023-09-05,Nuno Martins,Livros,4710.76,BRL,4710.76
2776,2023-02-18,Mariana Almeida,Casa,4297.26,BRL,4297.26
2777,2024-01-21,Bruno Martins,Não informado,2565.84,USD,12620.60
2778,2024-05-02,Henrique Teixeira,Esporte,4383.29,BRL,4383.29
2779,2024-02-01,Ana Teixeira,Moda,374.64,BRL,374.64
2780,2023-05-14,Nuno Esteves,Livros,1111.36,USD,5521.57
2781,2024-05-17,Ana Gomes,Moda,2225.52,BRL,2225.52
2784,2024-06-27,Diego Martins,Eletrônicos,4444.35,BRL,4444.35
2785,2024-03-14,Lucas Klein,Casa,3430.48,BRL,3430.48
2786,2024-11-09,João Esteves,Esporte,4862.02,BRL,4862.02
2787,2023-08-28,Karina Santos,Casa,428.51,BRL,428.51
2788,2024-06-02,Gabriela Klein,Esporte,1148.48,BRL,1148.48
2789,2024-06-18,Rafael Jesus,Eletrônicos,1535.60,BRL,1535.60
2791,2024-11-09,Diego Martins,Esporte,50.09,BRL,50.09
2796,2023-09-14,Henrique Almeida,Livros,639.19,BRL,639.19
2797,2023-05-23,Olívia Ferreira,Livros,1323.03,BRL,1323.03
2800,2024-02-01,Carla Vasconcelos,Eletrônicos,3590.84,BRL,3590.84
2801,2023-05-11,Tiago Ferreira,Esporte,3087.10,BRL,3087.10
2802,2024-10-18,Paulo Lopes,Casa,1586.75,BRL,1586.75
2803,2024-03-14,Nuno Martins,Eletrônicos,375.34,USD,1873.43
2804,2023-07-02,João Ribeiro,Casa,2827.60,BRL,2827.60
2805,2023-10-21,Vitória Gomes,Moda,1772.40,BRL,1772.40
2806,2024-10-17,Eduarda Jesus,Casa,105.47,BRL,105.47
2807,2023-12-13,Diego Ferreira,Livros,2785.72,BRL,2785.72
2809,2023-03-22,Lucas Vasconcelos,Moda,890.71,BRL,890.71
2812,2024-05-08,Nuno Queiroz,Livros,2631.99,BRL,2631.99
2813,2024-04-16,Diego Ferreira,Eletrônicos,1459.22,USD,7498.79
2814,2023-07-27,Paulo Barbosa,Esporte,2174.65,BRL,2174.65
2815,2024-12-30,Mariana Martins,Eletrônicos,1049.30,BRL,1049.30
2816,2024-11-09,Gabriela Barbosa,Moda,4604.00,USD,26667.75
2817,2023-07-28,Felipe Gomes,Esporte,1740.76,USD,8377.41
2818,2023-04-21,Isabela Barbosa,Esporte,1523.51,BRL,1523.51
2819,2023-06-15,Mariana Henriques,Casa,2271.62,BRL,2271.62
2821,2023-12-12,Felipe Pereira,Livros,2748.87,BRL,2748.87
2822,2024-07-03,Paulo Almeida,Esporte,3044.18,BRL,3044.18
2823,2023-08-07,Olívia Barbosa,Casa,28.39,BRL,28.39
2825,2023-03-10,Henrique Carvalho,Casa,4933.89,BRL,4933.89
2826,2024-09-21,Gabriela Klein,Eletrônicos,995.73,BRL,995.73
2827,2023-11-05,Felipe Ribeiro,Moda,2566.78,BRL,2566.78
2828,2023-12-30,Olívia Lopes,Moda,20.51,BRL,20.51
2830,2023-07-14,Tiago Duarte,Eletrônicos,3149.44,BRL,3149.44
2831,2023-09-25,João Gomes,Livros,4781.16,BRL,4781.16
2832,2023-04-02,Gabriela Henriques,Esporte,2759.14,BRL,2759.14
2833,2023-10-31,João Vasconcelos,Esporte,2123.42,BRL,2123.42
2836,2023-03-14,Bruno Esteves,Eletrônicos,4367.99,BRL,4367.99
2837,2024-10-03,Bruno Pereira,Moda,767.25,BRL,767.25
2839,2024-01-28,Nuno Lopes,Casa,2307.84,BRL,2307.84
2842,2023-09-02,Felipe Pereira,Esporte,727.35,BRL,727.35
2843,2024-02-23,Isabela Barbosa,Esporte,4456.71,USD,22115.98
2844,2023-02-08,Nuno Ferreira,Casa,1813.00,BRL,1813.00
2845,2024-02-26,Isabela Oliveira,Esporte,3428.73,BRL,3428.73
2846,2024-11-21,Diego Duarte,Esporte,1440.12,USD,8341.61
2847,2024-06-06,Diego Jesus,Esporte,1154.17,BRL,1154.17
2848,2024-07-22,Olívia Ribeiro,Livros,1009.54,BRL,1009.54
2850,2023-10-08,João Nogueira,Esporte,2821.25,BRL,2821.25
2851,2024-09-15,Isabela Martins,Não informado,464.48,BRL,464.48
2852,2024-02-01,Diego Nogueira,Livros,3984.16,BRL,3984.16
2853,2024-06-19,Carla Ribeiro,Livros,1417.96,BRL,1417.96
2854,2024-08-07,Gabriela Nogueira,Esporte,2928.76,BRL,2928.76
2855,2024-12-16,Nuno Ribeiro,Moda,3972.15,BRL,3972.15
2856,2023-11-09,Lucas Pereira,Moda,1932.37,BRL,1932.37
2858,2024-01-12,Paulo Teixeira,Livros,2312.41,USD,11374.05
2859,2024-06-09,Sofia Barbosa,Livros,3185.13,BRL,3185.13
2862,2023-12-27,Paulo Barbosa,Esporte,4586.13,USD,22477.08
2863,2024-06-12,Rafael Oliveira,Esporte,2941.39,USD,15779.67
2864,2024-04-13,Vitória Oliveira,Esporte,3450.18,BRL,3450.18
2865,2024-10-13,Eduarda Jesus,Moda,1820.42,BRL,1820.42
2866,2023-03-24,Sofia Santos,Livros,4321.57,BRL,4321.57
2867,2023-11-02,Ana Duarte,Esporte,1074.45,BRL,1074.45
2868,2024-03-23,Gabriela Martins,Moda,256.03,BRL,256.03
2869,2023-07-02,Bruno Vasconcelos,Esporte,4014.01,BRL,4014.01
2870,2024-10-29,Rafael Jesus,Livros,481.33,BRL,481.33
2871,2024-10-02,Eduarda Ribeiro,Não informado,2959.23,BRL,2959.23
2872,2024-01-27,Bruno Martins,Moda,4526.60,BRL,4526.60
2873,2023-11-25,Ana Duarte,Livros,4713.50,USD,23206.92
2874,2024-10-25,Paulo Martins,Livros,4328.60,BRL,4328.60
2876,2023-07-03,Olívia Teixeira,Livros,3348.07,BRL,3348.07
2877,2024-04-23,Mariana Henriques,Eletrônicos,2235.33,BRL,2235.33
2878,2024-03-25,Felipe Queiroz,Esporte,3342.78,BRL,3342.78
2880,2023-03-15,Henrique Ribeiro,Esporte,2667.02,BRL,2667.02
2881,2023-04-15,Lucas Teixeira,Livros,3444.11,BRL,3444.11
2884,2023-09-10,Gabriela Esteves,Moda,3318.25,USD,16416.05
2885,2023-09-12,Rafael Almeida,Livros,708.06,BRL,708.06
2886,2024-04-22,Eduarda Jesus,Livros,2717.61,BRL,2717.61
2887,2024-03-02,Nuno Klein,Casa,2775.28,BRL,2775.28
2888,2023-10-14,Bruno Teixeira,Livros,240.41,BRL,240.41
2890,2023-02-17,Felipe Oliveira,Não informado,2331.67,BRL,2331.67
2891,2024-10-13,Bruno Gomes,Moda,1302.22,BRL,1302.22
2892,2024-03-08,Isabela Lopes,Esporte,483.82,BRL,483.82
2893,2024-09-23,Gabriela Almeida,Eletrônicos,2346.97,BRL,2346.97
2894,2023-07-10,João Jesus,Casa,3276.66,BRL,3276.66
2895,2023-08-04,Bruno Esteves,Livros,2157.20,BRL,2157.20
2897,2023-11-10,Ana Ferreira,Livros,4210.82,BRL,4210.82
2898,2023-02-12,Vitória Lopes,Esporte,4111.07,USD,21307.68
2899,2023-01-28,Carla Duarte,Esporte,219.50,BRL,219.50
2900,2024-01-03,Bruno Ribeiro,Eletrônicos,4181.41,BRL,4181.41
2901,2023-04-13,Paulo Gomes,Livros,2663.07,BRL,2663.07
2902,2023-09-02,Lucas Barbosa,Casa,4835.99,BRL,4835.99
2904,2024-06-01,Ana Almeida,Eletrônicos,4815.95,BRL,4815.95
2905,2023-07-04,Sofia Henriques,Livros,723.38,BRL,723.38
2907,2023-08-09,Gabriela Klein,Esporte,3217.21,BRL,3217.21
2909,2024-07-04,Isabela Nogueira,Casa,1237.55,BRL,1237.55
2911,2024-08-01,Felipe Queiroz,Eletrônicos,841.59,BRL,841.59
2913,2024-03-17,Lucas Santos,Eletrônicos,3460.80,BRL,3460.80
2914,2024-06-12,Diego Queiroz,Livros,3304.03,BRL,3304.03
2915,2023-06-06,Karina Ribeiro,Eletrônicos,3544.94,BRL,3544.94
2916,2023-02-10,Lucas Henriques,Esporte,3047.05,USD,15792.86
2917,2023-08-03,Paulo Teixeira,Moda,3316.80,USD,16264.92
2918,2023-08-13,Paulo Klein,Casa,3200.73,BRL,3200.73
2919,2023-10-10,Tiago Almeida,Eletrônicos,2861.56,BRL,2861.56
2920,2023-10-23,Olívia Oliveira,Casa,4410.83,BRL,4410.83
2921,2024-02-11,Vitória Pereira,Eletrônicos,1471.31,BRL,1471.31
2922,2024-06-18,Mariana Martins,Esporte,1904.99,BRL,1904.99
2923,2023-06-11,Olívia Pereira,Esporte,1787.92,BRL,1787.92
2924,2024-09-06,Olívia Queiroz,Moda,97.94,BRL,97.94
2925,2023-08-18,Isabela Pereira,Eletrônicos,2820.09,BRL,2820.09
2927,2023-12-21,Paulo Nogueira,Moda,2203.92,BRL,2203.92
2928,2023-03-27,João Henriques,Casa,4465.80,BRL,4465.80
2929,2023-06-12,Rafael Lopes,Livros,4869.35,BRL,4869.35
2930,2024-04-11,Ana Ribeiro,Moda,3571.72,USD,18354.71
2932,2024-07-22,Mariana Barbosa,Moda,3176.61,BRL,3176.61
2933,2023-12-20,Karina Carvalho,Moda,1714.11,BRL,1714.11
2934,2024-12-07,Gabriela Henriques,Casa,4686.53,USD,28348.35
2936,2024-03-19,Tiago Carvalho,Casa,997.47,BRL,997.47
2937,2024-12-29,Mariana Martins,Moda,3098.14,USD,18740.34
2938,2023-09-29,Ana Vasconcelos,Esporte,4649.56,BRL,4649.56
2939,2024-02-05,Tiago Henriques,Esporte,573.19,BRL,573.19
2941,2024-05-20,Paulo Pereira,Esporte,492.35,BRL,492.35
2942,2023-08-03,Carla Martins,Livros,3596.67,BRL,3596.67
2943,2023-04-17,Olívia Queiroz,Livros,882.26,BRL,882.26
2944,2023-01-05,Nuno Klein,Livros,1103.86,BRL,1103.86
2945,2023-03-22,Isabela Duarte,Moda,2716.08,BRL,2716.08
2947,2023-10-03,Henrique Jesus,Eletrônicos,45.59,BRL,45.59
2949,2023-05-08,João Santos,Moda,603.21,USD,2996.93
2950,2023-02-22,Sofia Barbosa,Eletrônicos,2977.33,BRL,2977.33
2951,2024-08-30,Eduarda Gomes,Casa,800.71,USD,4442.98
2952,2023-06-23,Sofia Esteves,Livros,4502.36,BRL,4502.36
2955,2024-01-28,Ana Teixeira,Livros,565.57,BRL,565.57
2957,2024-10-05,Karina Klein,Moda,3817.18,BRL,3817.18
2959,2024-04-26,Isabela Almeida,Eletrônicos,2725.01,BRL,2725.01
2960,2023-04-23,João Esteves,Eletrônicos,4473.50,BRL,4473.50
2961,2024-03-09,Diego Jesus,Moda,3826.48,USD,19099.11
2962,2023-10-05,Mariana Martins,Esporte,3046.47,BRL,3046.47
2963,2023-04-26,Henrique Nogueira,Eletrônicos,3019.56,BRL,3019.56
2964,2023-03-13,Ana Oliveira,Livros,1095.11,BRL,1095.11
2965,2023-01-18,Henrique Barbosa,Eletrônicos,3283.60,BRL,3283.60
2966,2023-11-30,Ana Santos,Moda,3458.36,BRL,3458.36
2967,2023-09-20,Henrique Jesus,Esporte,2749.97,BRL,2749.97
2968,2023-09-02,Carla Vasconcelos,Moda,1262.59,BRL,1262.59
2969,2024-03-26,Diego Martins,Esporte,1330.69,BRL,1330.69
2970,2024-03-30,Karina Queiroz,Casa,2212.90,BRL,2212.90
2971,2024-11-06,Ana Teixeira,Casa,2865.28,BRL,2865.28
2972,2023-08-11,Bruno Pereira,Livros,4236.45,BRL,4236.45
2973,2023-01-10,Lucas Santos,Moda,1183.93,BRL,1183.93
2975,2023-07-28,Nuno Duarte,Casa,4412.56,BRL,4412.56
2977,2023-10-30,Henrique Lopes,Moda,2313.99,BRL,2313.99
2978,2023-12-19,Tiago Oliveira,Esporte,3253.65,BRL,3253.65
2979,2023-04-08,Carla Lopes,Casa,686.32,USD,3443.89
2980,2024-10-29,Tiago Carvalho,Casa,4415.34,BRL,4415.34
2981,2023-04-15,Eduarda Barbosa,Casa,3166.99,BRL,3166.99
2983,2023-03-09,Karina Esteves,Esporte,4656.19,BRL,4656.19
2985,2023-12-15,Nuno Santos,Casa,1068.30,BRL,1068.30
2986,2023-01-09,Gabriela Ferreira,Esporte,3868.51,USD,20121.67
2987,2024-09-02,Sofia Teixeira,Livros,1490.96,BRL,1490.96
2988,2024-06-05,Olívia Santos,Eletrônicos,3573.33,BRL,3573.33
2989,2023-12-30,Mariana Vasconcelos,Casa,901.82,BRL,901.82
2990,2023-07-27,Carla Jesus,Esporte,593.81,BRL,593.81
2991,2023-12-10,Diego Gomes,Eletrônicos,4305.47,BRL,4305.47
2992,2024-02-09,Paulo Lopes,Moda,3302.63,USD,16388.97
2993,2023-08-04,Karina Almeida,Esporte,1711.43,BRL,1711.43
2994,2024-10-11,Carla Queiroz,Livros,901.96,BRL,901.96
2996,2024-12-04,Rafael Klein,Moda,1240.01,BRL,1240.01
2999,2023-07-13,Felipe Lopes,Moda,1128.51,BRL,1128.51
3000,2023-07-07,Vitória Jesus,Casa,113.56,BRL,113.56
3001,2024-07-18,Lucas Lopes,Não informado,1439.65,BRL,1439.65
3002,2024-07-27,Tiago Teixeira,Esporte,2803.45,BRL,2803.45
3003,2023-07-04,João Klein,Eletrônicos,2137.25,BRL,2137.25
3004,2024-10-15,Isabela Esteves,Eletrônicos,4273.90,BRL,4273.90
3005,2024-03-29,Sofia Ribeiro,Eletrônicos,4692.03,BRL,4692.03
3006,2023-02-15,João Queiroz,Casa,2600.02,BRL,2600.02
3007,2023-05-18,Gabriela Pereira,Esporte,3377.30,BRL,3377.30
3008,2024-10-18,João Duarte,Esporte,4723.14,BRL,4723.14
3009,2024-03-27,Nuno Gomes,Eletrônicos,4915.85,USD,24536.48
3010,2024-05-21,Rafael Queiroz,Esporte,3702.52,BRL,3702.52
3012,2023-04-09,Isabela Esteves,Esporte,4021.44,BRL,4021.44
3013,2024-06-13,Lucas Pereira,Moda,908.49,BRL,908.49
3014,2024-02-13,Vitória Esteves,Eletrônicos,762.41,BRL,762.41
3015,2024-12-09,João Jesus,Esporte,2753.12,BRL,2753.12
3016,2023-02-17,Sofia Klein,Moda,3301.23,BRL,3301.23
3017,2024-04-13,Isabela Klein,Eletrônicos,850.10,BRL,850.10
3020,2023-03-15,Mariana Barbosa,Esporte,3791.28,USD,19807.92
3021,2023-06-30,João Oliveira,Livros,2550.86,USD,12350.50
3022,2024-12-10,Felipe Carvalho,Casa,673.29,BRL,673.29
3024,2023-02-21,Bruno Nogueira,Esporte,4774.57,BRL,4774.57
3025,2023-11-21,Henrique Henriques,Moda,4832.18,BRL,4832.18
3026,2024-08-31,Olívia Nogueira,Esporte,3720.05,USD,20641.81
3027,2023-06-13,Eduarda Pereira,Eletrônicos,2243.63,BRL,2243.63
3028,2024-02-05,João Queiroz,Eletrônicos,1499.17,BRL,1499.17
3029,2024-10-04,Rafael Barbosa,Moda,694.81,BRL,694.81
3030,2023-05-04,Karina Almeida,Moda,1164.14,BRL,1164.14
3031,2023-04-22,Tiago Martins,Eletrônicos,3141.54,BRL,3141.54
3032,2023-05-22,Tiago Esteves,Livros,2618.69,USD,13010.44
3033,2023-02-01,Nuno Pereira,Moda,4260.11,BRL,4260.11
3034,2024-07-04,Isabela Jesus,Esporte,1727.97,USD,9557.75
3036,2024-01-17,Lucas Ferreira,Moda,357.42,BRL,357.42
3037,2024-04-21,Diego Teixeira,Casa,1519.63,BRL,1519.63
3038,2023-08-26,Sofia Oliveira,Esporte,3787.28,BRL,3787.28
3041,2023-09-22,Lucas Jesus,Casa,2420.89,BRL,2420.89
3042,2024-12-03,Carla Pereira,Livros,3857.34,BRL,3857.34
3043,2024-04-08,Sofia Esteves,Esporte,167.90,BRL,167.90
3044,2023-06-15,Gabriela Lopes,Esporte,4800.15,USD,23240.89
3045,2024-06-03,João Henriques,Moda,1285.30,BRL,1285.30
3048,2023-03-11,Ana Ribeiro,Casa,3950.16,BRL,3950.16
3049,2024-08-18,Isabela Barbosa,Eletrônicos,2274.40,USD,12620.19
3050,2023-11-25,Felipe Lopes,Eletrônicos,2384.51,BRL,2384.51
3051,2024-04-08,Sofia Esteves,Livros,1887.87,BRL,1887.87
3052,2023-07-05,Paulo Vasconcelos,Eletrônicos,211.36,BRL,211.36
3053,2023-10-20,Lucas Klein,Moda,1923.56,BRL,1923.56
3055,2024-07-07,Lucas Santos,Eletrônicos,1328.70,BRL,1328.70
3056,2023-02-04,Isabela Lopes,Eletrônicos,4866.87,BRL,4866.87
3057,2023-11-24,Paulo Teixeira,Livros,2140.27,BRL,2140.27
3058,2023-10-20,Paulo Gomes,Eletrônicos,1627.85,BRL,1627.85
3059,2023-12-14,Rafael Gomes,Casa,1173.27,BRL,1173.27
3060,2023-02-22,Lucas Nogueira,Livros,2707.78,BRL,2707.78
3062,2023-08-21,Isabela Teixeira,Moda,2897.64,BRL,2897.64
3064,2024-06-07,Isabela Klein,Esporte,4766.93,BRL,4766.93
3065,2023-03-05,Eduarda Esteves,Esporte,4933.00,BRL,4933.00
3066,2023-06-21,Vitória Gomes,Eletrônicos,3416.41,BRL,3416.41
3067,2024-01-20,Diego Queiroz,Eletrônicos,493.72,BRL,493.72
3068,2024-05-16,Ana Henriques,Eletrônicos,2053.13,BRL,2053.13
3070,2024-09-06,Tiago Carvalho,Esporte,4426.71,BRL,4426.71
3071,2024-09-30,Isabela Martins,Esporte,4649.35,USD,25471.00
3076,2023-11-08,Ana Barbosa,Moda,665.98,BRL,665.98
3077,2023-06-09,Mariana Ferreira,Casa,1193.14,BRL,1193.14
3078,2024-01-08,Ana Henriques,Esporte,443.57,BRL,443.57
3080,2024-05-07,Mariana Ribeiro,Esporte,794.11,BRL,794.11
3081,2023-10-28,Eduarda Teixeira,Livros,4021.71,BRL,4021.71
3082,2024-01-30,Lucas Ferreira,Eletrônicos,3450.75,BRL,3450.75
3083,2023-02-21,Henrique Ribeiro,Moda,4600.05,BRL,4600.05
3084,2023-08-11,Nuno Lopes,Casa,4955.55,BRL,4955.55
3085,2024-07-21,Henrique Almeida,Livros,4655.11,BRL,4655.11
3087,2024-10-02,Sofia Ribeiro,Esporte,2782.35,USD,15585.33
3089,2023-12-18,Karina Esteves,Esporte,3030.45,BRL,3030.45
3090,2024-12-14,Henrique Esteves,Livros,920.83,USD,5570.01
3091,2024-12-30,Gabriela Carvalho,Eletrônicos,4927.83,BRL,4927.83
3092,2023-03-10,Paulo Santos,Moda,1489.62,BRL,1489.62
3093,2024-05-26,Diego Henriques,Eletrônicos,4493.20,USD,23151.66
3095,2023-12-22,Rafael Jesus,Casa,4896.61,BRL,4896.61
3096,2023-10-18,Isabela Martins,Eletrônicos,2453.62,BRL,2453.62
3097,2024-05-16,Rafael Jesus,Livros,942.52,BRL,942.52
3099,2024-05-18,Henrique Queiroz,Casa,2464.98,BRL,2464.98
3100,2023-02-04,Ana Esteves,Casa,2733.48,BRL,2733.48
3101,2023-11-18,Nuno Henriques,Livros,959.58,BRL,959.58
3102,2023-11-25,Diego Henriques,Casa,824.58,BRL,824.58
3103,2024-10-24,Mariana Duarte,Livros,3968.07,BRL,3968.07
3104,2023-01-06,Isabela Teixeira,Casa,3221.45,BRL,3221.45
3105,2024-09-03,Olívia Martins,Casa,2077.41,BRL,2077.41
3107,2024-07-15,Henrique Klein,Casa,2914.99,BRL,2914.99
3108,2023-08-18,Gabriela Lopes,Moda,3806.73,BRL,3806.73
3109,2024-06-20,Rafael Pereira,Eletrônicos,2031.08,BRL,2031.08
3110,2024-05-31,Olívia Barbosa,Casa,4761.79,BRL,4761.79
3111,2024-09-08,Karina Duarte,Livros,4471.23,USD,24495.19
3112,2024-08-02,Gabriela Pereira,Não informado,1740.99,BRL,1740.99
3115,2024-02-01,Rafael Ferreira,Casa,2523.03,BRL,2523.03
3117,2023-08-03,Diego Henriques,Esporte,1614.82,USD,7918.75
3118,2023-02-15,Bruno Teixeira,Livros,1238.84,BRL,1238.84
3119,2024-07-21,Nuno Pereira,Livros,1548.05,BRL,1548.05
3120,2024-07-30,Mariana Almeida,Esporte,575.75,BRL,575.75
3121,2024-02-07,Olívia Ribeiro,Não informado,382.27,USD,1896.98
3122,2023-02-10,Nuno Lopes,Livros,3750.27,BRL,3750.27
3123,2023-06-30,Bruno Klein,Moda,4836.99,BRL,4836.99
3124,2023-04-05,Gabriela Lopes,Esporte,3155.75,BRL,3155.75
3125,2023-01-25,Gabriela Pereira,Não informado,4413.15,BRL,4413.15
3126,2023-03-22,Carla Henriques,Esporte,3122.91,BRL,3122.91
3127,2023-09-13,Henrique Oliveira,Moda,4710.78,BRL,4710.78
3128,2024-07-02,Diego Carvalho,Não informado,1456.16,BRL,1456.16
3129,2024-05-17,Tiago Lopes,Esporte,228.55,BRL,228.55
3130,2023-05-26,Paulo Klein,Livros,4452.37,USD,22120.71
3131,2024-05-12,Isabela Vasconcelos,Eletrônicos,2387.70,BRL,2387.70
3132,2023-03-12,Carla Almeida,Moda,4053.65,BRL,4053.65
3133,2023-02-17,Mariana Gomes,Livros,1422.08,BRL,1422.08
3135,2023-03-06,Ana Ribeiro,Moda,255.58,USD,1335.30
3136,2024-06-10,Bruno Klein,Livros,2827.64,BRL,2827.64
3137,2023-09-23,Bruno Klein,Eletrônicos,4112.22,BRL,4112.22
3138,2024-11-26,Sofia Barbosa,Eletrônicos,726.71,USD,4209.32
3139,2024-01-14,Bruno Ribeiro,Esporte,1333.72,BRL,1333.72
3140,2024-10-25,Tiago Esteves,Casa,2114.69,BRL,2114.69
3141,2024-12-19,Carla Ribeiro,Esporte,4366.94,USD,26415.18
3142,2024-08-06,Isabela Henriques,Moda,3081.58,BRL,3081.58
3143,2023-06-10,Ana Santos,Não informado,3781.41,BRL,3781.41
3144,2023-07-08,Isabela Nogueira,Esporte,1289.63,BRL,1289.63
3145,2024-04-05,Carla Oliveira,Eletrônicos,1117.36,BRL,1117.36
3146,2024-01-04,Henrique Vasconcelos,Casa,4920.98,USD,24204.82
3147,2023-02-18,Karina Teixeira,Casa,210.62,BRL,210.62
3149,2024-02-01,Isabela Klein,Esporte,3067.73,BRL,3067.73
3150,2024-01-11,Olívia Almeida,Casa,75.21,BRL,75.21
3151,2024-06-12,João Henriques,Livros,3160.05,BRL,3160.05
3152,2023-04-29,Ana Queiroz,Esporte,4261.47,USD,21383.63
3153,2023-09-25,Paulo Lopes,Eletrônicos,744.29,BRL,744.29
3154,2023-01-30,Eduarda Queiroz,Livros,2184.78,BRL,2184.78
3155,2023-06-20,Henrique Esteves,Livros,720.00,BRL,720.00
3156,2023-02-21,Henrique Duarte,Não informado,1411.07,BRL,1411.07
3157,2023-06-30,Paulo Jesus,Eletrônicos,4961.17,BRL,4961.17
3158,2023-02-09,Carla Klein,Eletrônicos,3623.97,BRL,3623.97
3159,2024-07-16,Isabela Duarte,Casa,2799.68,USD,15485.59
3160,2024-03-15,Eduarda Santos,Eletrônicos,3791.15,USD,18922.77
3161,2024-10-28,Eduarda Martins,Não informado,1149.75,BRL,1149.75
3162,2023-04-25,João Nogueira,Livros,1046.21,BRL,1046.21
3163,2024-02-18,Karina Queiroz,Casa,2462.15,BRL,2462.15
3164,2023-10-14,Vitória Gomes,Esporte,1412.21,BRL,1412.21
3165,2023-04-18,João Esteves,Livros,2636.83,USD,13231.35
3166,2024-02-01,Felipe Esteves,Livros,2956.13,BRL,2956.13
3167,2024-03-29,Mariana Teixeira,Livros,2005.47,USD,10009.90
3168,2024-06-27,Felipe Gomes,Esporte,3778.02,BRL,3778.02
3169,2024-01-29,Tiago Ribeiro,Moda,1778.84,BRL,1778.84
3170,2023-01-03,João Pereira,Casa,834.95,BRL,834.95
3171,2024-12-20,Bruno Santos,Moda,1176.67,BRL,1176.67
3172,2023-05-12,Mariana Almeida,Não informado,75.55,BRL,75.55
3173,2023-03-09,Eduarda Santos,Eletrônicos,79.76,BRL,79.76
3174,2023-06-28,Carla Oliveira,Eletrônicos,4452.61,USD,21558.20
3178,2024-08-31,Paulo Duarte,Eletrônicos,1176.56,USD,6528.50
3179,2023-02-23,Ana Almeida,Moda,1101.25,BRL,1101.25
3180,2024-02-16,Diego Esteves,Eletrônicos,151.04,BRL,151.04
3181,2024-02-03,Vitória Santos,Casa,3004.58,USD,14909.93
3182,2024-11-10,Diego Klein,Eletrônicos,2560.23,BRL,2560.23
3183,2024-08-12,Sofia Duarte,Moda,2900.28,BRL,2900.28
3184,2024-12-28,Rafael Pereira,Esporte,3228.70,USD,19530.08
3185,2024-12-10,Vitória Lopes,Casa,3213.43,BRL,3213.43
3187,2023-02-04,Sofia Nogueira,Livros,2817.22,BRL,2817.22
3191,2024-10-18,Eduarda Esteves,Moda,1049.97,BRL,1049.97
3192,2023-06-18,Gabriela Barbosa,Esporte,708.12,BRL,708.12
3193,2023-09-05,Bruno Esteves,Livros,2216.43,BRL,2216.43
3195,2023-04-18,Carla Duarte,Moda,2607.37,BRL,2607.37
3197,2023-11-10,Sofia Queiroz,Esporte,3208.97,BRL,3208.97
3198,2023-02-05,Lucas Vasconcelos,Casa,2640.78,BRL,2640.78
3199,2023-12-04,Felipe Teixeira,Moda,321.68,BRL,321.68
3200,2024-04-04,Diego Henriques,Moda,3789.75,BRL,3789.75
3201,2023-04-10,Diego Carvalho,Casa,2580.51,BRL,2580.51
3202,2023-01-04,Henrique Queiroz,Esporte,3106.12,USD,16156.17
3203,2023-11-12,Felipe Klein,Não informado,807.62,USD,3976.32
3204,2023-11-14,Carla Jesus,Eletrônicos,813.89,USD,4007.19
3206,2023-11-08,Rafael Queiroz,Eletrônicos,4111.33,BRL,4111.33
3207,2023-12-08,Rafael Ribeiro,Moda,4173.74,BRL,4173.74
3208,2024-05-18,Tiago Ferreira,Eletrônicos,1978.82,USD,10196.07
3209,2023-09-16,Ana Martins,Livros,435.49,USD,2154.46
3210,2023-06-09,Sofia Barbosa,Livros,256.54,BRL,256.54
3211,2024-02-09,Mariana Klein,Eletrônicos,4467.07,BRL,4467.07
3212,2024-04-18,Mariana Nogueira,Esporte,4555.83,BRL,4555.83
3213,2024-07-05,Nuno Duarte,Esporte,2923.82,BRL,2923.82
3214,2024-08-19,Bruno Oliveira,Eletrônicos,3621.56,BRL,3621.56
3215,2023-09-30,Ana Nogueira,Casa,4580.83,BRL,4580.83
3216,2023-01-27,Diego Martins,Esporte,1510.57,BRL,1510.57
3217,2024-01-25,Ana Nogueira,Moda,2708.88,BRL,2708.88
3218,2024-08-25,João Martins,Esporte,4197.00,BRL,4197.00
3219,2024-02-13,Nuno Almeida,Esporte,1071.20,BRL,1071.20
3221,2024-03-20,Tiago Duarte,Livros,4608.39,BRL,4608.39
3222,2023-08-16,Mariana Klein,Moda,3221.30,BRL,3221.30
3223,2023-03-08,Karina Martins,Eletrônicos,1926.34,BRL,1926.34
3224,2024-07-11,Vitória Nogueira,Casa,1475.61,USD,8161.89
3225,2023-04-25,Vitória Oliveira,Esporte,4029.62,BRL,4029.62
3226,2024-07-20,João Klein,Esporte,4129.08,BRL,4129.08
3227,2024-07-20,Karina Oliveira,Esporte,2655.91,BRL,2655.91
3228,2023-08-09,Carla Nogueira,Esporte,4113.60,BRL,4113.60
3229,2024-06-30,Carla Queiroz,Moda,4525.40,BRL,4525.40
3230,2023-10-14,Bruno Esteves,Esporte,2177.36,BRL,2177.36
3231,2023-09-02,Felipe Nogueira,Livros,1536.44,BRL,1536.44
3232,2024-04-14,Lucas Oliveira,Casa,382.90,BRL,382.90
3233,2024-01-27,Ana Queiroz,Casa,1748.93,BRL,1748.93
3234,2023-12-10,Eduarda Esteves,Eletrônicos,3400.37,BRL,3400.37
3236,2024-07-25,Paulo Vasconcelos,Eletrônicos,222.65,USD,1231.52
3237,2024-11-21,Diego Oliveira,Casa,2120.69,BRL,2120.69
3238,2024-12-02,Diego Henriques,Casa,3018.72,BRL,3018.72
3240,2023-04-02,Vitória Nogueira,Moda,1879.61,BRL,1879.61
3241,2023-12-14,Rafael Almeida,Livros,3477.99,USD,17045.98
3243,2023-03-22,Olívia Nogueira,Livros,799.68,BRL,799.68
3244,2023-12-29,Tiago Vasconcelos,Moda,1370.97,BRL,1370.97
3245,2023-07-01,Eduarda Barbosa,Livros,2710.52,BRL,2710.52
3246,2023-06-30,Diego Queiroz,Casa,2567.93,BRL,2567.93
3247,2023-08-18,João Pereira,Moda,4456.34,USD,21853.00
3248,2024-05-19,Paulo Teixeira,Eletrônicos,4765.60,BRL,4765.60
3250,2023-01-20,Tiago Carvalho,Moda,4041.32,BRL,4041.32
3251,2023-06-21,Paulo Henriques,Esporte,4085.03,BRL,4085.03
3252,2023-01-24,Ana Almeida,Livros,1422.62,BRL,1422.62
3253,2024-08-24,Carla Gomes,Casa,4310.00,BRL,4310.00
3254,2023-10-15,Henrique Gomes,Eletrônicos,66.20,BRL,66.20
3255,2023-11-29,Karina Vasconcelos,Esporte,75.25,BRL,75.25
3256,2024-06-07,Sofia Duarte,Livros,2367.91,USD,12703.13
3257,2024-05-06,João Oliveira,Moda,4180.43,BRL,4180.43
3258,2023-12-16,Mariana Klein,Moda,344.54,BRL,344.54
3259,2023-11-24,Nuno Pereira,Moda,1009.62,BRL,1009.62
3260,2023-08-02,Vitória Martins,Eletrônicos,2053.72,BRL,2053.72
3261,2024-09-23,Rafael Gomes,Livros,3804.44,BRL,3804.44
3262,2023-04-24,Vitória Oliveira,Casa,3002.92,BRL,3002.92
3263,2024-12-11,João Almeida,Esporte,1713.13,BRL,1713.13
3264,2024-05-16,Gabriela Teixeira,Moda,165.17,USD,851.05
3265,2024-02-22,Carla Santos,Eletrônicos,4143.18,BRL,4143.18
3266,2024-07-07,Lucas Carvalho,Casa,1783.41,BRL,1783.41
3267,2024-06-23,Nuno Henriques,Moda,44.27,BRL,44.27
3268,2023-04-19,Sofia Ferreira,Esporte,120.86,BRL,120.86
3269,2023-02-22,Mariana Esteves,Moda,3544.16,BRL,3544.16
3270,2023-10-08,Eduarda Vasconcelos,Livros,1054.37,BRL,1054.37
3271,2024-10-29,Henrique Barbosa,Moda,2972.38,BRL,2972.38
3272,2024-11-03,João Nogueira,Livros,3165.08,BRL,3165.08
3273,2023-09-03,Lucas Jesus,Moda,1946.84,BRL,1946.84
3274,2023-06-07,Vitória Henriques,Eletrônicos,4343.39,BRL,4343.39
3278,2023-08-05,Henrique Pereira,Eletrônicos,515.60,BRL,515.60
3279,2024-11-30,Felipe Lopes,Moda,2860.68,BRL,2860.68
3280,2023-10-21,Sofia Ribeiro,Livros,611.60,BRL,611.60
3281,2024-05-23,Paulo Teixeira,Eletrônicos,2737.49,USD,14105.19
3282,2023-07-05,Vitória Nogueira,Livros,4434.31,BRL,4434.31
3283,2023-11-12,Felipe Pereira,Casa,1393.79,USD,6862.33
3285,2023-07-22,Diego Oliveira,Eletrônicos,966.81,BRL,966.81
3286,2024-10-03,Gabriela Carvalho,Eletrônicos,4820.86,USD,27004.05
3287,2024-04-01,Sofia Vasconcelos,Esporte,4619.11,BRL,4619.11
3289,2023-10-14,Vitória Ribeiro,Casa,1255.41,BRL,1255.41
3290,2024-01-13,Tiago Oliveira,Eletrônicos,74.23,USD,365.12
3291,2024-06-03,Lucas Martins,Casa,4494.84,BRL,4494.84
3292,2024-05-21,Ana Jesus,Eletrônicos,3227.61,BRL,3227.61
3293,2024-02-19,Lucas Esteves,Moda,53.18,BRL,53.18
3294,2023-07-16,Sofia Santos,Esporte,901.05,USD,4336.30
3295,2024-01-15,Paulo Santos,Casa,1449.09,BRL,1449.09
3296,2024-12-27,Bruno Klein,Livros,449.33,BRL,449.33
3297,2024-08-03,Carla Esteves,Moda,4400.62,USD,24418.16
3299,2024-02-04,João Nogueira,Casa,1261.70,BRL,1261.70
3300,2023-12-30,Sofia Carvalho,Livros,1932.89,BRL,1932.89
3303,2024-03-28,Henrique Gomes,Não informado,1325.55,BRL,1325.55
3304,2023-12-28,Carla Pereira,Esporte,2181.69,BRL,2181.69
3305,2024-12-08,Karina Gomes,Esporte,1424.25,USD,8615.15
3306,2023-01-14,Vitória Jesus,Eletrônicos,2000.96,BRL,2000.96
3307,2024-12-13,Diego Duarte,Livros,3709.90,BRL,3709.90
3308,2024-03-19,Tiago Ribeiro,Livros,608.67,BRL,608.67
3309,2024-09-18,Bruno Carvalho,Casa,3338.36,BRL,3338.36
3310,2024-05-16,Sofia Queiroz,Esporte,3493.75,BRL,3493.75
3311,2023-01-25,Diego Gomes,Casa,3072.25,BRL,3072.25
3312,2023-12-28,Bruno Duarte,Casa,1368.77,USD,6708.48
3313,2024-07-04,João Pereira,Eletrônicos,3691.90,BRL,3691.90
3314,2024-03-28,Diego Almeida,Esporte,664.27,BRL,664.27
3315,2024-08-14,Ana Henriques,Moda,4132.73,BRL,4132.73
3316,2023-05-06,Bruno Jesus,Livros,3605.48,USD,17913.11
3317,2023-01-30,Olívia Esteves,Não informado,2696.83,BRL,2696.83
3318,2024-03-26,Carla Lopes,Casa,454.42,BRL,454.42
3319,2023-02-06,Felipe Lopes,Casa,556.95,BRL,556.95
3320,2024-07-17,Bruno Lopes,Casa,677.24,BRL,677.24
3321,2024-05-20,Sofia Klein,Livros,2694.88,USD,13885.64
3323,2024-10-14,Diego Santos,Livros,2930.04,USD,16412.62
3324,2023-01-20,Mariana Gomes,Casa,1298.86,USD,6755.89
3326,2023-10-01,Ana Gomes,Casa,399.17,BRL,399.17
3327,2023-01-26,Sofia Carvalho,Livros,4132.07,BRL,4132.07
3328,2023-09-29,Paulo Barbosa,Casa,656.31,USD,3246.90
3329,2024-12-23,Felipe Jesus,Moda,3575.31,BRL,3575.31
3330,2023-02-15,Henrique Martins,Livros,3104.98,BRL,3104.98
3332,2024-11-26,João Esteves,Livros,1590.25,BRL,1590.25
3333,2023-10-27,Bruno Lopes,Eletrônicos,1038.15,BRL,1038.15
3335,2024-12-05,Sofia Lopes,Eletrônicos,3963.76,USD,23976.39
3336,2023-10-02,Olívia Duarte,Casa,249.29,BRL,249.29
3337,2024-07-04,Carla Klein,Esporte,2103.25,USD,11633.50
3338,2023-07-02,Diego Queiroz,Eletrônicos,4426.59,BRL,4426.59
3339,2023-04-20,Gabriela Carvalho,Moda,1909.84,BRL,1909.84
3340,2023-10-10,Isabela Almeida,Eletrônicos,672.76,USD,3420.04
3341,2023-03-05,João Ribeiro,Moda,4803.33,BRL,4803.33
3342,2023-12-25,Sofia Esteves,Casa,3734.51,BRL,3734.51
3343,2023-01-03,Ana Queiroz,Eletrônicos,653.78,BRL,653.78
3344,2023-08-07,Mariana Ferreira,Livros,2456.61,BRL,2456.61
3345,2023-08-21,Felipe Pereira,Esporte,2671.74,BRL,2671.74
3347,2023-11-29,Mariana Santos,Moda,3338.03,BRL,3338.03
3348,2024-09-27,Eduarda Teixeira,Esporte,1296.68,BRL,1296.68
3349,2024-05-31,Mariana Martins,Livros,2590.26,BRL,2590.26
3350,2024-04-16,Tiago Martins,Eletrônicos,3622.66,USD,18616.49
3351,2023-04-30,Olívia Almeida,Moda,1776.93,BRL,1776.93
3352,2024-10-16,Ana Jesus,Esporte,4337.00,BRL,4337.00
3353,2023-11-12,Lucas Oliveira,Moda,3921.31,BRL,3921.31
3354,2024-01-21,Felipe Duarte,Moda,2581.06,BRL,2581.06
3355,2024-11-29,Felipe Jesus,Casa,1179.86,BRL,1179.86
3357,2023-06-11,Karina Klein,Esporte,3926.32,USD,19010.06
3358,2024-11-23,Henrique Pereira,Não informado,747.44,BRL,747.44
3360,2024-05-18,Ana Gomes,Moda,288.29,BRL,288.29
3361,2023-08-20,Carla Santos,Livros,2580.34,BRL,2580.34
3362,2024-01-18,Sofia Ferreira,Livros,2951.95,BRL,2951.95
3363,2024-11-07,Bruno Queiroz,Eletrônicos,1453.30,BRL,1453.30
3364,2024-07-27,Felipe Barbosa,Esporte,4871.36,BRL,4871.36
3365,2023-12-27,Eduarda Gomes,Eletrônicos,3442.15,BRL,3442.15
3366,2023-01-13,Sofia Barbosa,Eletrônicos,318.21,BRL,318.21
3367,2023-10-15,Vitória Almeida,Esporte,1619.57,BRL,1619.57
3368,2023-03-24,Isabela Carvalho,Esporte,2754.24,BRL,2754.24
3369,2024-10-27,Nuno Ribeiro,Livros,1356.17,BRL,1356.17
3370,2024-05-18,Tiago Oliveira,Eletrônicos,1298.39,BRL,1298.39
3371,2024-04-10,Rafael Jesus,Eletrônicos,310.44,BRL,310.44
3372,2024-11-22,Sofia Oliveira,Não informado,1264.32,USD,7323.32
3373,2023-08-13,Bruno Duarte,Casa,1399.89,BRL,1399.89
3375,2024-10-17,Carla Oliveira,Eletrônicos,4334.51,BRL,4334.51
3376,2023-04-20,Olívia Pereira,Moda,3948.60,BRL,3948.60
3377,2024-05-19,Olívia Oliveira,Eletrônicos,1199.17,BRL,1199.17
3378,2024-11-06,Tiago Henriques,Esporte,358.60,BRL,358.60
3379,2024-08-24,Vitória Ribeiro,Eletrônicos,3757.75,BRL,3757.75
3380,2024-11-05,Olívia Barbosa,Casa,3585.63,BRL,3585.63
3381,2024-05-12,Felipe Santos,Moda,1061.99,BRL,1061.99
3382,2024-11-19,Rafael Ferreira,Casa,1342.08,BRL,1342.08
3383,2024-02-17,Rafael Teixeira,Esporte,4919.38,BRL,4919.38
3384,2023-08-04,Sofia Martins,Casa,1305.54,BRL,1305.54
3385,2024-03-10,Mariana Klein,Livros,98.92,BRL,98.92
3386,2024-02-09,Rafael Almeida,Esporte,3767.40,BRL,3767.40
3387,2023-03-05,Henrique Almeida,Esporte,774.35,BRL,774.35
3389,2024-05-23,Tiago Ferreira,Moda,1613.89,BRL,1613.89
3392,2024-07-05,Mariana Ferreira,Eletrônicos,336.39,USD,1860.64
3393,2024-09-19,Eduarda Teixeira,Livros,3871.60,BRL,3871.60
3394,2023-11-05,Gabriela Nogueira,Moda,3306.04,BRL,3306.04
3395,2023-06-13,Carla Vasconcelos,Moda,1943.37,USD,9409.21
3397,2024-01-30,João Carvalho,Moda,4429.59,BRL,4429.59
3398,2023-09-19,Felipe Ribeiro,Eletrônicos,756.32,BRL,756.32
3399,2023-04-12,Henrique Duarte,Moda,4343.81,BRL,4343.81
3400,2024-10-09,Eduarda Carvalho,Eletrônicos,3319.26,BRL,3319.26
3402,2024-10-13,Diego Jesus,Casa,2605.56,BRL,2605.56
3403,2024-05-12,Tiago Oliveira,Livros,1411.43,USD,7272.53
3404,2023-10-06,Ana Teixeira,Livros,4537.08,BRL,4537.08
3405,2023-11-05,Sofia Teixeira,Moda,3776.10,BRL,3776.10
3406,2023-09-10,Sofia Jesus,Casa,4420.29,BRL,4420.29
3407,2023-03-15,Lucas Teixeira,Eletrônicos,1956.71,BRL,1956.71
3408,2024-05-09,Diego Duarte,Eletrônicos,3208.83,BRL,3208.83
3410,2024-02-09,Carla Santos,Casa,2625.27,BRL,2625.27
3411,2024-05-02,Henrique Barbosa,Casa,2335.95,BRL,2335.95
3412,2023-12-13,Ana Duarte,Moda,3735.99,BRL,3735.99
3413,2024-05-28,Lucas Henriques,Eletrônicos,3398.30,USD,17510.08
3414,2023-02-17,Rafael Lopes,Esporte,179.17,USD,928.64
3415,2023-08-21,Bruno Carvalho,Esporte,3619.54,BRL,3619.54
3416,2023-04-16,Diego Teixeira,Moda,2085.99,USD,10467.29
3417,2024-06-25,Sofia Gomes,Casa,1677.36,BRL,1677.36
3418,2023-07-26,Vitória Santos,Não informado,2130.83,BRL,2130.83
3419,2023-08-13,Tiago Teixeira,Eletrônicos,4587.31,BRL,4587.31
3420,2023-02-03,Eduarda Ribeiro,Casa,2514.42,BRL,2514.42
3421,2024-06-14,Nuno Almeida,Esporte,1963.75,BRL,1963.75
3422,2023-02-02,Paulo Teixeira,Eletrônicos,4679.15,BRL,4679.15
3423,2024-12-17,Carla Almeida,Moda,3720.58,USD,22505.42
3426,2024-12-25,Rafael Ribeiro,Eletrônicos,1376.93,USD,8328.91
3427,2023-08-17,Karina Henriques,Casa,79.21,BRL,79.21
3430,2024-01-28,Ana Ribeiro,Livros,28.95,BRL,28.95
3431,2023-08-18,Felipe Teixeira,Eletrônicos,806.97,BRL,806.97
3432,2024-06-03,João Ferreira,Casa,4682.92,BRL,4682.92
3434,2024-12-29,João Duarte,Esporte,451.54,BRL,451.54
3435,2023-08-03,Nuno Pereira,Eletrônicos,4695.50,BRL,4695.50
3436,2023-05-30,Ana Almeida,Moda,3837.34,BRL,3837.34
3437,2023-02-22,Karina Nogueira,Livros,2233.99,BRL,2233.99
3438,2023-04-10,Lucas Teixeira,Casa,1560.91,BRL,1560.91
3439,2024-07-18,Diego Teixeira,Eletrônicos,3478.49,USD,19240.22
3441,2024-07-16,Paulo Barbosa,Livros,4219.38,BRL,4219.38
3443,2023-06-06,Lucas Nogueira,Esporte,277.81,BRL,277.81
3444,2023-09-07,Lucas Barbosa,Casa,1517.57,BRL,1517.57
3445,2024-01-10,Vitória Carvalho,Esporte,2859.61,BRL,2859.61
3446,2024-08-10,Rafael Pereira,Casa,1113.07,BRL,1113.07
3447,2024-12-28,Nuno Gomes,Moda,3610.35,USD,21838.65
3448,2023-10-17,Henrique Duarte,Livros,4193.39,BRL,4193.39
3449,2023-11-24,Bruno Carvalho,Casa,4916.52,BRL,4916.52
3450,2023-05-30,Gabriela Vasconcelos,Moda,3505.80,BRL,3505.80
3451,2024-04-19,Ana Nogueira,Livros,596.47,USD,3065.20
3452,2024-08-21,Eduarda Henriques,Moda,1591.10,BRL,1591.10
3453,2024-05-26,Henrique Henriques,Eletrônicos,2399.24,BRL,2399.24
3454,2023-04-13,Lucas Klein,Esporte,1975.50,BRL,1975.50
3455,2024-04-07,João Oliveira,Eletrônicos,861.10,BRL,861.10
3456,2024-04-12,Mariana Lopes,Livros,4565.49,USD,23461.60
3457,2024-01-18,Nuno Carvalho,Livros,3720.91,BRL,3720.91
3458,2023-07-20,Tiago Jesus,Casa,2980.76,BRL,2980.76
3459,2024-08-15,Karina Queiroz,Eletrônicos,3809.34,BRL,3809.34
3461,2023-03-30,Gabriela Almeida,Esporte,2784.81,BRL,2784.81
3463,2024-10-30,Isabela Teixeira,Livros,3608.90,BRL,3608.90
3464,2024-08-04,Karina Klein,Casa,4528.34,BRL,4528.34
3465,2024-09-06,Mariana Carvalho,Casa,4152.54,BRL,4152.54
3466,2024-03-24,Nuno Henriques,Livros,1772.88,BRL,1772.88
3467,2023-04-28,Bruno Henriques,Eletrônicos,1021.49,BRL,1021.49
3469,2024-04-04,Isabela Martins,Casa,4216.01,USD,21665.65
3470,2024-04-21,Henrique Lopes,Esporte,4661.56,BRL,4661.56
3473,2023-04-13,Nuno Ribeiro,Moda,1575.60,USD,7906.20
3474,2024-01-31,Paulo Oliveira,Livros,151.01,USD,742.77
3475,2023-10-03,Karina Almeida,Moda,4499.59,BRL,4499.59
3476,2023-06-26,Tiago Jesus,Esporte,4008.69,BRL,4008.69
3477,2024-07-02,Olívia Martins,Moda,2957.27,BRL,2957.27
3478,2023-07-05,Tiago Ribeiro,Livros,4279.62,BRL,4279.62
3479,2023-01-09,Lucas Gomes,Livros,4679.41,BRL,4679.41
3480,2024-12-20,Lucas Esteves,Casa,1448.92,BRL,1448.92
3481,2023-12-21,Paulo Nogueira,Livros,346.12,BRL,346.12
3482,2023-11-16,Diego Almeida,Livros,1397.02,USD,6878.23
3484,2023-10-09,Tiago Ribeiro,Casa,3397.65,USD,17272.29
3486,2024-05-17,Felipe Esteves,Livros,3595.92,BRL,3595.92
3487,2024-05-30,Diego Jesus,Livros,598.98,BRL,598.98
3488,2024-02-08,Diego Carvalho,Esporte,1416.52,BRL,1416.52
3489,2023-08-19,Sofia Santos,Livros,322.50,BRL,322.50
3491,2023-11-11,Gabriela Gomes,Moda,4199.40,BRL,4199.40
3492,2024-04-23,Vitória Teixeira,Moda,4088.44,BRL,4088.44
3493,2023-11-17,Rafael Pereira,Não informado,805.76,USD,3967.16
3495,2024-05-22,Gabriela Pereira,Livros,4752.48,BRL,4752.48
3496,2023-05-13,Olívia Santos,Moda,3856.09,BRL,3856.09
3497,2024-04-28,Sofia Carvalho,Livros,460.14,BRL,460.14
3498,2024-05-30,Carla Teixeira,Eletrônicos,900.33,BRL,900.33
3499,2023-02-15,Karina Oliveira,Esporte,40.48,BRL,40.48
3500,2024-04-15,Felipe Gomes,Esporte,570.90,BRL,570.90
3501,2024-12-19,Felipe Vasconcelos,Livros,279.82,BRL,279.82
3503,2023-12-24,Felipe Oliveira,Casa,2656.16,BRL,2656.16
3504,2023-05-04,Eduarda Gomes,Esporte,931.52,BRL,931.52
3505,2023-10-16,Karina Klein,Casa,2116.18,BRL,2116.18
3506,2023-01-13,Diego Queiroz,Livros,3702.67,BRL,3702.67
3507,2024-01-14,Gabriela Pereira,Livros,1021.29,BRL,1021.29
3509,2023-05-18,Ana Ribeiro,Casa,2187.21,USD,10866.72
3510,2024-05-17,Eduarda Jesus,Eletrônicos,3238.56,BRL,3238.56
3511,2024-12-06,Diego Lopes,Esporte,3174.30,BRL,3174.30
3512,2024-09-26,Henrique Pereira,Eletrônicos,2798.21,BRL,2798.21
3513,2023-10-25,Carla Oliveira,Moda,2681.50,USD,13631.67
3514,2024-03-01,Eduarda Santos,Livros,3376.22,USD,16851.73
3515,2024-04-29,Nuno Duarte,Esporte,204.20,BRL,204.20
3517,2024-11-01,Sofia Barbosa,Casa,3218.20,BRL,3218.20
3518,2024-03-10,Nuno Ribeiro,Moda,2139.07,BRL,2139.07
3519,2024-06-22,Sofia Barbosa,Eletrônicos,3134.55,USD,16815.92
3520,2024-03-29,Isabela Lopes,Eletrônicos,4593.03,USD,22925.19
3521,2023-11-27,João Duarte,Moda,585.19,BRL,585.19
3522,2024-08-02,Paulo Henriques,Livros,1217.95,BRL,1217.95
3523,2023-05-04,Karina Oliveira,Esporte,2705.86,BRL,2705.86
3525,2024-10-24,Isabela Barbosa,Casa,519.59,BRL,519.59
3527,2024-05-27,Vitória Pereira,Eletrônicos,2814.65,BRL,2814.65
3528,2024-03-25,Rafael Duarte,Casa,3018.18,BRL,3018.18
3529,2023-08-22,Henrique Gomes,Esporte,1698.74,BRL,1698.74
3530,2024-06-30,Nuno Duarte,Livros,4112.79,USD,22063.88
3531,2024-12-26,Tiago Ferreira,Moda,2369.81,BRL,2369.81
3532,2023-10-06,Mariana Nogueira,Não informado,2092.58,BRL,2092.58
3533,2024-06-17,Vitória Pereira,Esporte,592.71,BRL,592.71
3537,2023-05-27,Diego Lopes,Livros,4613.98,BRL,4613.98
3540,2024-12-06,Nuno Oliveira,Livros,446.97,BRL,446.97
3541,2024-04-06,Lucas Lopes,Livros,600.95,BRL,600.95
3542,2023-10-04,Isabela Klein,Eletrônicos,2975.41,BRL,2975.41
3545,2023-04-09,Ana Vasconcelos,Livros,4570.67,BRL,4570.67
3547,2024-04-07,João Martins,Eletrônicos,2769.75,BRL,2769.75
3549,2023-03-28,Carla Gomes,Eletrônicos,2074.80,BRL,2074.80
3550,2023-10-31,Felipe Klein,Eletrônicos,4297.28,BRL,4297.28
3551,2023-06-28,Carla Queiroz,Livros,1447.09,BRL,1447.09
3552,2023-01-12,Tiago Martins,Casa,267.11,USD,1389.35
3553,2024-10-11,Olívia Nogueira,Casa,2895.50,BRL,2895.50
3554,2024-10-25,João Ribeiro,Livros,593.93,BRL,593.93
3555,2024-09-08,Isabela Queiroz,Eletrônicos,4651.90,BRL,4651.90
3556,2024-09-18,Karina Vasconcelos,Não informado,868.94,BRL,868.94
3557,2024-07-15,Carla Esteves,Livros,4393.54,BRL,4393.54
3558,2024-05-29,Carla Santos,Casa,2488.25,USD,12820.96
3559,2024-01-29,Gabriela Lopes,Moda,4097.59,USD,20154.82
3562,2024-11-06,Diego Ferreira,Moda,703.85,BRL,703.85
3563,2024-09-12,Henrique Oliveira,Esporte,1730.85,BRL,1730.85
3565,2024-08-31,Carla Duarte,Livros,2111.68,BRL,2111.68
3566,2024-05-05,Vitória Carvalho,Moda,1842.52,BRL,1842.52
3567,2023-02-26,Henrique Jesus,Moda,4674.39,USD,24227.36
3568,2023-02-10,Mariana Santos,Esporte,23.55,BRL,23.55
3569,2024-09-17,Olívia Lopes,Esporte,3810.12,BRL,3810.12
3570,2023-07-14,Tiago Henriques,Livros,3040.24,BRL,3040.24
3571,2023-01-14,Karina Gomes,Moda,4830.88,BRL,4830.88
3575,2024-03-07,Bruno Carvalho,Não informado,758.21,BRL,758.21
3576,2024-10-17,Diego Martins,Eletrônicos,3004.91,BRL,3004.91
3577,2024-04-13,Mariana Oliveira,Moda,1683.29,BRL,1683.29
3578,2023-09-02,Carla Jesus,Livros,84.44,BRL,84.44
3579,2024-11-09,João Jesus,Eletrônicos,3335.68,BRL,3335.68
3580,2024-12-29,Ana Queiroz,Moda,2662.01,BRL,2662.01
3582,2023-08-22,Eduarda Esteves,Eletrônicos,722.55,BRL,722.55
3583,2023-04-21,Eduarda Martins,Livros,1569.26,USD,7874.39
3584,2024-03-21,Isabela Nogueira,Esporte,4325.70,BRL,4325.70
3586,2023-06-13,Olívia Klein,Casa,1468.57,BRL,1468.57
3587,2024-05-17,Rafael Henriques,Moda,1187.66,BRL,1187.66
3588,2023-03-10,Bruno Lopes,Livros,4437.94,BRL,4437.94
3589,2024-08-01,Ana Carvalho,Eletrônicos,2522.48,BRL,2522.48
3590,2023-02-22,Carla Vasconcelos,Casa,4463.47,BRL,4463.47
3591,2024-12-30,Carla Nogueira,Moda,4571.41,BRL,4571.41
3592,2024-06-25,Bruno Almeida,Não informado,1742.11,BRL,1742.11
3593,2024-11-01,Gabriela Lopes,Moda,4818.62,BRL,4818.62
3595,2024-08-20,Tiago Gomes,Casa,1955.58,BRL,1955.58
3596,2023-12-11,Olívia Klein,Eletrônicos,3173.09,BRL,3173.09
3597,2024-12-27,Carla Oliveira,Eletrônicos,1627.45,BRL,1627.45
3598,2024-01-19,Diego Nogueira,Casa,807.07,BRL,807.07
3599,2024-05-13,Tiago Jesus,Livros,165.22,BRL,165.22
3600,2024-12-13,Felipe Esteves,Esporte,2389.75,USD,14455.36
3601,2023-04-26,Olívia Vasconcelos,Livros,1564.82,USD,7852.11
3602,2024-08-18,Eduarda Martins,Moda,4536.60,USD,25172.69
3603,2024-01-29,Rafael Martins,Moda,4498.69,BRL,4498.69
3604,2024-10-15,Olívia Esteves,Livros,918.91,USD,5147.27
3605,2023-06-22,Gabriela Carvalho,Casa,363.24,BRL,363.24
3606,2023-05-18,Vitória Gomes,Eletrônicos,414.81,BRL,414.81
3608,2024-12-26,Rafael Jesus,Eletrônicos,2826.58,BRL,2826.58
3609,2024-06-24,Isabela Ferreira,Eletrônicos,3769.07,USD,20219.93
3610,2023-06-01,Bruno Carvalho,Moda,2088.57,USD,10112.23
3611,2024-10-23,Bruno Pereira,Eletrônicos,112.01,BRL,112.01
3612,2023-01-24,Eduarda Oliveira,Livros,2235.54,BRL,2235.54
3614,2023-05-29,Tiago Jesus,Esporte,4113.73,USD,20438.24
3615,2024-05-01,Sofia Oliveira,Casa,3049.31,BRL,3049.31
3616,2024-01-29,Henrique Queiroz,Livros,4712.14,USD,23177.60
3617,2024-09-10,Vitória Teixeira,Casa,3426.07,USD,18769.38
3618,2023-04-05,Isabela Lopes,Esporte,4595.07,BRL,4595.07
3619,2024-01-29,Gabriela Barbosa,Não informado,999.03,BRL,999.03
3620,2023-03-07,Ana Pereira,Esporte,1467.14,BRL,1467.14
3621,2023-03-05,Eduarda Oliveira,Esporte,929.42,BRL,929.42
3623,2023-10-17,Felipe Pereira,Casa,4064.80,BRL,4064.80
3625,2024-08-05,Diego Pereira,Casa,4634.98,BRL,4634.98
3627,2024-03-27,Ana Pereira,Livros,3508.96,BRL,3508.96
3628,2023-10-25,Paulo Henriques,Livros,2573.79,BRL,2573.79
3629,2023-11-24,João Klein,Eletrônicos,1942.86,BRL,1942.86
3631,2024-05-04,Vitória Queiroz,Livros,1284.95,BRL,1284.95
3633,2023-07-18,Rafael Duarte,Esporte,4337.07,BRL,4337.07
3635,2023-02-25,Felipe Duarte,Moda,444.10,BRL,444.10
3636,2023-08-13,Nuno Queiroz,Casa,1309.04,BRL,1309.04
3637,2024-10-27,Ana Oliveira,Livros,82.79,BRL,82.79
3638,2024-09-14,Eduarda Queiroz,Eletrônicos,2539.25,BRL,2539.25
3639,2023-09-30,Karina Carvalho,Moda,2946.17,BRL,2946.17
3640,2024-07-27,Paulo Oliveira,Livros,1549.08,BRL,1549.08
3642,2023-01-29,Mariana Jesus,Eletrônicos,3896.02,BRL,3896.02
3643,2024-09-07,Carla Jesus,Eletrônicos,3140.01,BRL,3140.01
3644,2023-06-25,Paulo Lopes,Não informado,1483.31,BRL,1483.31
3645,2024-12-19,João Barbosa,Esporte,4921.22,BRL,4921.22
3646,2023-12-03,Bruno Almeida,Casa,3372.68,BRL,3372.68
3648,2023-07-20,João Lopes,Eletrônicos,3209.39,USD,15445.19
3649,2024-03-06,João Henriques,Eletrônicos,343.79,BRL,343.79
3650,2023-04-16,Vitória Esteves,Eletrônicos,3405.65,BRL,3405.65
3651,2023-01-13,Isabela Klein,Eletrônicos,1152.49,BRL,1152.49
3652,2023-08-26,Karina Queiroz,Moda,2985.39,BRL,2985.39
3653,2023-05-18,João Duarte,Livros,245.45,BRL,245.45
3655,2024-04-01,Carla Jesus,Eletrônicos,2689.32,BRL,2689.32
3656,2024-10-01,Eduarda Nogueira,Não informado,3702.45,USD,20739.27
3657,2023-05-29,Sofia Duarte,Moda,4728.45,BRL,4728.45
3658,2024-12-21,Vitória Pereira,Moda,2454.80,BRL,2454.80
3659,2024-09-28,Sofia Carvalho,Livros,3433.50,USD,18810.09
3660,2023-01-09,Ana Gomes,Esporte,64.65,USD,336.27
3664,2024-03-06,Sofia Pereira,Livros,4917.22,BRL,4917.22
3665,2024-06-23,Diego Lopes,Livros,3968.20,BRL,3968.20
3666,2023-12-09,Henrique Henriques,Casa,2448.54,BRL,2448.54
3667,2023-07-08,Gabriela Nogueira,Moda,701.65,BRL,701.65
3668,2023-12-20,Mariana Teixeira,Eletrônicos,898.44,BRL,898.44
3669,2023-06-01,Eduarda Jesus,Eletrônicos,975.95,BRL,975.95
3670,2024-12-12,Tiago Ferreira,Esporte,2486.00,BRL,2486.00
3671,2024-03-14,Rafael Oliveira,Esporte,2371.81,BRL,2371.81
3672,2023-06-09,Nuno Gomes,Casa,336.70,USD,1630.20
3673,2023-05-22,Isabela Duarte,Livros,4359.59,BRL,4359.59
3674,2024-06-14,Vitória Queiroz,Moda,1628.81,BRL,1628.81
3676,2024-04-22,João Jesus,Eletrônicos,468.69,BRL,468.69
3677,2023-11-01,Lucas Barbosa,Moda,2133.10,BRL,2133.10
3678,2024-10-23,Felipe Ferreira,Livros,1732.65,BRL,1732.65
3679,2023-12-30,Rafael Lopes,Esporte,330.67,BRL,330.67
3680,2023-12-09,Vitória Duarte,Eletrônicos,741.32,BRL,741.32
3681,2024-08-11,Diego Almeida,Esporte,489.03,BRL,489.03
3682,2024-09-17,Sofia Queiroz,Eletrônicos,3919.99,USD,21475.27
3683,2023-08-02,Mariana Esteves,Moda,1936.72,BRL,1936.72
3685,2024-09-12,Felipe Gomes,Eletrônicos,2271.00,BRL,2271.00
3686,2024-06-15,Eduarda Esteves,Casa,335.15,BRL,335.15
3687,2024-07-07,Paulo Nogueira,Eletrônicos,4092.61,BRL,4092.61
3688,2024-08-11,Tiago Jesus,Casa,1695.56,BRL,1695.56
3690,2024-05-28,Mariana Ribeiro,Eletrônicos,2629.06,BRL,2629.06
3691,2024-05-02,Lucas Esteves,Moda,4820.84,BRL,4820.84
3693,2024-10-06,Bruno Gomes,Esporte,2337.30,BRL,2337.30
3694,2024-07-15,Diego Pereira,Casa,4850.77,BRL,4850.77
3695,2023-08-27,Diego Jesus,Livros,1279.07,USD,6272.30
3696,2024-04-11,Diego Ferreira,Esporte,4339.25,BRL,4339.25
3697,2024-10-01,Diego Ribeiro,Casa,1047.12,BRL,1047.12
3698,2024-10-19,Bruno Teixeira,Eletrônicos,993.82,BRL,993.82
3699,2023-01-21,Paulo Barbosa,Moda,2089.16,BRL,2089.16
3700,2023-09-24,Vitória Jesus,Livros,2452.01,BRL,2452.01
3701,2023-01-30,Bruno Santos,Esporte,3384.78,BRL,3384.78
3702,2023-10-17,Olívia Oliveira,Livros,4685.91,BRL,4685.91
3703,2024-11-06,Paulo Queiroz,Livros,2385.57,BRL,2385.57
3704,2023-11-17,Eduarda Carvalho,Eletrônicos,4263.32,USD,20990.46
3706,2023-08-29,Felipe Henriques,Moda,142.04,BRL,142.04
3707,2023-07-16,Karina Ribeiro,Eletrônicos,3803.96,BRL,3803.96
3708,2023-01-14,Mariana Carvalho,Esporte,4149.64,BRL,4149.64
3710,2023-11-08,Lucas Martins,Esporte,2447.74,BRL,2447.74
3712,2023-01-20,Rafael Esteves,Eletrônicos,3839.58,USD,19971.19
3713,2024-05-03,Felipe Lopes,Esporte,2004.26,BRL,2004.26
3714,2023-04-15,Rafael Martins,Esporte,1159.46,BRL,1159.46
3715,2024-06-12,Nuno Pereira,Esporte,1661.65,USD,8914.25
3717,2023-09-09,Felipe Barbosa,Livros,4375.10,USD,21644.49
3718,2023-04-21,Paulo Barbosa,Moda,4829.51,USD,24234.00
3719,2024-08-18,Nuno Queiroz,Eletrônicos,792.41,BRL,792.41
3720,2024-03-30,Rafael Duarte,Eletrônicos,1595.94,BRL,1595.94
3721,2024-04-14,Olívia Almeida,Casa,3273.43,BRL,3273.43
3723,2023-12-18,Gabriela Jesus,Livros,1438.09,BRL,1438.09
3724,2024-09-20,Carla Teixeira,Eletrônicos,3703.60,USD,20289.80
3725,2024-11-22,Tiago Henriques,Esporte,998.66,BRL,998.66
3726,2023-06-15,Tiago Ribeiro,Casa,2596.43,BRL,2596.43
3727,2023-07-07,Bruno Barbosa,Livros,318.13,BRL,318.13
3728,2023-05-25,Isabela Pereira,Moda,2869.33,BRL,2869.33
3730,2023-03-13,Nuno Ferreira,Moda,377.60,BRL,377.60
3731,2023-03-11,Nuno Almeida,Eletrônicos,2916.12,BRL,2916.12
3732,2023-12-25,Gabriela Nogueira,Esporte,4698.32,USD,23026.94
3733,2023-08-06,Sofia Carvalho,Livros,1176.67,BRL,1176.67
3735,2024-05-08,Felipe Esteves,Moda,575.80,BRL,575.80
3736,2024-01-03,Karina Almeida,Livros,905.90,BRL,905.90
3737,2023-04-04,Isabela Klein,Não informado,2447.92,BRL,2447.92
3738,2023-01-14,João Oliveira,Eletrônicos,913.64,BRL,913.64
3741,2024-01-28,Isabela Nogueira,Eletrônicos,154.15,BRL,154.15
3742,2024-06-17,Eduarda Almeida,Esporte,1268.42,BRL,1268.42
3745,2024-09-29,João Barbosa,Esporte,2462.49,BRL,2462.49
3747,2024-05-12,Rafael Esteves,Moda,1422.31,BRL,1422.31
3748,2023-09-01,Rafael Henriques,Livros,960.12,BRL,960.12
3752,2024-11-11,Isabela Henriques,Eletrônicos,951.98,BRL,951.98
3753,2023-02-24,Sofia Duarte,Casa,3864.23,BRL,3864.23
3754,2023-06-13,João Carvalho,Esporte,2767.50,BRL,2767.50
3755,2023-09-07,Karina Pereira,Esporte,1122.93,BRL,1122.93
3756,2024-06-12,Ana Henriques,Eletrônicos,1352.78,BRL,1352.78
3757,2023-09-12,Gabriela Almeida,Livros,269.70,BRL,269.70
3758,2024-05-27,Felipe Duarte,Livros,1084.07,BRL,1084.07
3759,2023-07-25,Eduarda Nogueira,Esporte,1548.95,BRL,1548.95
3760,2024-06-26,Ana Carvalho,Livros,4941.98,BRL,4941.98
3761,2024-04-15,Ana Pereira,Esporte,2147.98,USD,11038.25
3762,2024-05-14,Mariana Pereira,Eletrônicos,3471.24,BRL,3471.24
3764,2024-02-10,Vitória Ferreira,Eletrônicos,638.75,BRL,638.75
3765,2023-05-08,Mariana Esteves,Esporte,4597.09,BRL,4597.09
3766,2024-11-08,Mariana Gomes,Eletrônicos,189.42,BRL,189.42
3767,2024-08-18,Paulo Queiroz,Livros,4660.41,BRL,4660.41
3768,2024-05-04,Rafael Klein,Não informado,329.24,USD,1696.44
3769,2023-04-14,Mariana Nogueira,Moda,247.47,BRL,247.47
3770,2024-01-12,Tiago Oliveira,Casa,3815.23,BRL,3815.23
3771,2023-06-17,Carla Esteves,Não informado,4157.46,BRL,4157.46
3773,2023-12-18,Eduarda Pereira,Eletrônicos,2672.66,USD,13098.97
3774,2023-04-19,Isabela Jesus,Livros,848.09,BRL,848.09
3775,2023-07-21,Henrique Gomes,Moda,2339.54,BRL,2339.54
3776,2024-01-10,Paulo Teixeira,Livros,4187.24,BRL,4187.24
3778,2023-04-06,Eduarda Nogueira,Eletrônicos,271.33,BRL,271.33
3779,2023-12-21,Felipe Pereira,Esporte,3555.64,USD,17426.55
3780,2024-02-18,Diego Vasconcelos,Esporte,4558.56,BRL,4558.56
3781,2024-12-10,Mariana Lopes,Eletrônicos,3853.01,USD,23306.47
3782,2024-10-03,Vitória Henriques,Esporte,4536.70,BRL,4536.70
3783,2024-03-15,Eduarda Teixeira,Livros,2962.21,BRL,2962.21
3784,2023-06-01,Ana Almeida,Moda,3768.35,BRL,3768.35
3785,2024-11-16,Henrique Nogueira,Moda,2962.72,USD,17160.96
3786,2023-12-11,Rafael Lopes,Livros,1924.65,BRL,1924.65
3789,2024-02-01,Vitória Barbosa,Eletrônicos,4701.72,BRL,4701.72
3790,2023-05-29,Paulo Klein,Livros,4906.96,BRL,4906.96
3791,2024-03-03,Vitória Queiroz,Livros,528.83,BRL,528.83
3792,2023-07-24,Tiago Teixeira,Moda,4609.32,BRL,4609.32
3793,2024-02-02,Felipe Vasconcelos,Esporte,4642.26,BRL,4642.26
3795,2023-01-10,Henrique Lopes,Eletrônicos,2903.43,USD,15101.90
3796,2024-12-25,Paulo Klein,Casa,1883.73,BRL,1883.73
3797,2023-09-22,Tiago Queiroz,Esporte,649.22,BRL,649.22
3798,2023-06-14,Diego Klein,Eletrônicos,77.58,USD,375.62
3799,2024-07-14,Paulo Santos,Casa,2936.10,USD,16240.16
3800,2023-05-05,Rafael Santos,Esporte,2183.54,BRL,2183.54
3801,2023-08-22,Rafael Klein,Casa,3795.25,BRL,3795.25
3802,2023-01-11,Isabela Klein,Eletrônicos,1302.88,BRL,1302.88
3803,2023-06-04,Rafael Duarte,Livros,4573.73,BRL,4573.73
3804,2023-10-26,Bruno Oliveira,Eletrônicos,3574.73,BRL,3574.73
3805,2023-09-25,Sofia Vasconcelos,Eletrônicos,3817.27,BRL,3817.27
3806,2024-05-22,Sofia Martins,Moda,1007.13,BRL,1007.13
3807,2024-01-28,Lucas Oliveira,Esporte,4087.77,BRL,4087.77
3808,2023-03-16,Karina Jesus,Livros,1100.70,USD,5750.72
3809,2024-05-25,Lucas Lopes,Livros,2507.00,BRL,2507.00
3810,2023-08-03,Nuno Almeida,Casa,3431.17,BRL,3431.17
3812,2024-09-04,Felipe Esteves,Livros,313.64,BRL,313.64
3813,2023-04-05,Vitória Carvalho,Casa,1403.82,BRL,1403.82
3815,2023-08-27,Isabela Barbosa,Livros,2227.08,BRL,2227.08
3816,2024-08-04,Sofia Pereira,Casa,3853.27,BRL,3853.27
3817,2024-06-03,Ana Jesus,Esporte,2286.87,USD,12268.37
3818,2023-07-13,Sofia Queiroz,Moda,144.45,USD,695.17
3819,2024-03-13,Olívia Barbosa,Casa,1704.72,BRL,1704.72
3820,2024-06-07,Henrique Esteves,Esporte,196.14,BRL,196.14
3821,2024-10-15,Henrique Gomes,Esporte,1383.70,BRL,1383.70
3822,2024-12-07,Diego Vasconcelos,Livros,1590.39,BRL,1590.39
3823,2023-06-20,Felipe Ferreira,Livros,2370.74,BRL,2370.74
3825,2024-08-23,Carla Ferreira,Esporte,962.34,BRL,962.34
3826,2024-03-01,Karina Duarte,Casa,901.56,USD,4499.96
3827,2024-08-06,Carla Esteves,Esporte,1501.36,BRL,1501.36
3828,2024-05-09,Rafael Barbosa,Casa,927.78,BRL,927.78
3829,2023-11-25,Ana Vasconcelos,Casa,925.69,BRL,925.69
3830,2023-04-20,Isabela Oliveira,Livros,2230.63,USD,11193.08
3831,2024-06-15,João Pereira,Livros,1840.60,BRL,1840.60
3833,2023-09-03,Bruno Klein,Casa,2022.00,USD,10003.24
3834,2023-05-29,Carla Pereira,Livros,2513.87,BRL,2513.87
3835,2023-10-06,Nuno Henriques,Livros,1716.21,BRL,1716.21
3836,2024-05-31,Isabela Duarte,Livros,2555.93,BRL,2555.93
3837,2024-05-10,Nuno Jesus,Eletrônicos,3371.83,BRL,3371.83
3838,2024-11-08,Olívia Vasconcelos,Eletrônicos,1500.34,BRL,1500.34
3839,2023-12-20,Nuno Martins,Livros,3127.05,BRL,3127.05
3840,2024-11-21,Ana Lopes,Eletrônicos,1891.09,BRL,1891.09
3841,2023-03-26,Sofia Santos,Moda,4166.45,USD,21768.03
3842,2023-09-11,João Almeida,Esporte,3934.94,BRL,3934.94
3843,2023-06-24,Bruno Carvalho,Moda,2430.28,BRL,2430.28
3844,2024-07-19,Diego Oliveira,Esporte,4014.42,USD,22204.56
3845,2023-12-04,Sofia Jesus,Casa,1405.71,BRL,1405.71
3846,2023-05-17,Carla Klein,Esporte,3058.96,BRL,3058.96
3847,2023-01-09,Ana Duarte,Eletrônicos,2005.50,BRL,2005.50
3848,2023-02-27,Bruno Oliveira,Eletrônicos,2427.61,BRL,2427.61
3849,2023-01-25,Nuno Henriques,Esporte,4732.08,USD,24613.44
3850,2023-03-08,Mariana Gomes,Esporte,2726.38,USD,14244.24
3851,2023-12-05,Carla Queiroz,Moda,1836.35,BRL,1836.35
3852,2023-09-27,Eduarda Martins,Casa,3052.95,BRL,3052.95
3855,2023-07-31,Gabriela Klein,Moda,2570.89,BRL,2570.89
3856,2023-03-27,Gabriela Queiroz,Casa,4785.68,BRL,4785.68
3857,2023-10-22,Lucas Pereira,Moda,4223.03,BRL,4223.03
3858,2023-05-12,Vitória Vasconcelos,Livros,3028.53,USD,15046.65
3859,2023-09-28,Tiago Teixeira,Livros,1803.87,BRL,1803.87
3860,2023-08-04,Bruno Henriques,Esporte,849.81,USD,4167.30
3861,2023-03-04,João Ferreira,Livros,3418.24,BRL,3418.24
3862,2024-12-12,Lucas Nogueira,Eletrônicos,827.06,BRL,827.06
3864,2023-11-30,Henrique Vasconcelos,Livros,461.43,BRL,461.43
3865,2023-11-13,João Almeida,Esporte,825.30,BRL,825.30
3866,2023-07-11,João Almeida,Esporte,2069.25,BRL,2069.25
3867,2024-07-21,Lucas Carvalho,Casa,4591.45,BRL,4591.45
3868,2024-11-13,Sofia Santos,Moda,1339.69,BRL,1339.69
3869,2023-07-28,Mariana Esteves,Casa,1831.26,BRL,1831.26
3870,2024-05-06,Isabela Santos,Esporte,2903.13,BRL,2903.13
3871,2023-10-25,Ana Oliveira,Livros,801.01,USD,4072.01
3872,2023-10-31,Eduarda Gomes,Casa,4035.13,BRL,4035.13
3873,2023-11-15,Karina Jesus,Eletrônicos,4955.52,BRL,4955.52
3874,2023-11-17,Carla Santos,Livros,3304.35,BRL,3304.35
3875,2024-04-05,Rafael Martins,Livros,3854.00,BRL,3854.00
3876,2023-07-23,Sofia Pereira,Livros,1073.97,BRL,1073.97
3877,2024-02-06,Felipe Santos,Eletrônicos,4442.52,BRL,4442.52
3878,2023-04-22,Henrique Carvalho,Eletrônicos,1726.01,BRL,1726.01
3879,2023-06-01,Bruno Ribeiro,Livros,651.99,BRL,651.99
3880,2024-11-04,Sofia Gomes,Casa,4423.34,BRL,4423.34
3881,2023-05-27,Vitória Duarte,Eletrônicos,1426.86,BRL,1426.86
3882,2024-11-22,Bruno Barbosa,Casa,139.57,USD,808.43
3883,2023-02-05,Tiago Jesus,Eletrônicos,3046.69,BRL,3046.69
3884,2024-02-16,Carla Martins,Livros,3351.56,BRL,3351.56
3885,2024-06-14,Mariana Queiroz,Esporte,4793.84,BRL,4793.84
3886,2023-05-01,Diego Carvalho,Livros,1613.32,BRL,1613.32
3887,2024-08-15,Carla Almeida,Moda,373.33,USD,2071.53
3888,2024-09-03,Ana Lopes,Livros,81.26,BRL,81.26
3889,2024-07-24,Karina Duarte,Casa,4653.52,BRL,4653.52
3890,2023-07-30,Bruno Nogueira,Livros,1426.17,BRL,1426.17
3891,2023-12-27,Mariana Duarte,Casa,3306.37,USD,16204.85
3892,2023-02-24,Diego Duarte,Esporte,1757.75,BRL,1757.75
3893,2024-10-18,Mariana Jesus,Esporte,2147.77,USD,12030.73
3894,2023-06-19,Lucas Gomes,Casa,204.80,BRL,204.80
3895,2023-06-05,Vitória Nogueira,Livros,4440.95,BRL,4440.95
3896,2024-05-23,Bruno Nogueira,Moda,4977.22,BRL,4977.22
3899,2023-11-25,Sofia Klein,Casa,4563.47,BRL,4563.47
3900,2024-06-18,Gabriela Ferreira,Livros,3507.37,USD,18815.99
3901,2024-08-30,Nuno Barbosa,Moda,3709.55,USD,20583.55
3902,2024-12-24,João Henriques,Casa,2491.07,BRL,2491.07
3903,2023-12-08,Henrique Ribeiro,Eletrônicos,1744.06,BRL,1744.06
3904,2024-04-17,João Klein,Eletrônicos,3781.91,USD,19434.86
3905,2023-08-02,Henrique Vasconcelos,Moda,1787.17,BRL,1787.17
3906,2023-09-01,Karina Gomes,Casa,4204.59,BRL,4204.59
3907,2023-07-28,Mariana Henriques,Eletrônicos,1020.15,BRL,1020.15
3908,2024-01-01,Diego Santos,Casa,1723.15,BRL,1723.15
3909,2023-06-10,Ana Henriques,Moda,3912.07,USD,18941.07
3910,2024-12-02,Lucas Barbosa,Livros,1005.71,BRL,1005.71
3911,2023-03-13,João Nogueira,Esporte,1043.68,BRL,1043.68
3912,2023-01-31,Carla Pereira,Esporte,4820.12,USD,25071.37
3914,2024-04-20,Ana Oliveira,Casa,2372.90,BRL,2372.90
3915,2024-08-29,Felipe Esteves,Eletrônicos,62.25,BRL,62.25
3917,2024-09-12,Diego Teixeira,Livros,2708.52,BRL,2708.52
3918,2024-02-09,Felipe Martins,Esporte,3944.96,BRL,3944.96
3919,2023-10-17,Felipe Santos,Casa,2245.29,BRL,2245.29
3920,2023-05-02,Felipe Almeida,Eletrônicos,347.64,BRL,347.64
3921,2024-02-22,Vitória Queiroz,Eletrônicos,889.05,BRL,889.05
3922,2024-01-01,Lucas Teixeira,Casa,1335.43,BRL,1335.43
3923,2024-11-02,Rafael Nogueira,Livros,4263.47,BRL,4263.47
3924,2024-07-17,Bruno Gomes,Casa,1598.17,BRL,1598.17
3925,2023-12-30,Ana Pereira,Casa,2894.91,BRL,2894.91
3926,2024-11-13,João Esteves,Esporte,823.88,USD,4772.16
3927,2023-09-05,Eduarda Vasconcelos,Casa,2949.10,USD,14589.79
3928,2024-09-13,Karina Duarte,Esporte,503.71,BRL,503.71
3929,2024-04-06,Carla Martins,Livros,4666.78,BRL,4666.78
3930,2024-05-30,Bruno Gomes,Esporte,3379.32,BRL,3379.32
3931,2024-06-16,Felipe Ferreira,Esporte,4381.32,USD,23504.47
3932,2024-06-22,Paulo Pereira,Eletrônicos,1660.65,BRL,1660.65
3933,2023-09-22,Lucas Nogueira,Casa,4842.05,BRL,4842.05
3934,2023-04-08,Vitória Martins,Casa,1636.79,BRL,1636.79
3935,2023-09-29,Lucas Esteves,Eletrônicos,1618.03,BRL,1618.03
3937,2024-03-26,Nuno Duarte,Casa,4550.55,USD,22713.16
3938,2023-03-31,Gabriela Ferreira,Casa,163.30,BRL,163.30
3939,2024-10-30,Diego Santos,Eletrônicos,691.25,BRL,691.25
3940,2023-06-06,Paulo Martins,Livros,1430.62,BRL,1430.62
3941,2023-04-14,João Almeida,Livros,1165.95,BRL,1165.95
3942,2023-02-27,Nuno Henriques,Livros,277.76,USD,1439.63
3943,2024-12-03,Bruno Nogueira,Casa,3815.15,BRL,3815.15
3944,2024-09-23,Rafael Nogueira,Casa,1478.35,BRL,1478.35
3945,2023-04-22,Felipe Lopes,Eletrônicos,4549.48,BRL,4549.48
3949,2024-10-09,Olívia Duarte,Eletrônicos,1882.96,USD,10547.40
3950,2024-03-21,Lucas Esteves,Livros,68.69,BRL,68.69
3951,2024-09-03,Sofia Gomes,Esporte,4853.73,BRL,4853.73
3953,2024-08-29,Gabriela Henriques,Casa,3917.57,BRL,3917.57
3954,2024-04-08,Eduarda Queiroz,Livros,4881.95,USD,25087.85
3955,2024-05-24,Diego Queiroz,Eletrônicos,3743.24,BRL,3743.24
3956,2023-04-24,Bruno Ribeiro,Esporte,1606.40,BRL,1606.40
3957,2023-09-11,Paulo Teixeira,Casa,524.11,BRL,524.11
3958,2024-09-05,Mariana Henriques,Esporte,1708.80,BRL,1708.80
3959,2024-08-08,João Lopes,Esporte,949.59,BRL,949.59
3961,2024-12-08,Karina Teixeira,Casa,1555.04,BRL,1555.04
3962,2024-05-24,Lucas Vasconcelos,Livros,4125.14,BRL,4125.14
3963,2024-04-26,Olívia Lopes,Esporte,1155.66,BRL,1155.66
3964,2024-05-10,Carla Nogueira,Esporte,2303.01,BRL,2303.01
3966,2024-10-02,Bruno Barbosa,Esporte,1088.38,BRL,1088.38
3968,2024-12-05,Karina Klein,Eletrônicos,41.13,USD,248.79
3969,2023-08-18,Bruno Oliveira,Moda,415.98,BRL,415.98
3970,2023-08-21,Diego Oliveira,Livros,4877.63,BRL,4877.63
3971,2024-10-27,Henrique Martins,Moda,1101.17,USD,6168.20
3972,2024-06-23,Paulo Teixeira,Livros,2345.65,USD,12583.71
3973,2023-01-17,Rafael Klein,Esporte,3253.90,BRL,3253.90
3974,2023-12-04,Felipe Almeida,Moda,2710.47,USD,13284.28
3975,2023-08-21,Gabriela Ribeiro,Casa,3374.04,BRL,3374.04
3976,2024-07-23,Diego Almeida,Eletrônicos,1386.06,USD,7666.58
3977,2024-06-24,Ana Oliveira,Casa,3240.12,USD,17382.27
3978,2024-06-24,Ana Carvalho,Livros,413.56,BRL,413.56
3979,2024-10-24,Henrique Carvalho,Moda,1176.72,BRL,1176.72
3980,2024-12-29,Felipe Oliveira,Casa,3730.27,BRL,3730.27
3983,2023-09-24,Ana Almeida,Casa,1284.47,BRL,1284.47
3984,2024-01-14,Gabriela Almeida,Eletrônicos,4660.30,BRL,4660.30
3986,2024-07-03,João Lopes,Eletrônicos,4091.74,BRL,4091.74
3988,2023-09-21,Vitória Nogueira,Moda,4119.80,BRL,4119.80
3989,2024-08-17,João Ribeiro,Casa,1816.61,BRL,1816.61
3990,2024-12-05,Tiago Klein,Casa,197.38,BRL,197.38
3991,2024-07-07,Bruno Barbosa,Eletrônicos,2601.57,BRL,2601.57
3992,2023-08-29,Eduarda Martins,Esporte,1816.20,BRL,1816.20
3993,2023-10-21,Vitória Ribeiro,Moda,1567.76,USD,7969.86
3994,2024-05-10,Rafael Martins,Eletrônicos,1468.52,BRL,1468.52
3995,2023-05-06,Olívia Barbosa,Moda,4655.61,USD,23130.47
3996,2023-04-23,Lucas Pereira,Casa,501.68,USD,2517.38
3997,2023-09-09,Carla Santos,Eletrônicos,3980.89,USD,19694.26
3999,2024-02-29,Bruno Pereira,Eletrônicos,445.17,BRL,445.17
4000,2023-07-23,Isabela Lopes,Livros,704.56,USD,3390.70
4001,2024-01-27,Felipe Henriques,Livros,1104.24,BRL,1104.24
4002,2024-08-17,Ana Martins,Casa,4317.93,USD,23959.33
4003,2024-11-07,Lucas Gomes,Moda,1202.91,BRL,1202.91
4004,2023-01-15,Nuno Jesus,Livros,3973.73,BRL,3973.73
4005,2023-06-24,Tiago Oliveira,Esporte,73.90,BRL,73.90
4006,2023-06-22,Vitória Jesus,Esporte,974.46,BRL,974.46
4008,2023-07-04,Bruno Klein,Eletrônicos,501.97,BRL,501.97
4009,2023-01-23,Ana Jesus,Moda,2477.67,BRL,2477.67
4010,2024-02-01,Diego Lopes,Casa,4632.20,BRL,4632.20
4011,2023-05-23,Vitória Henriques,Moda,2499.39,BRL,2499.39
4012,2023-05-17,Isabela Klein,Eletrônicos,775.97,BRL,775.97
4013,2023-02-08,Gabriela Ribeiro,Casa,2132.41,BRL,2132.41
4015,2024-10-14,Karina Henriques,Moda,3700.27,BRL,3700.27
4016,2023-09-07,Rafael Vasconcelos,Não informado,3743.30,BRL,3743.30
4017,2024-10-19,Paulo Santos,Livros,2510.81,BRL,2510.81
4019,2024-09-14,Henrique Santos,Casa,441.88,BRL,441.88
4021,2023-11-23,Sofia Ferreira,Livros,4675.29,BRL,4675.29
4022,2023-05-24,João Teixeira,Livros,900.04,USD,4471.67
4023,2023-11-01,Diego Vasconcelos,Livros,2012.90,USD,9910.51
4024,2024-08-11,Sofia Queiroz,Moda,2344.81,BRL,2344.81
4025,2023-12-01,Mariana Esteves,Livros,1274.20,BRL,1274.20
4026,2024-09-21,Carla Duarte,Moda,921.40,BRL,921.40
4028,2024-04-25,Lucas Queiroz,Esporte,1750.38,BRL,1750.38
4029,2023-09-17,Diego Oliveira,Livros,612.37,BRL,612.37
4030,2024-07-02,Karina Duarte,Não informado,186.27,BRL,186.27
4032,2023-10-31,Rafael Barbosa,Esporte,3538.34,BRL,3538.34
4033,2024-03-09,Olívia Jesus,Esporte,3305.64,BRL,3305.64
4034,2023-02-01,Sofia Esteves,Moda,763.29,BRL,763.29
4035,2023-04-29,Carla Vasconcelos,Casa,3808.87,BRL,3808.87
4036,2023-07-24,Lucas Carvalho,Moda,2687.97,BRL,2687.97
4037,2023-01-02,Tiago Henriques,Casa,1075.09,BRL,1075.09
4038,2024-03-07,Carla Queiroz,Moda,4049.59,BRL,4049.59
4040,2023-08-06,Nuno Almeida,Livros,4683.59,BRL,4683.59
4041,2024-10-06,Felipe Barbosa,Casa,3146.54,BRL,3146.54
4042,2024-06-06,João Esteves,Casa,859.07,BRL,859.07
4044,2024-06-28,Isabela Klein,Livros,1692.45,BRL,1692.45
4045,2024-07-12,Vitória Nogueira,Eletrônicos,1002.39,USD,5544.42
4047,2024-07-08,Rafael Lopes,Esporte,3385.69,BRL,3385.69
4050,2023-05-15,Gabriela Queiroz,Livros,4851.81,USD,24105.25
4051,2024-07-10,Karina Teixeira,Eletrônicos,325.22,BRL,325.22
4052,2023-07-16,Sofia Pereira,Livros,549.78,USD,2645.82
4054,2024-05-02,Eduarda Esteves,Casa,3683.42,USD,18979.19
4056,2023-08-11,Karina Ribeiro,Casa,935.89,BRL,935.89
4058,2023-10-27,Vitória Ferreira,Livros,142.34,USD,723.60
4059,2024-12-05,Mariana Pereira,Moda,4707.90,USD,28477.62
4061,2023-04-09,Tiago Teixeira,Moda,1948.25,BRL,1948.25
4062,2024-05-28,Olívia Teixeira,Casa,3915.71,BRL,3915.71
4064,2023-01-01,Sofia Teixeira,Eletrônicos,3527.39,BRL,3527.39
4065,2024-07-18,Mariana Santos,Eletrônicos,101.35,BRL,101.35
4066,2024-07-13,Mariana Henriques,Livros,3470.35,BRL,3470.35
4067,2023-12-11,Nuno Pereira,Casa,3891.60,BRL,3891.60
4068,2024-02-18,Eduarda Klein,Moda,4647.55,BRL,4647.55
4069,2024-03-06,Vitória Ribeiro,Eletrônicos,3475.32,USD,17346.36
4070,2024-02-08,Rafael Esteves,Esporte,4038.73,BRL,4038.73
4071,2023-01-23,Bruno Santos,Casa,2109.20,BRL,2109.20
4072,2024-07-23,Rafael Jesus,Moda,2280.76,BRL,2280.76
4074,2023-01-01,Felipe Ferreira,Eletrônicos,2054.27,BRL,2054.27
4075,2023-05-31,João Duarte,Esporte,4611.13,BRL,4611.13
4076,2024-12-08,João Duarte,Casa,2385.72,BRL,2385.72
4077,2023-12-23,Karina Carvalho,Casa,1015.74,USD,4978.24
4079,2024-06-09,Nuno Vasconcelos,Casa,2381.27,BRL,2381.27
4080,2024-12-17,Mariana Duarte,Moda,1165.47,BRL,1165.47
4081,2024-07-06,Bruno Almeida,Livros,3286.72,BRL,3286.72
4082,2024-07-12,Paulo Vasconcelos,Moda,1979.38,BRL,1979.38
4083,2023-02-22,Carla Jesus,Esporte,235.51,BRL,235.51
4084,2024-05-26,Karina Queiroz,Moda,4410.86,BRL,4410.86
4086,2024-12-21,Mariana Klein,Casa,1481.53,BRL,1481.53
4087,2023-05-14,Nuno Jesus,Moda,4643.79,BRL,4643.79
4088,2023-11-10,Nuno Oliveira,Casa,3401.91,BRL,3401.91
4089,2023-08-17,Diego Queiroz,Livros,2009.07,BRL,2009.07
4091,2024-06-18,Vitória Lopes,Eletrônicos,3055.63,USD,16392.54
4092,2024-01-05,Ana Vasconcelos,Eletrônicos,2934.82,BRL,2934.82
4093,2023-06-09,Rafael Esteves,Casa,4932.73,BRL,4932.73
4094,2023-12-14,Sofia Ribeiro,Esporte,4087.91,BRL,4087.91
4095,2023-10-29,Vitória Queiroz,Não informado,1819.35,BRL,1819.35
4096,2024-05-29,Tiago Lopes,Livros,2639.79,BRL,2639.79
4098,2024-01-02,Felipe Henriques,Moda,3541.86,BRL,3541.86
4102,2023-03-14,Mariana Duarte,Moda,2857.00,USD,14926.68
4103,2024-03-20,Nuno Santos,Casa,3056.15,BRL,3056.15
4104,2024-04-19,Olívia Klein,Esporte,3979.59,BRL,3979.59
4105,2023-02-23,Karina Almeida,Eletrônicos,2804.36,BRL,2804.36
4107,2023-03-11,Nuno Carvalho,Esporte,1097.01,USD,5731.44
4108,2023-06-14,Nuno Almeida,Livros,2245.65,USD,10872.76
4109,2024-01-15,Vitória Esteves,Moda,2160.13,BRL,2160.13
4110,2023-05-24,Olívia Jesus,Esporte,2480.68,BRL,2480.68
4111,2023-05-25,Ana Santos,Eletrônicos,2262.20,BRL,2262.20
4112,2023-06-25,Eduarda Esteves,Esporte,866.39,BRL,866.39
4113,2024-10-13,Gabriela Gomes,Moda,277.86,USD,1556.43
4114,2024-10-21,Lucas Henriques,Esporte,4236.69,BRL,4236.69
4115,2024-07-23,Lucas Martins,Casa,1276.50,BRL,1276.50
4116,2024-05-11,Eduarda Queiroz,Livros,2186.51,USD,11266.21
4117,2024-07-11,Olívia Vasconcelos,Moda,1136.58,BRL,1136.58
4118,2023-09-28,Karina Vasconcelos,Eletrônicos,3286.98,BRL,3286.98
4120,2024-05-03,Diego Oliveira,Casa,1615.39,BRL,1615.39
4121,2024-05-28,Gabriela Queiroz,Esporte,3611.37,USD,18607.95
4122,2023-02-17,Felipe Queiroz,Não informado,1397.90,BRL,1397.90
4123,2024-05-25,Paulo Martins,Moda,4780.84,BRL,4780.84
4124,2023-12-11,Rafael Gomes,Esporte,4706.23,USD,23065.70
4125,2023-07-03,Diego Esteves,Esporte,581.00,BRL,581.00
4126,2023-11-25,Sofia Esteves,Moda,2191.27,BRL,2191.27
4128,2023-08-09,Bruno Almeida,Moda,2799.22,BRL,2799.22
4129,2023-06-21,Carla Martins,Moda,3971.11,BRL,3971.11
4130,2024-02-23,Felipe Teixeira,Moda,1692.67,USD,8399.71
4131,2023-11-26,Mariana Santos,Livros,2739.43,BRL,2739.43
4132,2024-11-01,Vitória Almeida,Moda,1212.95,BRL,1212.95
4133,2024-12-20,Rafael Queiroz,Livros,2974.71,BRL,2974.71
4134,2024-01-14,Bruno Duarte,Esporte,2089.66,USD,10278.41
4135,2024-06-22,Gabriela Esteves,Livros,3666.75,BRL,3666.75
4139,2023-02-20,Lucas Santos,Esporte,2329.00,BRL,2329.00
4140,2023-09-08,Isabela Henriques,Esporte,2612.57,BRL,2612.57
4142,2023-10-26,Karina Almeida,Casa,3519.93,BRL,3519.93
4144,2023-12-11,Mariana Henriques,Casa,365.35,BRL,365.35
4145,2024-10-22,Mariana Duarte,Livros,3210.09,BRL,3210.09
4147,2024-11-16,Olívia Lopes,Livros,2217.12,BRL,2217.12
4148,2024-04-17,Vitória Almeida,Esporte,84.86,BRL,84.86
4149,2023-09-13,João Carvalho,Eletrônicos,1134.31,USD,5611.66
4150,2023-07-13,Vitória Vasconcelos,Moda,994.75,USD,4787.23
4152,2024-12-08,Ana Ferreira,Moda,128.09,BRL,128.09
4153,2024-03-19,Vitória Esteves,Moda,3677.26,USD,18354.31
4155,2024-06-28,Felipe Pereira,Livros,3870.97,BRL,3870.97
4156,2024-01-26,Carla Oliveira,Casa,3372.24,BRL,3372.24
4157,2023-01-16,Eduarda Jesus,Eletrônicos,2600.83,BRL,2600.83
4158,2024-05-01,Henrique Vasconcelos,Eletrônicos,809.79,USD,4172.52
4159,2023-01-02,Paulo Almeida,Livros,2606.23,BRL,2606.23
4161,2023-06-30,Eduarda Vasconcelos,Casa,2860.39,BRL,2860.39
4162,2024-11-08,Eduarda Ribeiro,Eletrônicos,1659.84,BRL,1659.84
4163,2023-11-16,Vitória Jesus,Moda,550.27,USD,2709.25
4164,2024-04-15,Isabela Henriques,Não informado,4528.75,BRL,4528.75
4165,2023-12-25,Carla Martins,Esporte,1189.13,USD,5828.05
4166,2024-08-03,Tiago Almeida,Livros,2854.43,BRL,2854.43
4167,2023-04-12,Diego Oliveira,Esporte,1981.23,BRL,1981.23
4170,2024-12-01,Rafael Oliveira,Casa,4684.92,BRL,4684.92
4171,2023-03-01,Mariana Ferreira,Casa,4367.76,BRL,4367.76
4172,2023-05-13,Rafael Lopes,Casa,336.63,BRL,336.63
4173,2023-04-18,Olívia Ferreira,Casa,2132.51,BRL,2132.51
4174,2023-05-04,Sofia Duarte,Livros,3203.20,BRL,3203.20
4175,2023-02-20,Sofia Almeida,Moda,321.76,BRL,321.76
4176,2024-08-22,Eduarda Pereira,Eletrônicos,65.13,BRL,65.13
4177,2024-11-18,Bruno Nogueira,Casa,2849.04,BRL,2849.04
4178,2024-10-15,Gabriela Nogueira,Moda,4927.93,BRL,4927.93
4180,2024-07-08,Isabela Jesus,Moda,755.82,USD,4180.59
4182,2023-03-29,Isabela Jesus,Moda,2459.41,BRL,2459.41
4183,2023-11-28,João Almeida,Casa,2709.72,BRL,2709.72
4184,2023-01-21,Vitória Barbosa,Livros,4984.73,BRL,4984.73
4185,2023-01-22,Paulo Carvalho,Livros,981.38,BRL,981.38
4186,2023-06-03,Eduarda Lopes,Livros,882.97,BRL,882.97
4187,2024-02-10,Vitória Almeida,Casa,2596.09,BRL,2596.09
4188,2024-05-29,Felipe Barbosa,Livros,4968.67,BRL,4968.67
4190,2023-12-29,Gabriela Klein,Esporte,4003.86,BRL,4003.86
4191,2023-06-30,Sofia Ferreira,Esporte,2301.42,BRL,2301.42
4192,2024-10-14,Paulo Esteves,Livros,2946.41,BRL,2946.41
4193,2024-04-24,Bruno Nogueira,Esporte,27.31,BRL,27.31
4194,2023-04-28,Tiago Almeida,Esporte,3467.33,BRL,3467.33
4198,2024-04-16,Tiago Carvalho,Moda,4219.94,BRL,4219.94
4199,2024-06-06,Mariana Vasconcelos,Eletrônicos,2955.67,BRL,2955.67
4200,2023-04-22,Henrique Carvalho,Livros,2975.63,BRL,2975.63
4201,2024-08-15,Carla Oliveira,Esporte,629.42,BRL,629.42
4202,2023-04-13,Felipe Duarte,Moda,158.40,BRL,158.40
4203,2023-02-21,Carla Lopes,Moda,2368.07,USD,12273.71
4204,2023-02-26,Diego Ribeiro,Esporte,4460.33,BRL,4460.33
4205,2024-06-02,Lucas Oliveira,Eletrônicos,1722.59,USD,9241.18
4206,2024-05-01,Paulo Vasconcelos,Esporte,4441.77,BRL,4441.77
4207,2023-09-08,Paulo Pereira,Eletrônicos,4375.94,BRL,4375.94
4212,2023-10-26,Lucas Carvalho,Esporte,908.09,BRL,908.09
4213,2023-03-21,Sofia Almeida,Eletrônicos,3625.29,BRL,3625.29
4214,2024-05-10,Henrique Santos,Eletrônicos,164.98,BRL,164.98
4215,2024-04-15,Karina Gomes,Não informado,2467.87,USD,12682.14
4216,2024-03-08,Bruno Vasconcelos,Esporte,1865.51,BRL,1865.51
4217,2024-12-26,Eduarda Santos,Eletrônicos,2787.72,BRL,2787.72
4218,2024-06-15,Karina Barbosa,Casa,4880.17,USD,26180.65
4219,2023-06-02,Carla Barbosa,Eletrônicos,4179.01,BRL,4179.01
4220,2023-07-25,Rafael Duarte,Casa,4015.83,BRL,4015.83
4221,2023-09-06,Diego Ferreira,Moda,3291.30,BRL,3291.30
4222,2023-06-22,Gabriela Nogueira,Esporte,3717.87,BRL,3717.87
4224,2023-05-31,Lucas Klein,Livros,2741.75,USD,13621.84
4225,2023-03-02,Nuno Ribeiro,Eletrônicos,3152.84,BRL,3152.84
4226,2024-05-17,Henrique Ribeiro,Casa,4501.71,BRL,4501.71
4227,2023-08-11,Olívia Santos,Moda,547.80,BRL,547.80
4228,2023-01-05,Sofia Teixeira,Livros,3649.44,BRL,3649.44
4229,2023-12-22,Henrique Oliveira,Eletrônicos,4599.08,BRL,4599.08
4230,2024-04-23,Karina Martins,Não informado,1415.71,BRL,1415.71
4231,2024-12-02,João Oliveira,Esporte,2776.81,BRL,2776.81
4232,2023-12-10,Bruno Esteves,Eletrônicos,2982.78,BRL,2982.78
4233,2024-09-30,Bruno Oliveira,Esporte,1426.44,BRL,1426.44
4234,2023-03-13,Mariana Henriques,Esporte,2141.36,BRL,2141.36
4235,2023-03-30,Carla Vasconcelos,Não informado,3294.45,BRL,3294.45
4236,2023-09-18,Mariana Vasconcelos,Moda,2225.76,USD,11011.28
4238,2024-06-28,Tiago Esteves,Casa,3694.65,BRL,3694.65
4240,2023-01-26,Ana Lopes,Livros,1440.03,BRL,1440.03
4241,2024-08-04,Henrique Barbosa,Esporte,3679.19,BRL,3679.19
4242,2023-11-27,Carla Santos,Casa,603.50,USD,2971.33
4243,2024-05-26,Mariana Teixeira,Eletrônicos,542.62,BRL,542.62
4244,2023-03-14,Lucas Esteves,Casa,3991.63,BRL,3991.63
4245,2024-03-25,Ana Lopes,Casa,3335.26,USD,16647.28
4246,2023-05-23,Vitória Vasconcelos,Esporte,2067.11,BRL,2067.11
4247,2023-01-13,Henrique Queiroz,Livros,4377.89,BRL,4377.89
4248,2024-05-07,Sofia Henriques,Não informado,1542.10,BRL,1542.10
4249,2023-10-24,Eduarda Almeida,Moda,4962.10,BRL,4962.10
4250,2024-07-27,Isabela Queiroz,Livros,1961.68,USD,10850.44
4252,2023-09-26,João Teixeira,Eletrônicos,4183.27,BRL,4183.27
4253,2023-08-26,Bruno Carvalho,Esporte,3750.00,BRL,3750.00
4254,2024-10-01,Mariana Santos,Casa,404.33,BRL,404.33
4255,2023-06-07,Gabriela Nogueira,Esporte,3083.61,BRL,3083.61
4256,2023-05-29,Olívia Vasconcelos,Moda,2524.09,USD,12540.44
4257,2023-05-21,Carla Pereira,Livros,1285.44,BRL,1285.44
4258,2023-03-24,Nuno Lopes,Moda,3022.53,BRL,3022.53
4259,2023-10-04,Diego Ferreira,Esporte,1271.56,BRL,1271.56
4260,2023-06-02,Diego Martins,Eletrônicos,2719.34,BRL,2719.34
4261,2024-05-07,Carla Pereira,Moda,2547.00,BRL,2547.00
4262,2024-09-16,Eduarda Queiroz,Casa,1021.33,BRL,1021.33
4263,2023-03-13,Karina Esteves,Eletrônicos,4202.69,USD,21957.37
4264,2023-12-17,Olívia Ferreira,Casa,1123.62,BRL,1123.62
4265,2023-09-18,Mariana Almeida,Livros,3042.95,USD,15054.08
4266,2024-03-17,Nuno Ferreira,Esporte,80.48,USD,401.70
4267,2023-03-04,Carla Ribeiro,Casa,3874.37,USD,20242.03
4268,2023-03-31,Vitória Ferreira,Eletrônicos,4801.95,BRL,4801.95
4269,2023-12-18,Olívia Ferreira,Moda,1684.13,BRL,1684.13
4270,2024-01-20,Olívia Esteves,Livros,2433.33,BRL,2433.33
4271,2024-05-02,Bruno Martins,Não informado,2999.09,USD,15453.11
4272,2024-06-17,Karina Carvalho,Eletrônicos,4102.35,BRL,4102.35
4273,2024-11-27,Henrique Klein,Moda,2237.60,BRL,2237.60
4274,2023-01-10,Ana Jesus,Casa,862.46,BRL,862.46
4275,2023-09-26,Felipe Almeida,Esporte,4121.58,BRL,4121.58
4276,2024-07-24,Felipe Queiroz,Livros,3870.89,BRL,3870.89
4278,2024-01-31,Tiago Lopes,Livros,1682.68,BRL,1682.68
4280,2023-11-24,Bruno Martins,Casa,1549.16,BRL,1549.16
4281,2024-07-29,Mariana Ribeiro,Livros,3488.79,BRL,3488.79
4283,2024-09-08,Henrique Klein,Livros,2296.68,BRL,2296.68
4285,2024-05-06,Felipe Teixeira,Casa,4041.83,BRL,4041.83
4286,2024-08-12,Gabriela Vasconcelos,Esporte,3133.61,BRL,3133.61
4287,2023-03-25,Sofia Teixeira,Casa,271.12,BRL,271.12
4288,2023-10-10,Diego Carvalho,Moda,786.68,BRL,786.68
4289,2023-01-23,João Esteves,Moda,1545.85,USD,8040.58
4290,2024-10-22,Ana Duarte,Eletrônicos,4647.39,BRL,4647.39
4291,2024-12-03,Diego Vasconcelos,Casa,2590.75,BRL,2590.75
4292,2024-02-20,Isabela Barbosa,Eletrônicos,89.18,BRL,89.18
4293,2023-01-09,Gabriela Martins,Eletrônicos,3904.35,BRL,3904.35
4294,2024-04-09,Mariana Teixeira,Eletrônicos,2064.05,BRL,2064.05
4295,2024-06-09,Vitória Pereira,Livros,1864.52,USD,10002.59
4296,2023-11-28,Rafael Klein,Casa,2076.51,BRL,2076.51
4297,2024-06-14,Gabriela Ferreira,Casa,4727.55,USD,25361.89
4298,2024-05-02,Ana Jesus,Livros,3398.33,BRL,3398.33
4299,2024-12-01,Vitória Lopes,Eletrônicos,1150.39,USD,6958.59
4301,2023-09-09,João Duarte,Eletrônicos,4690.15,BRL,4690.15
4302,2023-01-14,Bruno Teixeira,Casa,26.00,BRL,26.00
4303,2023-10-06,Carla Duarte,Livros,984.66,BRL,984.66
4304,2024-01-25,Lucas Martins,Esporte,319.91,BRL,319.91
4305,2023-04-24,Isabela Almeida,Moda,287.52,BRL,287.52
4306,2024-03-14,Henrique Queiroz,Esporte,1608.07,BRL,1608.07
4307,2024-11-29,Rafael Santos,Livros,4759.80,BRL,4759.80
4308,2023-08-25,Felipe Lopes,Livros,752.12,BRL,752.12
4309,2024-08-29,Henrique Duarte,Eletrônicos,3648.46,USD,20244.57
4311,2023-07-15,Isabela Teixeira,Eletrônicos,2263.00,BRL,2263.00
4314,2024-06-26,Karina Lopes,Eletrônicos,4494.00,USD,24108.96
4315,2023-07-22,João Ferreira,Livros,1751.77,BRL,1751.77
4316,2023-10-03,Karina Vasconcelos,Esporte,3949.62,BRL,3949.62
4317,2024-03-12,Felipe Queiroz,Moda,416.17,BRL,416.17
4318,2023-05-01,Diego Carvalho,Livros,4730.76,USD,23503.83
4319,2024-03-29,Mariana Pereira,Esporte,1386.72,BRL,1386.72
4320,2023-03-25,Rafael Klein,Esporte,1494.71,BRL,1494.71
4321,2023-06-27,Isabela Carvalho,Casa,3349.76,BRL,3349.76
4322,2024-03-06,Isabela Teixeira,Eletrônicos,2267.62,BRL,2267.62
4323,2023-12-13,Isabela Nogueira,Moda,420.13,BRL,420.13
4324,2023-04-18,Nuno Pereira,Eletrônicos,2715.09,USD,13624.05
4325,2023-04-18,Sofia Klein,Eletrônicos,2316.68,BRL,2316.68
4328,2024-12-26,Vitória Klein,Esporte,1524.77,BRL,1524.77
4329,2024-08-29,Diego Queiroz,Casa,3662.14,BRL,3662.14
4330,2024-07-22,Nuno Henriques,Eletrônicos,2858.05,BRL,2858.05
4331,2023-12-06,Mariana Lopes,Livros,2830.84,BRL,2830.84
4332,2024-12-11,Felipe Esteves,Livros,4047.99,BRL,4047.99
4335,2023-02-18,Carla Teixeira,Esporte,1720.50,BRL,1720.50
4336,2024-03-24,Paulo Teixeira,Casa,469.76,BRL,469.76
4337,2023-06-25,Mariana Gomes,Casa,4082.59,BRL,4082.59
4338,2024-07-30,Isabela Vasconcelos,Eletrônicos,71.41,USD,394.98
4339,2024-09-24,Olívia Duarte,Moda,1923.90,BRL,1923.90
4340,2023-01-05,Isabela Queiroz,Eletrônicos,1659.44,BRL,1659.44
4341,2023-06-06,Paulo Jesus,Livros,469.58,BRL,469.58
4342,2024-12-04,Felipe Santos,Moda,760.77,BRL,760.77
4343,2024-05-25,Bruno Santos,Eletrônicos,3329.44,BRL,3329.44
4346,2024-01-05,Mariana Carvalho,Livros,4075.46,BRL,4075.46
4347,2024-11-25,Carla Ferreira,Casa,186.80,BRL,186.80
4350,2023-02-01,Tiago Lopes,Casa,640.67,USD,3320.59
4351,2023-07-29,Sofia Barbosa,Não informado,3046.83,BRL,3046.83
4352,2023-07-28,Olívia Almeida,Livros,319.53,BRL,319.53
4355,2024-07-15,Isabela Carvalho,Esporte,2086.42,USD,11540.41
4356,2024-01-10,Nuno Santos,Livros,2782.11,BRL,2782.11
4357,2023-12-13,Vitória Esteves,Esporte,1452.79,USD,7120.27
4358,2024-05-26,Olívia Queiroz,Esporte,4986.70,USD,25694.47
4359,2023-10-03,Rafael Klein,Livros,643.11,BRL,643.11
4360,2024-08-31,Paulo Henriques,Moda,603.29,BRL,603.29
4361,2023-10-12,Nuno Pereira,Livros,3519.95,BRL,3519.95
4362,2024-05-19,Sofia Barbosa,Eletrônicos,592.81,BRL,592.81
4363,2023-02-06,Vitória Vasconcelos,Moda,1814.14,BRL,1814.14
4364,2024-08-30,Eduarda Gomes,Esporte,3326.13,BRL,3326.13
4367,2024-05-03,Diego Almeida,Livros,3489.37,USD,17979.33
4368,2023-10-15,Isabela Martins,Esporte,4348.72,BRL,4348.72
4369,2023-07-09,Henrique Jesus,Moda,2550.42,BRL,2550.42
4370,2024-02-22,Henrique Martins,Eletrônicos,1893.46,BRL,1893.46
4371,2024-08-31,Diego Ferreira,Não informado,2570.35,BRL,2570.35
4372,2023-03-08,Eduarda Oliveira,Livros,1041.15,USD,5439.59
4373,2023-08-12,Tiago Barbosa,Livros,2498.82,BRL,2498.82
4374,2024-11-29,Carla Nogueira,Casa,4328.36,BRL,4328.36
4375,2024-12-24,Rafael Queiroz,Eletrônicos,499.69,BRL,499.69
4377,2024-03-10,Lucas Lopes,Casa,2597.69,BRL,2597.69
4378,2023-08-20,Felipe Vasconcelos,Esporte,979.77,BRL,979.77
4379,2024-12-21,Sofia Nogueira,Livros,2356.20,USD,14252.42
4380,2023-07-02,Olívia Vasconcelos,Casa,1186.00,USD,5707.62
4381,2024-08-20,Felipe Barbosa,Esporte,3990.85,BRL,3990.85
4382,2024-08-31,Sofia Lopes,Casa,1758.16,BRL,1758.16
4383,2023-04-03,Isabela Esteves,Não informado,214.51,BRL,214.51
4388,2024-10-17,Eduarda Jesus,Casa,4470.61,USD,25042.12
4390,2024-07-23,Olívia Gomes,Eletrônicos,4963.50,BRL,4963.50
4392,2023-03-07,Paulo Santos,Moda,4477.96,BRL,4477.96
4393,2023-08-14,Olívia Esteves,Moda,3696.59,BRL,3696.59
4394,2023-12-13,Ana Almeida,Livros,4267.81,USD,20916.96
4395,2024-10-09,Olívia Barbosa,Casa,2351.22,USD,13170.36
4396,2024-12-19,Felipe Gomes,Moda,854.01,BRL,854.01
4398,2023-03-04,Felipe Ferreira,Esporte,3748.82,USD,19586.08
4399,2024-01-26,Carla Martins,Livros,4743.74,BRL,4743.74
4400,2023-01-28,Lucas Teixeira,Esporte,4298.49,BRL,4298.49
4401,2023-04-17,Felipe Esteves,Livros,566.38,USD,2842.04
4402,2023-04-12,Mariana Santos,Eletrônicos,4971.55,BRL,4971.55
4403,2024-04-26,Carla Almeida,Eletrônicos,3742.93,BRL,3742.93
4404,2024-01-15,Eduarda Santos,Eletrônicos,2726.94,USD,13413.00
4405,2023-02-11,Felipe Queiroz,Livros,3895.33,BRL,3895.33
4406,2024-02-20,João Ribeiro,Livros,1155.76,BRL,1155.76
4407,2023-07-14,Diego Jesus,Moda,3948.28,BRL,3948.28
4408,2023-04-09,Henrique Queiroz,Livros,1897.77,USD,9522.82
4410,2023-07-24,Tiago Pereira,Esporte,3516.37,BRL,3516.37
4411,2024-09-14,Bruno Oliveira,Esporte,475.18,BRL,475.18
4412,2023-05-23,Carla Gomes,Moda,764.28,BRL,764.28
4413,2024-01-29,Tiago Klein,Casa,3838.87,BRL,3838.87
4414,2023-09-09,Karina Queiroz,Casa,3185.77,BRL,3185.77
4415,2023-03-03,Diego Carvalho,Livros,2877.89,BRL,2877.89
4416,2024-04-07,Bruno Vasconcelos,Livros,515.53,BRL,515.53
4418,2024-05-03,Paulo Pereira,Moda,3910.75,BRL,3910.75
4419,2023-03-03,Eduarda Santos,Livros,4718.53,BRL,4718.53
4420,2024-01-11,Lucas Carvalho,Livros,2586.02,BRL,2586.02
4421,2024-01-27,Vitória Martins,Livros,3238.62,BRL,3238.62
4423,2024-12-18,Sofia Teixeira,Eletrônicos,3639.54,BRL,3639.54
4424,2024-07-16,Gabriela Oliveira,Livros,3152.71,USD,17438.27
4425,2023-10-13,Carla Oliveira,Casa,153.53,BRL,153.53
4426,2024-02-14,Nuno Almeida,Esporte,164.49,BRL,164.49
4427,2023-09-17,Eduarda Nogueira,Não informado,4661.50,BRL,4661.50
4429,2023-05-14,Rafael Carvalho,Eletrônicos,2346.31,BRL,2346.31
4430,2024-02-17,Olívia Gomes,Moda,2829.39,BRL,2829.39
4431,2024-12-23,Eduarda Santos,Livros,4738.23,BRL,4738.23
4432,2024-08-30,Paulo Pereira,Eletrônicos,2496.58,BRL,2496.58
4433,2023-02-17,Sofia Nogueira,Eletrônicos,2991.07,BRL,2991.07
4434,2023-09-21,Diego Vasconcelos,Moda,3787.35,BRL,3787.35
4436,2023-12-09,Bruno Nogueira,Casa,427.66,BRL,427.66
4437,2023-11-03,Carla Carvalho,Casa,1511.27,BRL,1511.27
4438,2024-06-13,Karina Vasconcelos,Esporte,2112.31,BRL,2112.31
4439,2023-06-07,Felipe Klein,Casa,2072.63,USD,10035.05
4440,2023-10-10,Bruno Nogueira,Casa,43.29,BRL,43.29
4441,2023-04-21,Diego Oliveira,Moda,3681.94,BRL,3681.94
4442,2024-11-02,Olívia Almeida,Esporte,4786.79,BRL,4786.79
4443,2024-12-11,Felipe Martins,Livros,1833.00,BRL,1833.00
4444,2023-05-04,Ana Santos,Casa,88.26,BRL,88.26
4445,2023-10-12,Karina Duarte,Livros,4991.18,USD,25373.16
4447,2023-02-28,Eduarda Vasconcelos,Livros,2667.17,BRL,2667.17
4448,2023-02-18,Paulo Barbosa,Livros,482.07,BRL,482.07
4449,2024-08-06,Lucas Oliveira,Esporte,1145.80,BRL,1145.80
4450,2024-05-18,Tiago Oliveira,Livros,175.36,BRL,175.36
4451,2023-03-25,Vitória Ribeiro,Livros,2409.20,BRL,2409.20
4454,2023-06-22,Ana Lopes,Casa,333.43,BRL,333.43
4455,2024-01-28,Carla Lopes,Casa,4826.43,BRL,4826.43
4456,2024-09-10,Bruno Carvalho,Moda,4150.05,BRL,4150.05
4457,2023-09-12,Isabela Vasconcelos,Esporte,4375.36,BRL,4375.36
4458,2023-02-28,Carla Nogueira,Eletrônicos,3980.08,BRL,3980.08
4459,2024-12-13,Carla Gomes,Eletrônicos,2597.70,BRL,2597.70
4460,2023-07-14,Nuno Duarte,Moda,208.44,BRL,208.44
4461,2023-01-07,Isabela Nogueira,Esporte,2916.37,BRL,2916.37
4462,2024-08-06,Sofia Santos,Moda,2781.06,BRL,2781.06
4463,2024-10-13,Tiago Nogueira,Casa,4146.19,BRL,4146.19
4464,2024-01-26,Diego Oliveira,Esporte,2764.06,BRL,2764.06
4465,2024-06-19,João Teixeira,Casa,110.36,BRL,110.36
4466,2023-08-09,Gabriela Ribeiro,Casa,4075.40,BRL,4075.40
4467,2023-07-22,Felipe Gomes,Eletrônicos,1454.00,BRL,1454.00
4468,2024-10-26,Bruno Esteves,Casa,2915.15,BRL,2915.15
4469,2024-01-01,João Teixeira,Esporte,159.08,BRL,159.08
4470,2024-12-01,Olívia Teixeira,Eletrônicos,752.37,BRL,752.37
4473,2024-05-21,Paulo Gomes,Esporte,4068.14,BRL,4068.14
4474,2023-02-19,Nuno Lopes,Moda,1793.28,BRL,1793.28
4475,2024-02-08,Paulo Duarte,Moda,3696.46,BRL,3696.46
4476,2023-02-04,Ana Ferreira,Eletrônicos,4935.02,BRL,4935.02
4477,2023-09-28,Bruno Ferreira,Eletrônicos,4085.89,BRL,4085.89
4479,2024-04-19,Ana Ribeiro,Esporte,4602.31,BRL,4602.31
4480,2024-08-18,Felipe Queiroz,Livros,171.69,BRL,171.69
4481,2024-02-29,Olívia Carvalho,Moda,3398.28,USD,16863.62
4482,2024-01-12,Eduarda Pereira,Eletrônicos,1033.29,BRL,1033.29
4483,2024-02-01,Olívia Ribeiro,Não informado,2047.54,BRL,2047.54
4484,2024-01-31,Carla Pereira,Eletrônicos,3400.26,USD,16724.86
4485,2024-04-27,Tiago Teixeira,Esporte,2701.46,BRL,2701.46
4486,2023-03-10,Henrique Carvalho,Livros,4358.70,USD,22772.46
4487,2024-08-30,Diego Lopes,Livros,823.13,USD,4567.38
4488,2024-05-24,Diego Duarte,Casa,1332.70,USD,6866.87
4489,2024-02-09,Diego Esteves,Esporte,4566.97,BRL,4566.97
4490,2023-10-09,Paulo Esteves,Moda,1029.28,BRL,1029.28
4491,2024-03-29,Karina Oliveira,Moda,720.63,BRL,720.63
4492,2024-04-05,Diego Ribeiro,Livros,4191.47,BRL,4191.47
4493,2023-05-01,Henrique Duarte,Moda,4609.92,BRL,4609.92
4494,2023-05-03,Carla Barbosa,Esporte,2953.75,USD,14675.12
4495,2024-11-14,Mariana Ferreira,Casa,1110.15,BRL,1110.15
4496,2024-05-14,Sofia Teixeira,Moda,3544.54,BRL,3544.54
4497,2023-09-22,Diego Oliveira,Casa,501.49,BRL,501.49
4498,2024-09-26,Lucas Vasconcelos,Casa,4475.54,BRL,4475.54
4499,2024-06-10,Rafael Esteves,Moda,2514.93,BRL,2514.93
4500,2023-03-30,Diego Esteves,Casa,2772.43,BRL,2772.43
4501,2024-10-04,Lucas Queiroz,Não informado,2318.02,BRL,2318.02
4502,2024-04-21,Karina Queiroz,Livros,1421.60,BRL,1421.60
4503,2023-03-26,Tiago Oliveira,Moda,685.65,USD,3582.25
4504,2023-05-17,Lucas Ferreira,Eletrônicos,2509.89,BRL,2509.89
4505,2024-11-22,Paulo Santos,Livros,813.70,BRL,813.70
4508,2024-05-10,Diego Esteves,Livros,1344.60,BRL,1344.60
4509,2023-11-03,Eduarda Ferreira,Moda,144.87,BRL,144.87
4511,2023-07-21,Karina Ribeiro,Livros,1462.28,USD,7037.22
4513,2023-06-29,João Oliveira,Moda,2416.64,BRL,2416.64
4514,2023-03-29,Tiago Almeida,Eletrônicos,3170.39,USD,16564.02
4515,2023-03-19,João Henriques,Moda,4164.96,BRL,4164.96
4516,2024-06-09,Eduarda Ribeiro,Casa,1955.41,USD,10490.19
4517,2023-03-07,Paulo Henriques,Casa,1201.69,BRL,1201.69
4519,2023-08-03,Felipe Henriques,Esporte,2345.55,USD,11502.11
4520,2023-11-20,Felipe Gomes,Eletrônicos,450.20,BRL,450.20
4521,2024-04-10,Eduarda Gomes,Livros,222.05,BRL,222.05
4522,2024-03-12,Paulo Jesus,Casa,3925.98,BRL,3925.98
4524,2024-11-13,Eduarda Esteves,Livros,3920.94,USD,22711.26
4525,2024-11-23,Vitória Barbosa,Esporte,827.05,BRL,827.05
4526,2024-11-23,Vitória Nogueira,Livros,58.67,BRL,58.67
4527,2023-02-26,Lucas Teixeira,Casa,2085.23,BRL,2085.23
4528,2024-10-24,Gabriela Martins,Eletrônicos,3008.03,BRL,3008.03
4529,2024-08-13,Felipe Oliveira,Moda,3690.06,BRL,3690.06
4530,2024-08-24,Mariana Martins,Casa,1434.99,USD,7962.47
4531,2023-07-22,Nuno Ribeiro,Esporte,783.51,BRL,783.51
4532,2024-06-28,Rafael Almeida,Casa,4374.63,BRL,4374.63
4533,2023-11-24,Tiago Esteves,Livros,1138.24,BRL,1138.24
4534,2024-09-07,Lucas Gomes,Livros,1468.92,BRL,1468.92
4535,2023-10-21,Ana Henriques,Esporte,4997.19,BRL,4997.19
4536,2024-08-09,Rafael Ferreira,Livros,3224.13,BRL,3224.13
4537,2024-04-22,Ana Barbosa,Moda,683.58,BRL,683.58
4538,2023-01-30,Isabela Nogueira,Moda,1415.29,BRL,1415.29
4539,2024-05-26,Carla Klein,Eletrônicos,4593.91,BRL,4593.91
4540,2024-07-11,Vitória Pereira,Moda,2059.68,BRL,2059.68
4541,2023-09-29,Henrique Pereira,Moda,4617.48,BRL,4617.48
4542,2023-02-27,Diego Ribeiro,Casa,1412.70,BRL,1412.70
4543,2023-11-25,Olívia Ferreira,Casa,850.81,BRL,850.81
4544,2024-09-28,Tiago Teixeira,Casa,4013.76,USD,21988.98
4545,2023-11-18,Gabriela Ribeiro,Livros,2619.46,BRL,2619.46
4546,2023-06-03,Diego Ribeiro,Casa,3528.87,BRL,3528.87
4548,2024-11-09,Bruno Gomes,Livros,1694.26,BRL,1694.26
4549,2024-09-23,Mariana Nogueira,Moda,2724.56,USD,14926.23
4550,2023-03-01,Isabela Teixeira,Moda,3257.28,BRL,3257.28
4551,2023-05-03,Tiago Henriques,Moda,4043.17,USD,20087.68
4552,2024-02-12,Henrique Lopes,Eletrônicos,4842.82,BRL,4842.82
4553,2023-01-28,Diego Duarte,Moda,3385.53,BRL,3385.53
4554,2024-01-24,João Martins,Livros,992.52,BRL,992.52
4555,2023-02-11,Bruno Queiroz,Livros,3116.96,BRL,3116.96
4556,2023-04-25,Vitória Ferreira,Livros,3777.94,BRL,3777.94
4557,2023-06-17,Tiago Gomes,Esporte,3421.16,BRL,3421.16
4558,2023-10-25,Felipe Almeida,Moda,1118.96,BRL,1118.96
4559,2024-03-13,Carla Martins,Casa,4790.12,USD,23908.93
4561,2023-05-23,Vitória Martins,Esporte,949.34,BRL,949.34
4562,2023-02-20,Felipe Pereira,Casa,1042.41,BRL,1042.41
4563,2024-04-11,Sofia Ferreira,Casa,1176.35,BRL,1176.35
4564,2024-01-17,João Gomes,Casa,2428.92,BRL,2428.92
4565,2023-09-18,Felipe Queiroz,Eletrônicos,330.19,BRL,330.19
4566,2024-04-14,Lucas Oliveira,Casa,3642.44,BRL,3642.44
4568,2023-03-28,João Teixeira,Casa,1159.36,USD,6057.19
4569,2024-08-02,Karina Ribeiro,Casa,4287.71,BRL,4287.71
4570,2024-12-08,Mariana Pereira,Eletrônicos,3538.87,BRL,3538.87
4571,2024-12-05,Olívia Pereira,Moda,4357.01,BRL,4357.01
4572,2024-07-26,Henrique Pereira,Livros,2009.73,BRL,2009.73
4573,2024-10-09,Nuno Henriques,Esporte,2259.09,BRL,2259.09
4574,2024-09-28,João Almeida,Moda,1118.69,BRL,1118.69
4576,2024-10-10,Henrique Nogueira,Livros,3901.50,BRL,3901.50
4577,2023-09-29,Henrique Klein,Eletrônicos,4018.23,BRL,4018.23
4578,2023-11-30,Paulo Oliveira,Esporte,4343.11,USD,21383.30
4579,2023-01-20,Rafael Duarte,Casa,4412.67,BRL,4412.67
4580,2024-05-13,Olívia Pereira,Livros,359.05,BRL,359.05
4581,2024-03-25,Felipe Lopes,Livros,2508.16,BRL,2508.16
4582,2024-03-30,Eduarda Barbosa,Esporte,2078.13,BRL,2078.13
4583,2023-04-05,Karina Santos,Moda,2002.58,BRL,2002.58
4584,2023-03-01,Paulo Henriques,Moda,4700.85,USD,24560.06
4585,2024-10-25,Eduarda Almeida,Casa,1481.88,BRL,1481.88
4586,2023-11-03,Eduarda Queiroz,Casa,2813.13,BRL,2813.13
4587,2024-11-02,Rafael Pereira,Não informado,2995.91,BRL,2995.91
4588,2023-04-18,Nuno Teixeira,Eletrônicos,2490.85,BRL,2490.85
4589,2024-03-29,Tiago Jesus,Esporte,3861.25,BRL,3861.25
4590,2023-02-21,Lucas Queiroz,Eletrônicos,517.82,USD,2683.86
4591,2024-01-24,João Esteves,Esporte,1733.30,BRL,1733.30
4592,2023-01-27,Ana Teixeira,Eletrônicos,1063.95,BRL,1063.95
4593,2024-07-22,Tiago Gomes,Esporte,3880.05,BRL,3880.05
4594,2024-04-04,Karina Gomes,Moda,4866.44,BRL,4866.44
4595,2023-01-10,Mariana Teixeira,Moda,1422.64,BRL,1422.64
4597,2024-12-31,Lucas Santos,Livros,589.54,BRL,589.54
4598,2024-10-06,Paulo Barbosa,Moda,2169.33,BRL,2169.33
4599,2023-09-17,Gabriela Barbosa,Esporte,1882.73,BRL,1882.73
4600,2023-02-02,Ana Pereira,Moda,642.15,BRL,642.15
4602,2024-04-17,Vitória Pereira,Casa,1393.13,USD,7159.16
4603,2023-11-11,Carla Vasconcelos,Eletrônicos,104.55,USD,514.75
4604,2023-07-06,Nuno Queiroz,Moda,4589.64,BRL,4589.64
4605,2023-11-11,Sofia Queiroz,Esporte,4879.40,BRL,4879.40
4607,2024-08-30,Diego Henriques,Não informado,3454.43,BRL,3454.43
4608,2024-11-05,Carla Klein,Livros,484.76,BRL,484.76
4609,2023-06-19,Felipe Ribeiro,Moda,942.83,BRL,942.83
4610,2023-12-08,Sofia Almeida,Esporte,3884.95,USD,19040.53
4611,2024-01-30,Vitória Barbosa,Esporte,515.87,USD,2537.41
4612,2024-01-02,Mariana Martins,Eletrônicos,1109.98,BRL,1109.98
4613,2023-12-02,Isabela Ferreira,Livros,3812.05,BRL,3812.05
4614,2024-03-16,Rafael Barbosa,Livros,2093.86,USD,10451.08
4616,2023-09-14,Olívia Duarte,Livros,1266.10,BRL,1266.10
4617,2023-09-30,Diego Henriques,Eletrônicos,2786.69,USD,13786.31
4618,2024-10-04,Carla Pereira,Moda,1598.43,BRL,1598.43
4619,2023-10-03,Olívia Ribeiro,Moda,875.84,BRL,875.84
4620,2023-12-18,Paulo Santos,Esporte,2617.30,BRL,2617.30
4621,2023-11-15,Olívia Martins,Esporte,2342.64,BRL,2342.64
4622,2023-03-06,Tiago Barbosa,Livros,3143.65,BRL,3143.65
4623,2024-01-05,Bruno Carvalho,Esporte,3290.69,BRL,3290.69
4624,2024-04-03,Nuno Queiroz,Moda,4407.45,BRL,4407.45
4625,2024-06-13,Bruno Santos,Moda,1767.89,USD,9484.20
4626,2023-06-20,Isabela Barbosa,Livros,3896.11,BRL,3896.11
4627,2024-12-28,Gabriela Ribeiro,Não informado,4265.22,USD,25799.89
4628,2023-12-27,Diego Gomes,Eletrônicos,778.46,BRL,778.46
4629,2024-02-22,Diego Gomes,Casa,3297.28,BRL,3297.28
4630,2024-06-08,Carla Queiroz,Esporte,763.02,BRL,763.02
4632,2023-07-22,Mariana Nogueira,Casa,4458.38,BRL,4458.38
4633,2023-01-08,Felipe Klein,Eletrônicos,1410.13,USD,7334.65
4634,2024-10-10,Rafael Martins,Esporte,485.10,BRL,485.10
4635,2024-07-09,Carla Duarte,Esporte,1615.93,BRL,1615.93
4636,2023-06-29,Mariana Duarte,Eletrônicos,3199.95,BRL,3199.95
4637,2023-08-20,Isabela Duarte,Não informado,4566.64,BRL,4566.64
4638,2023-04-17,Mariana Carvalho,Eletrônicos,213.48,BRL,213.48
4639,2023-06-09,Gabriela Oliveira,Eletrônicos,3587.77,BRL,3587.77
4640,2024-10-24,Henrique Queiroz,Livros,1959.83,BRL,1959.83
4641,2023-05-09,Felipe Pereira,Casa,1990.03,BRL,1990.03
4642,2024-10-05,Karina Jesus,Casa,1498.68,BRL,1498.68
4643,2024-03-05,Bruno Lopes,Esporte,4653.04,BRL,4653.04
4645,2024-02-23,Paulo Santos,Eletrônicos,1236.20,USD,6134.52
4646,2024-04-26,Ana Klein,Casa,2495.50,USD,12824.12
4647,2024-06-29,Vitória Santos,Esporte,2406.94,BRL,2406.94
4648,2023-02-07,Sofia Gomes,Casa,322.70,BRL,322.70
4650,2024-09-19,Rafael Gomes,Eletrônicos,788.79,BRL,788.79
4653,2024-03-11,Gabriela Henriques,Casa,3810.86,BRL,3810.86
4654,2024-06-15,Henrique Esteves,Eletrônicos,4886.82,USD,26216.32
4656,2023-03-07,Ana Santos,Moda,1682.82,USD,8792.06
4657,2023-04-11,Nuno Gomes,Casa,1424.22,BRL,1424.22
4658,2024-10-21,Paulo Nogueira,Eletrônicos,1530.25,BRL,1530.25
4659,2023-12-20,Lucas Henriques,Casa,4185.62,BRL,4185.62
4660,2023-08-11,Nuno Teixeira,Livros,863.03,BRL,863.03
4661,2023-12-08,Bruno Teixeira,Casa,638.90,BRL,638.90
4662,2024-09-19,Carla Santos,Eletrônicos,2018.94,BRL,2018.94
4663,2024-04-18,Mariana Ferreira,Eletrônicos,3676.53,BRL,3676.53
4664,2023-11-02,Sofia Duarte,Esporte,560.29,BRL,560.29
4665,2024-10-04,Mariana Ferreira,Moda,3359.55,BRL,3359.55
4666,2023-10-03,Tiago Lopes,Não informado,2005.20,BRL,2005.20
4667,2023-04-15,Gabriela Santos,Moda,3434.82,BRL,3434.82
4668,2024-04-13,Carla Martins,Esporte,30.38,BRL,30.38
4669,2024-06-01,Nuno Gomes,Casa,4945.15,USD,26529.25
4670,2024-10-10,Isabela Oliveira,Casa,1919.76,BRL,1919.76
4671,2023-05-01,Lucas Jesus,Moda,2430.04,BRL,2430.04
4672,2023-07-18,Tiago Esteves,Livros,664.14,BRL,664.14
4674,2023-05-31,Sofia Henriques,Moda,4898.14,BRL,4898.14
4675,2023-01-03,Rafael Klein,Moda,1855.09,BRL,1855.09
4676,2024-08-05,Gabriela Ferreira,Eletrônicos,1407.38,USD,7809.27
4677,2024-04-04,Henrique Klein,Casa,300.55,BRL,300.55
4678,2024-02-27,Bruno Santos,Moda,508.06,BRL,508.06
4679,2023-12-11,Mariana Barbosa,Casa,1861.56,BRL,1861.56
4680,2024-05-13,Mariana Santos,Livros,2795.77,BRL,2795.77
4681,2024-07-10,Diego Martins,Casa,873.52,USD,4831.61
4682,2023-03-23,Olívia Oliveira,Livros,4821.03,BRL,4821.03
4683,2023-01-09,Lucas Santos,Casa,2376.08,BRL,2376.08
4684,2024-01-03,Vitória Vasconcelos,Eletrônicos,3773.63,BRL,3773.63
4685,2023-02-01,Bruno Almeida,Livros,2823.16,BRL,2823.16
4686,2023-04-02,Mariana Oliveira,Eletrônicos,2855.48,BRL,2855.48
4687,2023-07-09,Vitória Queiroz,Eletrônicos,2217.41,BRL,2217.41
4688,2024-06-24,Mariana Martins,Eletrônicos,2178.50,BRL,2178.50
4689,2024-04-17,Lucas Pereira,Livros,2654.76,BRL,2654.76
4690,2024-11-17,Bruno Jesus,Eletrônicos,3005.63,BRL,3005.63
4692,2024-02-02,Eduarda Martins,Livros,1007.22,BRL,1007.22
4693,2023-11-19,Olívia Carvalho,Esporte,4271.03,BRL,4271.03
4694,2023-02-21,Eduarda Teixeira,Casa,855.35,BRL,855.35
4695,2023-10-09,Ana Barbosa,Esporte,843.00,BRL,843.00
4696,2024-06-29,Ana Lopes,Livros,1612.66,BRL,1612.66
4697,2024-12-15,Vitória Queiroz,Livros,4873.91,BRL,4873.91
4700,2023-08-25,Bruno Gomes,Livros,2530.60,USD,12409.56
4701,2024-12-12,Vitória Klein,Livros,1663.09,BRL,1663.09
4702,2024-10-26,Bruno Henriques,Eletrônicos,793.74,BRL,793.74
4703,2023-04-11,João Teixeira,Livros,2173.98,BRL,2173.98
4704,2023-08-31,João Klein,Casa,805.55,BRL,805.55
4705,2024-07-02,Henrique Queiroz,Moda,3941.98,USD,21803.88
4706,2023-07-10,Vitória Martins,Esporte,140.96,BRL,140.96
4707,2023-10-05,Ana Henriques,Moda,2614.98,BRL,2614.98
4708,2024-02-05,Bruno Queiroz,Casa,3849.15,BRL,3849.15
4709,2024-10-15,Ana Santos,Moda,694.79,BRL,694.79
4710,2023-04-16,Carla Duarte,Moda,4646.57,BRL,4646.57
4711,2024-10-06,Bruno Ferreira,Casa,3064.08,BRL,3064.08
4713,2023-08-12,Lucas Duarte,Moda,2906.38,USD,14252.31
4714,2023-03-17,Carla Duarte,Moda,1346.63,BRL,1346.63
4716,2024-09-13,Tiago Barbosa,Moda,583.15,BRL,583.15
4718,2023-01-25,Carla Ferreira,Esporte,1510.02,BRL,1510.02
4719,2023-06-11,Gabriela Duarte,Esporte,2911.90,BRL,2911.90
4720,2023-09-16,Karina Lopes,Eletrônicos,2850.55,BRL,2850.55
4721,2023-06-14,Isabela Martins,Eletrônicos,3837.12,USD,18578.18
4722,2024-02-16,Nuno Ferreira,Livros,1784.93,BRL,1784.93
4723,2023-06-06,Isabela Barbosa,Moda,3961.75,BRL,3961.75
4725,2024-08-05,Mariana Barbosa,Eletrônicos,3317.81,USD,18409.86
4726,2023-04-29,Lucas Santos,Casa,4538.02,BRL,4538.02
4728,2023-01-11,Sofia Pereira,Moda,3451.38,BRL,3451.38
4730,2023-04-29,Gabriela Vasconcelos,Moda,259.50,BRL,259.50
4731,2023-07-11,Diego Teixeira,Moda,3042.83,BRL,3042.83
4732,2023-04-19,Gabriela Nogueira,Casa,4550.52,BRL,4550.52
4733,2024-03-07,Rafael Henriques,Eletrônicos,3286.91,BRL,3286.91
4734,2024-07-17,Felipe Santos,Casa,2252.81,BRL,2252.81
4735,2023-09-01,Tiago Teixeira,Eletrônicos,3879.89,USD,19194.59
4736,2023-01-07,Eduarda Santos,Esporte,2527.32,BRL,2527.32
4739,2024-04-17,Mariana Pereira,Eletrônicos,4825.78,BRL,4825.78
4740,2024-11-14,Paulo Nogueira,Eletrônicos,1530.22,USD,8863.49
4741,2023-05-14,Isabela Almeida,Casa,2424.56,BRL,2424.56
4742,2024-02-04,Nuno Queiroz,Eletrônicos,2792.84,BRL,2792.84
4743,2023-10-05,Eduarda Martins,Livros,1676.42,BRL,1676.42
4744,2023-02-22,Karina Vasconcelos,Livros,1567.79,BRL,1567.79
4745,2024-01-15,Olívia Esteves,Moda,721.73,BRL,721.73
4746,2024-04-10,Karina Almeida,Casa,882.74,BRL,882.74
4747,2023-08-31,Ana Nogueira,Livros,1542.25,BRL,1542.25
4748,2024-06-06,Henrique Vasconcelos,Casa,236.92,BRL,236.92
4750,2023-07-03,Nuno Henriques,Esporte,4906.11,BRL,4906.11
4751,2023-03-13,Felipe Teixeira,Esporte,436.03,BRL,436.03
4752,2024-10-31,Rafael Klein,Esporte,4685.20,BRL,4685.20
4753,2023-01-22,Gabriela Ferreira,Esporte,2690.92,BRL,2690.92
4754,2023-09-08,Olívia Santos,Moda,2233.69,BRL,2233.69
4755,2023-05-29,Mariana Lopes,Moda,992.47,BRL,992.47
4756,2024-01-25,Sofia Jesus,Livros,3512.49,USD,17276.88
4757,2024-04-05,Bruno Henriques,Casa,4169.51,BRL,4169.51
4759,2023-10-07,Gabriela Queiroz,Casa,534.97,USD,2719.57
4760,2023-03-17,Carla Gomes,Esporte,2765.50,BRL,2765.50
4761,2024-09-22,Vitória Almeida,Eletrônicos,4227.73,BRL,4227.73
4763,2023-03-04,Gabriela Barbosa,Moda,275.63,USD,1440.06
4764,2024-12-13,Carla Barbosa,Eletrônicos,3881.47,BRL,3881.47
4765,2024-09-28,Gabriela Klein,Moda,4068.89,BRL,4068.89
4766,2024-07-16,Henrique Gomes,Eletrônicos,2596.95,BRL,2596.95
4767,2024-10-11,Sofia Klein,Livros,734.16,USD,4112.40
4768,2023-05-04,Vitória Barbosa,Casa,4603.14,BRL,4603.14
4769,2023-02-20,Sofia Pereira,Casa,4802.20,USD,24889.80
4770,2023-03-03,Felipe Queiroz,Livros,811.93,BRL,811.93
4771,2023-07-20,Vitória Esteves,Esporte,1000.78,BRL,1000.78
4773,2024-05-30,Bruno Santos,Casa,1022.04,USD,5266.16
4774,2024-06-29,Tiago Lopes,Casa,3204.24,USD,17189.79
4775,2024-03-02,Olívia Santos,Eletrônicos,3411.55,BRL,3411.55
4776,2023-02-11,Ana Esteves,Livros,714.57,BRL,714.57
4777,2024-03-18,Mariana Henriques,Livros,786.53,BRL,786.53
4778,2023-04-21,Paulo Santos,Eletrônicos,1216.96,BRL,1216.96
4779,2024-05-07,Carla Ferreira,Moda,1227.34,BRL,1227.34
4780,2023-01-24,Olívia Klein,Esporte,1050.25,BRL,1050.25
4781,2024-07-27,Karina Queiroz,Esporte,1593.14,USD,8811.98
4782,2024-03-05,Sofia Esteves,Livros,3684.32,BRL,3684.32
4783,2024-05-09,João Teixeira,Eletrônicos,2962.57,BRL,2962.57
4784,2024-02-08,Lucas Barbosa,Moda,2015.01,BRL,2015.01
4786,2023-11-21,Henrique Duarte,Moda,4888.00,USD,24066.07
4787,2024-01-01,Carla Esteves,Casa,284.26,BRL,284.26
4788,2024-08-29,Ana Klein,Livros,4334.78,USD,24052.83
4789,2024-05-15,Eduarda Vasconcelos,Moda,4197.54,BRL,4197.54
4790,2023-12-17,Tiago Nogueira,Moda,2144.27,USD,10509.28
4791,2023-09-05,Gabriela Santos,Livros,2812.91,USD,13916.03
4792,2023-12-02,Mariana Martins,Moda,1135.74,BRL,1135.74
4793,2024-11-21,Tiago Ribeiro,Esporte,2865.11,BRL,2865.11
4794,2023-07-21,Olívia Pereira,Casa,4468.37,BRL,4468.37
4795,2024-09-26,João Klein,Livros,2417.42,BRL,2417.42
4796,2024-12-31,Sofia Santos,Moda,3910.27,BRL,3910.27
4798,2024-09-25,Henrique Carvalho,Eletrônicos,4013.85,BRL,4013.85
4799,2024-02-20,Vitória Nogueira,Livros,3154.69,BRL,3154.69
4800,2023-02-05,Rafael Barbosa,Eletrônicos,2622.53,BRL,2622.53
4801,2024-06-10,Carla Jesus,Eletrônicos,1864.65,BRL,1864.65
4802,2023-07-09,João Vasconcelos,Esporte,4665.14,USD,22450.99
4803,2023-09-24,Isabela Nogueira,Livros,3250.67,BRL,3250.67
4804,2024-02-18,Rafael Carvalho,Casa,2966.15,BRL,2966.15
4805,2023-01-04,Diego Martins,Esporte,1504.99,BRL,1504.99
4807,2023-10-14,João Esteves,Casa,843.41,BRL,843.41
4808,2023-06-06,Lucas Santos,Casa,3611.86,USD,17487.54
4809,2023-07-12,Olívia Ribeiro,Casa,61.01,USD,293.61
4810,2024-09-01,Lucas Teixeira,Livros,235.04,BRL,235.04
4812,2024-10-26,Lucas Ribeiro,Livros,4447.18,BRL,4447.18
4813,2024-03-25,Gabriela Barbosa,Eletrônicos,637.30,BRL,637.30
4814,2023-05-18,Nuno Klein,Casa,407.34,BRL,407.34
4815,2023-10-25,Nuno Barbosa,Esporte,1497.35,USD,7611.93
4816,2023-08-05,Carla Barbosa,Eletrônicos,3901.67,BRL,3901.67
4817,2023-06-01,Gabriela Duarte,Casa,3590.45,USD,17383.88
4818,2023-06-30,Vitória Queiroz,Livros,1361.08,BRL,1361.08
4819,2024-11-13,Carla Vasconcelos,Moda,204.58,USD,1184.99
4820,2024-03-26,Paulo Queiroz,Casa,3177.23,BRL,3177.23
4821,2023-12-13,Carla Vasconcelos,Livros,2039.11,BRL,2039.11
4822,2023-05-01,Lucas Gomes,Livros,3926.11,BRL,3926.11
4823,2023-07-19,Sofia Vasconcelos,Livros,3730.23,BRL,3730.23
4824,2024-11-05,Ana Vasconcelos,Esporte,2286.35,BRL,2286.35
4825,2023-01-21,Tiago Oliveira,Moda,514.86,BRL,514.86
4826,2024-04-13,Carla Carvalho,Eletrônicos,3917.38,BRL,3917.38
4827,2023-09-03,Tiago Gomes,Moda,1831.81,BRL,1831.81
4828,2024-03-05,Isabela Vasconcelos,Eletrônicos,1374.60,USD,6861.04
4829,2023-06-23,Carla Carvalho,Casa,3234.09,BRL,3234.09
4830,2023-01-03,Rafael Lopes,Moda,1406.04,USD,7313.38
4831,2024-03-18,Karina Barbosa,Esporte,286.27,BRL,286.27
4832,2024-07-13,Isabela Queiroz,Moda,4300.21,USD,23785.32
4834,2023-12-07,Ana Martins,Casa,3620.85,BRL,3620.85
4835,2024-11-29,Paulo Queiroz,Eletrônicos,4772.31,BRL,4772.31
4837,2024-05-21,Sofia Jesus,Moda,218.03,BRL,218.03
4838,2024-07-21,Diego Gomes,Casa,2423.98,USD,13407.52
4839,2023-12-20,João Esteves,Moda,780.18,BRL,780.18
4840,2023-04-19,Gabriela Carvalho,Livros,4609.61,USD,23130.56
4841,2024-03-30,Rafael Jesus,Livros,3169.58,BRL,3169.58
4842,2024-02-16,Lucas Ferreira,Moda,2021.85,BRL,2021.85
4845,2024-08-04,João Esteves,Livros,649.41,USD,3603.45
4846,2024-05-05,Lucas Martins,Moda,4102.34,BRL,4102.34
4847,2023-11-04,Felipe Vasconcelos,Esporte,2295.56,BRL,2295.56
4848,2024-01-02,João Henriques,Livros,4497.56,BRL,4497.56
4849,2023-11-25,Vitória Klein,Não informado,3131.04,BRL,3131.04
4850,2024-01-16,Gabriela Santos,Esporte,2563.53,BRL,2563.53
4851,2024-06-09,Nuno Teixeira,Casa,4947.50,BRL,4947.50
4852,2023-04-15,Mariana Duarte,Esporte,4448.49,BRL,4448.49
4853,2024-10-16,Diego Almeida,Livros,3342.38,BRL,3342.38
4854,2023-06-06,Karina Nogueira,Esporte,3054.01,BRL,3054.01
4855,2023-07-27,Ana Gomes,Não informado,236.01,BRL,236.01
4856,2023-11-14,Vitória Ribeiro,Livros,1197.84,BRL,1197.84
4857,2024-02-11,Paulo Pereira,Eletrônicos,4380.48,BRL,4380.48
4858,2024-05-24,Isabela Nogueira,Não informado,1028.08,USD,5297.29
4859,2023-10-01,Vitória Teixeira,Esporte,35.95,BRL,35.95
4861,2024-11-03,Lucas Lopes,Esporte,322.63,BRL,322.63
4862,2024-07-13,Gabriela Nogueira,Eletrônicos,4512.12,BRL,4512.12
4863,2023-04-18,Isabela Queiroz,Moda,999.26,USD,5014.19
4865,2024-07-28,Vitória Vasconcelos,Moda,293.51,USD,1623.46
4868,2023-09-16,Carla Santos,Casa,3523.97,BRL,3523.97
4869,2024-10-17,Karina Santos,Casa,140.79,BRL,140.79
4872,2023-02-06,Sofia Duarte,Livros,3840.49,BRL,3840.49
4873,2024-09-27,Tiago Vasconcelos,Esporte,1391.65,BRL,1391.65
4874,2023-06-08,Vitória Ribeiro,Esporte,4525.05,BRL,4525.05
4875,2023-05-18,Gabriela Barbosa,Livros,740.89,BRL,740.89
4876,2023-10-29,Tiago Lopes,Eletrônicos,50.58,BRL,50.58
4877,2023-05-02,Lucas Jesus,Moda,3070.58,BRL,3070.58
4878,2024-05-02,Diego Klein,Eletrônicos,3365.05,BRL,3365.05
4879,2024-02-25,Vitória Barbosa,Livros,945.84,USD,4693.64
4880,2024-09-05,Paulo Gomes,Livros,2673.03,BRL,2673.03
4881,2023-05-23,Carla Queiroz,Casa,3415.01,BRL,3415.01
4882,2023-01-25,João Almeida,Eletrônicos,1013.75,BRL,1013.75
4883,2023-08-30,Olívia Pereira,Eletrônicos,1126.49,BRL,1126.49
4884,2024-09-28,Lucas Esteves,Livros,1462.20,BRL,1462.20
4885,2024-01-21,Paulo Klein,Moda,4990.15,BRL,4990.15
4886,2024-09-14,Vitória Queiroz,Livros,1593.05,BRL,1593.05
4887,2023-05-27,Carla Santos,Eletrônicos,4446.65,BRL,4446.65
4888,2023-05-07,Felipe Henriques,Esporte,2874.42,BRL,2874.42
4889,2024-04-05,Tiago Klein,Esporte,3762.43,USD,19334.75
4890,2023-02-12,Eduarda Ferreira,Moda,2244.60,BRL,2244.60
4891,2024-11-16,João Oliveira,Livros,1828.54,BRL,1828.54
4893,2023-01-02,Gabriela Santos,Eletrônicos,4885.79,BRL,4885.79
4894,2024-11-14,Karina Pereira,Casa,3234.80,BRL,3234.80
4895,2023-01-17,Lucas Duarte,Livros,3447.55,BRL,3447.55
4896,2024-03-10,Rafael Carvalho,Moda,4448.85,BRL,4448.85
4897,2023-11-02,Sofia Martins,Não informado,2156.03,BRL,2156.03
4898,2024-11-29,Isabela Nogueira,Casa,617.53,BRL,617.53
4900,2023-09-10,Lucas Ferreira,Eletrônicos,3950.09,USD,19541.89
4901,2024-04-11,Vitória Vasconcelos,Esporte,4159.99,BRL,4159.99
4902,2023-09-03,Carla Jesus,Casa,1675.01,BRL,1675.01
4905,2023-06-07,Felipe Teixeira,Casa,4760.85,BRL,4760.85
4906,2024-08-06,Isabela Duarte,Esporte,2787.78,BRL,2787.78
4907,2024-12-26,Eduarda Barbosa,Esporte,3830.84,BRL,3830.84
4908,2024-07-10,Diego Pereira,Casa,2794.21,BRL,2794.21
4909,2023-12-03,Rafael Henriques,Esporte,2645.19,BRL,2645.19
4910,2024-08-27,Paulo Almeida,Não informado,768.15,BRL,768.15
4913,2024-03-07,João Duarte,Eletrônicos,2336.64,USD,11662.87
4914,2023-06-13,Rafael Jesus,Moda,3113.43,BRL,3113.43
4915,2024-06-18,Karina Ribeiro,Moda,2320.09,BRL,2320.09
4916,2023-08-02,Mariana Gomes,Casa,3809.90,BRL,3809.90
4917,2024-07-20,Bruno Ribeiro,Moda,879.93,BRL,879.93
4918,2024-04-18,Felipe Jesus,Casa,602.87,BRL,602.87
4919,2023-04-05,Rafael Martins,Não informado,1237.05,BRL,1237.05
4920,2024-06-05,Lucas Pereira,Casa,216.55,BRL,216.55
4921,2023-07-04,Olívia Esteves,Livros,66.02,BRL,66.02
4922,2023-05-28,Sofia Carvalho,Casa,1323.65,BRL,1323.65
4923,2023-02-12,João Teixeira,Casa,3259.94,BRL,3259.94
4924,2024-08-19,Sofia Carvalho,Esporte,147.70,BRL,147.70
4925,2023-08-18,Eduarda Queiroz,Esporte,2566.71,BRL,2566.71
4927,2024-11-24,Tiago Nogueira,Moda,3758.36,BRL,3758.36
4928,2023-10-22,Karina Pereira,Livros,754.25,USD,3834.31
4930,2023-05-17,Paulo Santos,Esporte,3419.09,BRL,3419.09
4931,2024-05-17,Isabela Jesus,Moda,1319.22,BRL,1319.22
4932,2024-12-27,Olívia Oliveira,Eletrônicos,3095.28,BRL,3095.28
4933,2024-07-23,Carla Oliveira,Casa,2997.84,BRL,2997.84
4934,2024-06-26,Carla Gomes,Eletrônicos,3092.02,BRL,3092.02
4935,2024-02-29,Lucas Almeida,Livros,2849.65,USD,14141.10
4936,2024-03-25,Bruno Pereira,Eletrônicos,3467.32,USD,17306.43
4937,2024-07-23,Mariana Klein,Livros,1296.90,BRL,1296.90
4938,2023-03-29,Isabela Vasconcelos,Livros,1313.38,BRL,1313.38
4939,2024-04-23,Henrique Lopes,Esporte,3773.73,BRL,3773.73
4940,2024-09-06,Eduarda Barbosa,Eletrônicos,2927.66,BRL,2927.66
4941,2023-07-17,Lucas Nogueira,Casa,726.60,USD,3496.76
4942,2024-06-27,Isabela Nogueira,Casa,3835.76,USD,20577.70
4943,2023-10-02,Bruno Jesus,Casa,2480.04,USD,12607.53
4944,2024-08-24,João Henriques,Eletrônicos,1707.82,USD,9476.35
4945,2023-06-18,Lucas Almeida,Esporte,3746.65,BRL,3746.65
4946,2024-06-22,Nuno Oliveira,Esporte,4008.13,BRL,4008.13
4947,2024-01-09,Diego Ferreira,Moda,605.65,BRL,605.65
4948,2024-09-03,Felipe Martins,Eletrônicos,491.63,BRL,491.63
4949,2024-05-21,Rafael Barbosa,Esporte,3291.99,BRL,3291.99
4950,2023-09-09,Lucas Esteves,Livros,3687.39,BRL,3687.39
4951,2024-04-27,Karina Queiroz,Esporte,2784.79,BRL,2784.79
4953,2023-10-21,Vitória Jesus,Moda,4891.38,BRL,4891.38
4954,2024-11-12,Nuno Teixeira,Livros,4469.18,BRL,4469.18
4955,2023-03-27,Paulo Barbosa,Moda,4980.45,USD,26020.86
4956,2024-08-17,Olívia Gomes,Moda,1826.68,USD,10135.88
4958,2024-06-26,Olívia Ferreira,Esporte,3323.20,BRL,3323.20
4959,2024-06-17,Tiago Jesus,Moda,3203.34,BRL,3203.34
4960,2024-09-01,Vitória Klein,Casa,2743.06,BRL,2743.06
4962,2023-07-30,Eduarda Ferreira,Casa,4985.24,BRL,4985.24
4964,2023-03-17,Isabela Pereira,Não informado,743.71,USD,3885.59
4965,2023-06-06,Carla Pereira,Eletrônicos,1435.04,BRL,1435.04
4966,2024-07-23,Nuno Gomes,Moda,1104.44,BRL,1104.44
4967,2023-09-07,Nuno Carvalho,Eletrônicos,218.43,BRL,218.43
4968,2024-03-02,Bruno Queiroz,Casa,2157.35,BRL,2157.35
4969,2023-11-21,Isabela Oliveira,Eletrônicos,4616.15,BRL,4616.15
4970,2024-04-07,Felipe Nogueira,Eletrônicos,1158.78,BRL,1158.78
4971,2024-07-10,Sofia Oliveira,Moda,1494.93,BRL,1494.93
4972,2023-04-26,Tiago Martins,Eletrônicos,3872.82,BRL,3872.82
4973,2024-11-19,Karina Ferreira,Casa,472.78,BRL,472.78
4974,2024-04-11,Paulo Barbosa,Esporte,844.44,BRL,844.44
4975,2024-01-11,Felipe Queiroz,Eletrônicos,3604.93,BRL,3604.93
4976,2023-07-02,Nuno Ribeiro,Esporte,1718.37,BRL,1718.37
4977,2024-03-15,Sofia Martins,Esporte,4777.59,BRL,4777.59
4979,2023-09-14,Isabela Duarte,Casa,236.66,BRL,236.66
4980,2023-01-18,Karina Santos,Esporte,1439.50,BRL,1439.50
4981,2023-03-08,Carla Martins,Eletrônicos,673.07,BRL,673.07
4982,2024-09-26,Bruno Gomes,Casa,2122.81,BRL,2122.81
4983,2024-01-18,Karina Henriques,Casa,155.30,BRL,155.30
4984,2023-10-10,Olívia Jesus,Moda,1265.28,BRL,1265.28
4986,2024-07-15,Gabriela Pereira,Eletrônicos,4483.62,BRL,4483.62
4987,2023-09-06,Henrique Barbosa,Livros,4944.50,BRL,4944.50
4988,2024-06-18,Sofia Santos,Casa,4539.50,BRL,4539.50
4990,2023-08-09,Eduarda Carvalho,Não informado,1140.77,BRL,1140.77
4991,2023-11-04,Henrique Teixeira,Esporte,4656.91,BRL,4656.91
4992,2024-03-24,Lucas Gomes,Esporte,3629.62,BRL,3629.62
4993,2023-03-31,Felipe Jesus,Moda,2090.12,BRL,2090.12
4994,2024-12-29,Isabela Nogueira,Moda,3366.46,BRL,3366.46
4996,2024-01-04,Tiago Klein,Casa,2585.07,BRL,2585.07
4998,2023-07-02,Isabela Teixeira,Esporte,360.32,BRL,360.32
4999,2023-03-11,Henrique Duarte,Casa,974.11,BRL,974.11
5000,2024-02-29,Nuno Carvalho,Eletrônicos,4287.88,BRL,4287.88
