order_id,order_date,customer,category,amount
1,2023-10-09,  Eduarda Duarte,Esportes,-
2,2023-10-12,Ana Ferreira,casa,"R$ 481,69"
3,2024-07-19,Vitória Martins,ELETRONICOS,"4.278,61"
4,30/11/2024,  Vitória Ferreira,vestuario,"R$ 3.446,33"
5,Aug 03 2024,Karina Gomes,Livros,USD 715.13
6,2024-05-20,Bruno Duarte,Moda,USD  1920.02
7,15/12/2023,Nuno Ferreira,Casa,"549,73"
8,Jan 01 2023  ,Paulo Almeida,Casa,"308,32"
9,16/07/2024,Rafael Vasconcelos,Moda,"R$ 3.569,74"
10,2024-07-21,Henrique Almeida,eletronicos,USD 1204.95
11,14/07/2023,  Nuno Martins,Livros,"R$ 3.237,29"
12,2023-09-13,Carla Pereira,ESPORTE,"4.844,63"
13,2024-02-04  ,Olívia  Klein,Esporte,"R$ 1.103,85"
14,2024-06-04,Felipe Carvalho,Moda,"R$ 2.902,40"
15,2024-02-10,João Pereira,eletronicos,"1.340,36"
16,31/10/2024,Sofia Klein,Eletrônicos,USD 552.84
17,2023-02-22,  Nuno Jesus,outros,"1.324,20"
18,2024-01-14,Eduarda Oliveira,Casa,"R$ 218,54"
19,31/08/2023,Felipe Oliveira,"","4.654,53"
20,Apr 26 2024,Olívia Martins,MODA,"365,55"
21,Sep 25 2023,Isabela Barbosa  ,Livros,"R$ 4.920,51"
22,21/07/2023,Carla Lopes,Eletrônicos,"R$ 2.053,33"
23,05/11/2023,Ana Klein,Livros,"2.219,60"
24,26/09/2024,Henrique Klein,moda,"R$ 4.250,83"
25,06/01/2023,Diego Oliveira,Esporte,"R$ 624,16"
26,31/05/2024,Sofia Pereira,Livros,"1.400,66"
27,Mar 24 2023,Henrique Nogueira,vestuario,"329,93"
ORD-1023,2024-02-04,Nuno Santos,Esporte,"R$ 1.378,87"
29,2024-13-30,Mariana Teixeira,eletro,"R$ 270,27"
30,  2023-03-25,Sofia Barbosa,casa,"  3.775,30"
31,2024-01-13,Vitória Duarte,Moda,USD 1573.17
32,05/11/2023,Vitória Duarte,Esporte  ,"1.865,01"
33,21/03/2024,Rafael Jesus,Esporte,"R$ 2.969,89"
  34,11/12/2023,Karina Ferreira,Casa,"R$ 3.511,16"
35,03/04/2024,Carla Klein,Moda,"R$ 2.663,41"
36,2023-05-03,Felipe Gomes,livraria,"R$ 1.428,98"
37,2023-10-27,Eduarda Queiroz,Eletrônicos,"R$  937,87"
38,2024-07-30,Carla Henriques,Livros,"R$ 2.621,84"
39  ,01/08/2023,Isabela Carvalho,Moda,"R$ 3.452,35"
40,02/10/2024,Gabriela Oliveira,Moda,"R$ 375,46"
41,06/10/2023,Paulo Pereira,Eletrônicos,"R$ 148,68"
42,  29/06/2023,Olívia Jesus,Esporte,"R$ 2.360,13"
43,17/07/2024,Carla Lopes,Eletrônicos,"4.939,84"
44,  28/07/2023,Eduarda Klein,  livraria,"808,48"
45,2023-10-07,Paulo Queiroz,esporte,"4.398,15"
46,2023-11-02,Tiago Queiroz,Livros,"R$ 2.725,69"
47,2024-04-29,Mariana Nogueira,Moda,n/a
48,2024-11-01,Carla Queiroz,Casa,"4.260,92"
49,2023-03-12  ,João Henriques,Livros,"R$ 520,34"
50,2024-08-02,Felipe Ferreira,Esporte  ,"R$ 4.564,97"
51  ,2024-03-28,Tiago Klein,Livros,"4.995,88"
52,09/10/2023,"",Eletrônicos,"4.515,70"
53,06/11/2024,Eduarda Duarte,Eletrônicos,"R$ 3.666,39"
54,2023-10-07,Isabela Queiroz,Casa,$ 4814.24
55,2024-02-09,"",Livros,"1.917,06"
  56,2024-09-16,Carla Pereira,Casa,USD 205.18
57,2024-03-05 10:30:00,Eduarda Oliveira,Livros,"R$ 3.456,88"
58,04/03/2023,Gabriela Duarte,livros,"126,24"
59,Dec 03 2023,Vitória Almeida,Moda,"567,23  "
60,22/06/2024,Carla Queiroz,Casa,"R$ 4.727,22"
61,2024-02-16,Diego Queiroz,livros,USD 648.22
62,2024-12-19,Sofia Gomes,Moda,"R$ 3.652,71"
63,2024-03-18,Lucas Esteves,Esporte  ,"2.065,36"
64,2023-08-06,Paulo Henriques,Casa,"2.878,40"
65,Dec 11 2024,Felipe  Jesus,Casa,"733,16"
66,2023-11-16,Tiago Vasconcelos,eletronicos  ,"R$  3.315,76"
67  ,2024-11-14,Henrique Nogueira,Eletrônico,"R$ 3.824,73"
68,29/12/2023,  Bruno Oliveira,"","2.886,66"
69,2024-04-16 10:30:00,Lucas Carvalho,eletro,"R$ 1.564,79"
70,2024-10-22,Henrique Duarte,MODA,"901,93"
71,01/10/2024,Karina Esteves  ,  Livros,"299,59"
72  ,2024-07-21,Bruno  Pereira,Esporte,"R$ 771,05"
  73,2024-06-19,Lucas Martins,Livros,"3.949,54"
74,03/06/2023,Tiago Esteves,Casa,"2.982,67"
75,02/12/2024,  Carla Oliveira,Eletrônicos,"R$ 4.738,44"
76,2024-11-08,Vitória Esteves,MODA,USD 1833.78
77,2024-04-25 10:30:00,Gabriela Martins,Esporte,"1.921,28"
78,Jul 21 2024,Rafael Duarte,MODA,USD 4553.40
  79,  2023-08-18,Diego Lopes,vestuario,$ 3532.84
80,2023-10-23,Diego Barbosa,Esporte,"R$ 2.991,12"
81  ,2024-11-11,Rafael Martins,  Esporte,"121,15"
82,18/08/2024,Karina Esteves,misc,"4.154,46"
83,2023-07-26,Gabriela Barbosa,Casa,"1.281,17"
84,2024-02-14,Mariana Lopes,Livros,"R$ 1.347,93"
85,2023-10-30,Vitória Oliveira,Livros,"-50,00"
  86,2024-11-26,Ana Esteves,livros,"1.823,08"
87,2024-02-12,Isabela Henriques,Eletrônicos,"R$ 2.816,52"
88,2023-03-17,Olívia Carvalho,Casa,"R$ 1.465,64"
89,2023-13-23,Paulo Almeida,Esporte,"R$ 3.066,85"
90,  2023-11-21,Olívia Pereira,casa_decoracao,"R$ 4.831,03"
91,2024-06-15,Carla Jesus,ESPORTE,"R$ 2.522,26"
92,2023-01-30,Tiago Jesus,Esporte,"R$ 3.142,61"
93,2024-03-26,Olívia Gomes,Moda,"4.305,80"
94,2023-04-10,Mariana Vasconcelos,Moda,"R$ 965,10  "
95,2023-08-09 10:30:00,Bruno Barbosa,Esporte,"2.692,14"
96,2023-07-19,João Carvalho,Livros,"R$ 3.407,67"
97,2024-06-05,Bruno Barbosa,misc,"2.295,29"
98,2023-12-11,Rafael Santos,esporte  ,"4.898,91"
99,  2024-08-15 10:30:00,Bruno Teixeira,Esporte,"755,69"
100,2024-09-18,Bruno Esteves,Esporte,"R$ 1.582,11"
101,16/09/2024,Henrique Jesus,Moda,"3.529,67"
102,2024-07-10,Mariana Martins,Modas,USD 4620.64
103,2024-08-23,Bruno Ribeiro,vestuario,"R$ 3.411,62"
104,22/10/2023,Bruno Carvalho,Moda,"R$ 4.566,96"
105,2023-10-24 10:30:00,Ana Klein,Eletrônicos,"3.213,06"
106,25/10/2024,Felipe  Almeida,  Casa,USD 4282.74
107,2019-07-16,Isabela Lopes,ESPORTE,"R$ 3.344,87"
108,30/10/2023,Henrique Henriques,livraria,"3.514,93"
  109,22/06/2024,Lucas Carvalho,ELETRONICOS,USD 1653.63
110  ,2024-03-01,Bruno Santos,  Casa,"3.733,34"
111,2023-07-04,Nuno Martins,Livros,"419,47"
112,2023-01-04 10:30:00,João Pereira,Esporte,"R$ 2.313,40"
113,Jan 17 2023,Carla Duarte,Livros,$ 3707.13
114,Aug 12 2024,Vitória Lopes,Moda,"1.389,92"
115,2024-10-20,Rafael Lopes,LIVRO  ,"R$ 1.219,70"
  116,2023-09-06,Karina Carvalho,casa_decoracao,USD 1897.86
117,Dec 07 2023,Ana Gomes,Eletrônicos,"3.483,49"
118,2024-01-04,Paulo  Pereira,Livros,"R$ 1.577,97"
119,2023-12-04,Tiago Henriques,Casa e Decoração,"R$ 2.462,62"
120,02/03/2023,Carla Barbosa,livraria,"65,42"
121,2019-10-10,Ana Ribeiro,Esporte,""
122,2023-06-02,Vitória Ribeiro,Casa  e Decoração,"R$ 2.305,30"
123,2024-07-19,Ana Ferreira,Livros,"4.868,75"
124,Dec 01 2024,  Sofia Teixeira,Moda,"2.942,81"
125,07/07/2024,Eduarda Carvalho,Casa e Decoração,USD 3033.10
126,2024-07-20,Nuno Ferreira,livraria,"R$ 385,90"
127,2024-03-31 10:30:00,Isabela Duarte,Moda,"R$ 534,21  "
128,2024-07-26,Henrique Teixeira  ,LIVRO,"R$ 334,91"
129,13/04/2024,João Almeida,Casa,"R$ 2.211,81"
130,2023-07-01,Karina Klein,Livros,"1.415,54"
131,2024-04-17,Gabriela Pereira,Eletrônicos,"2.505,98"
  132,2024-06-02,Nuno Santos,outros,"2.976,59"
133,2023-12-06,Nuno Duarte,"","2.603,05"
134,2023-12-20,Paulo Duarte,ELETRONICOS,"3.924,86"
135,2023-12-18,Felipe Henriques,ESPORTE,"3.992,01"
136,2023-01-05,Gabriela Jesus,Eletrônicos,"R$ 1.841,22"
137  ,2023-12-23,Olívia Vasconcelos,Casa,"R$ 1.579,28"
138,2024-10-12,Felipe Santos,Casa e Decoração,"4.329,42"
139,2024-12-28,Paulo Ferreira,Eletrônicos,$ 1139.42
140,2024-07-10,Lucas Santos,Eletrônicos  ,"2.136,79"
141,2023-05-01,Henrique Gomes,Esporte,"2.151,79"
142,2024-12-21,Tiago Jesus,Esporte,USD 4813.64
143,11/09/2023,Mariana Queiroz,Casa,USD 3976.29
144,2023-04-06,Olívia Martins,Esporte,"R$ 2.483,14"
145,17/02/2023,Olívia Almeida,Moda,""
  146,2023-10-08,Lucas Jesus,Modas,"R$ 2.157,08"
0,2023-05-04,Nuno Esteves,Moda,USD 1580.11
  148,2023-01-09,Felipe Pereira,Moda,"3.438,38"
149,11/09/2023,Carla Henriques,Esporte,"153,46"
150,03/09/2023,Diego Henriques,esporte,"677,06"
151,2023-03-11,"",Eletrônicos,"3.568,15"
152,2023-03-22,Gabriela Esteves,Livros,"R$ 3.222,23"
153,26/02/2023,Felipe Duarte,"",$ 2491.59
154,May  01 2023,Ana Lopes,Casa,"R$ 3.144,45"
155,29/04/2023,Rafael Almeida,diversos,"R$ 1.926,79"
156,2024-03-02,Karina Jesus  ,Esporte,"912,87"
157,2024-04-12,"",Esporte,"1.853,57"
158,2024-02-24,Sofia Martins,Eletrônicos,""
  159,2023-03-03,Eduarda Jesus,Moda,"1.874,57"
160,14/05/2023,Isabela Lopes,Livros,"R$ 1.374,00"
161,2024-07-02,Gabriela Pereira,Casa,"1.534,62"
  162,2023-02-20,  Isabela Ferreira,outros,"R$ 2.759,01"
163,22/10/2024,Tiago Jesus,eletronicos,"R$  4.049,48"
164,23/05/2024,Nuno Ferreira,vestuario  ,$ 3102.84
165,22/06/2024,Sofia Almeida,Casa,"R$ 2.836,33"
166,2024-13-26,Tiago Henriques,ELETRONICOS,"R$ 4.587,03"
167,30/06/2023,Karina Martins,Eletrônicos,"727,44"
168,2024-09-08,Rafael Queiroz,"","669,62"
169,2023-04-24,Lucas Carvalho,Livros,"4.878,81"
170,Sep 20 2024,Henrique Teixeira,Livros,USD  3648.82
171,18/09/2024,Tiago Duarte,Moda,"1.610,82"
172,2024-12-10,Isabela Duarte  ,Eletrônicos,"R$ 4.424,17"
173,  2024-04-07,Bruno Klein,"",USD 1721.80
174,17/03/2024,Felipe Vasconcelos,Modas,"3.491,31"
175,2023-02-25  ,Nuno Carvalho,Esporte,"3.197,52"
176,2024-01-15,Lucas Ferreira,Casa,"R$ 2.829,34"
177,2024-02-01,Nuno Santos,Livros,"1.985,67"
178,27/06/2023,Felipe Gomes,moda,"4.985,40  "
179,2023-10-10,Ana Vasconcelos  ,livros,"3.795,94"
180,2024-11-01,Vitória Queiroz,outros  ,"R$ 3.409,74"
181  ,2023-11-07,Paulo Duarte,vestuario,"3.648,67"
182,11/06/2024,Carla Klein,livraria,USD 979.69
183,01/06/2024,Diego Almeida,Livros,"R$ 2.942,04"
184,2024-08-08,Gabriela Henriques,vestuario,"4.835,38"
185,2024-12-30  10:30:00,Isabela Oliveira,Casa,"2.612,21"
186,2024-12-01,Carla Lopes,Casa,"R$ 4.463,12"
187,28/11/2024,Ana Queiroz,Casa,"2.922,83"
188,2024-01-03 10:30:00,Felipe Santos,Eletrônicos,"2.803,37"
189,2023-12-06,Tiago Klein,Eletrônicos,"R$ 4.721,67"
190,May 21 2023  ,Karina Oliveira,livraria,USD 1676.10
191,2023-04-01,Nuno Oliveira,Livros,-
192,2019-05-08,Lucas Klein,Livros,USD 247.54
193,2024-13-16,Gabriela Ferreira,livros,USD 3674.94
194,2023-02-19  ,Ana Barbosa,Livros,"R$ 3.514,57"
195,2023-04-18,Vitória Duarte,Eletrônicos,"4.160,02"
196,2023-08-29  ,"",Eletrônicos,USD 468.43
  197,2023-02-21,Felipe Barbosa,Casa,"492,91"
198,Apr 06 2023,Karina  Ferreira,Livros,"4.255,48"
199,2024-08-27,Tiago Pereira,Livros,"4.401,26"
200,13/01/2023,Rafael Teixeira,Moda,"2.624,48"
  201,19/09/2024,Felipe Ribeiro,Livros,"1.219,32  "
202,2024-05-25,Diego Queiroz,eletro,-
203,12/04/2024,Lucas Barbosa,Livros,"R$ 3.588,21"
204,2024-06-18,Diego Barbosa,livraria,"R$ 1.286,03"
205,17/02/2023,Tiago Duarte,Livros,"R$ 4.819,03"
206,Dec 09 2024,Eduarda Duarte,Esporte,"2.104,47"
207,2024-09-08,Rafael Klein,Esporte,"R$ 3.169,60"
208,2024-05-30 10:30:00,Karina Duarte,Esporte,"2.098,56"
209,2024-11-17,Isabela Ferreira,casa,"R$ 3.772,12"
210,2024-12-13,Bruno Nogueira,Casa,"1.031,09"
211,2024-09-09,Gabriela Klein,ELETRONICOS  ,$ 222.22
212,2023-11-27,Vitória Klein,Esporte,"2.635,89"
213,Nov 10 2024,Lucas Klein,Esporte,"R$ 4.905,06"
214,25/11/2023,Diego Nogueira,casa_decoracao,"R$ 4.017,20"
215,2023-01-08,Gabriela  Gomes,Livros,"4.394,72"
216,  2023-02-25,Isabela Santos,Moda,"R$ 2.033,69"
  217,16/03/2023,Rafael Duarte,Casa,"1.919,00"
218,2023-05-28 10:30:00,Lucas Almeida,esporte,""
219,Dec 19 2023,Rafael Esteves,Moda,  USD 3360.77
220,2023-12-05,Henrique Duarte,Eletrônicos,"R$ 3.088,73"
"",30/12/2024,Nuno  Jesus,Moda,"2.237,38"
222  ,2024-07-05,Carla Carvalho,Esporte,"R$ 3.849,82"
223,2024-08-26,João Esteves,Esportes,"4.242,09"
224,30/05/2023,Paulo Martins,outros,"1.185,10"
225,16/04/2023  ,Rafael Jesus,Casa,"1.904,58"
226,May 13 2024,Vitória Almeida,Moda,"R$ 1.418,08"
227,2024-11-22,Gabriela Teixeira,livros,"690,70"
228,2024-10-14 10:30:00,"",Casa,"R$ 2.367,11"
229,07/06/2024,Karina Pereira,eletro,USD 2622.53
230,Jun 28 2024,Diego Carvalho,Moda,USD 4688.98
231,2024-01-26,Tiago Duarte,Casa,"1.430,31"
232,2019-12-02,Karina Oliveira,Moda,"2.689,22"
233,2024-07-26,Isabela Klein,Livros,"R$ 3.743,34"
234,24/12/2024,Mariana Almeida,Moda,$ 1329.86
235,2023-02-28 10:30:00,Felipe Queiroz,Moda,"989,56"
236,2023-03-30 10:30:00,Mariana Martins,Livros,"R$ 361,55"
237,19/07/2023,Mariana Teixeira,"","2.801,38"
  238,2024-12-11,Mariana Teixeira,Moda,"2.313,87"
239,  27/02/2024,Rafael Santos,"","483,00"
240,2024-11-30,  Gabriela Queiroz,Moda,"R$ 1.029,49"
241,08/07/2024,Paulo Martins,Livros,"R$ 1.387,82"
242,2024-07-07,Lucas Nogueira  ,Moda,"R$ 1.591,56"
243,2024-04-27,Karina Martins,livraria,"R$ 2.014,49"
244,2024-01-26,Eduarda Queiroz,Moda,"  3.159,98"
245,2023-09-18,Diego Pereira,Casa,"R$ 1.303,09"
246,2023-10-19,Rafael Queiroz,Livros,"R$ 3.165,26"
247,2023-06-15,Karina Lopes,Casa,"3.908,45"
248  ,2023-09-15,Carla Gomes  ,eletro,USD 1996.67
249,15/05/2023,Felipe Almeida,outros,"2.390,72"
250,2024-10-08,Tiago Oliveira,  Esporte,"R$ 4.026,62"
251,2019-09-09,Paulo Klein,"","R$ 1.171,14"
252,04/02/2024,Henrique Jesus,Moda,"  R$ 3.475,02"
253,24/09/2024,Vitória Queiroz,eletronicos,USD 1360.25
254,16/01/2024,Bruno Lopes,vestuario,"976,84"
255,2023-02-04,Diego Ribeiro,Moda,"1.628,46"
256,Aug 12 2023,Henrique Oliveira,Moda,"1.230,27"
257,2024-12-03,Bruno Barbosa,Moda,USD 1178.41
258,2023-05-18,Bruno Queiroz,ESPORTE,"R$ 2.726,64"
259,2023-09-27,Olívia Almeida,Esporte,USD 4286.14
  260,2024-07-18,João  Lopes,casa_decoracao,$ 4689.30
261,27/08/2024,Lucas Henriques,ELETRONICOS,"R$ 4.162,90"
262,2024-09-23,Bruno Carvalho,Eletrônicos,USD 3630.60
263,2023-04-19,Tiago Martins,Livros,"R$ 2.019,29"
264,2024-01-16,  Nuno Lopes,Esporte,"R$ 3.727,23"
265,2023-13-06,"",Moda,n/a
266,2023-06-09,Lucas Teixeira,Casa,"4.590,13"
267,Sep 01 2024,Bruno Teixeira,Eletrônicos,"2.182,35"
268,25/02/2023,Bruno Lopes,Moda  ,USD 3374.00
269,2023-03-26,Bruno Santos,Eletrônicos,"R$ 3.814,14"
270,2023-09-30,Karina Teixeira,Livros,"R$ 2.976,87"
271,2023-08-28,Lucas Esteves,eletronicos,"755,20"
272,  05/08/2023,  Rafael Jesus,Esporte,"111,46"
273,09/01/2023,Isabela Martins,eletro,"R$ 4.882,55"
274,Jan 23 2023,Rafael Klein,Livros,""
275,2023-03-05,Mariana Almeida,Casa e Decoração,"R$ 457,04"
276,2024-09-11 10:30:00,Sofia Esteves,Moda,"707,56"
277,2023-06-11,Sofia Santos,ELETRONICOS,"R$ 4.402,16"
278,20/04/2023,Ana Vasconcelos,Esporte,"R$ 3.442,42"
279,May 18 2024,Felipe Gomes,Livros,""
280,2024-03-25,Paulo Lopes,Moda,"4.124,31"
281,2023-04-22,Bruno Henriques  ,Livros,n/a
282,2023-06-20,Vitória Barbosa,Moda,$ 2512.73
283,2024-12-30,Olívia Carvalho,Moda,$ 2257.50
284,  2023-06-24,Tiago Esteves,moda  ,"R$ 3.846,99  "
285,2023-01-06,Paulo Henriques,Livros,"52,63"
286,2023-05-29,Tiago Vasconcelos,eletro,USD 1435.86
287,2023-11-03,Mariana Carvalho,Esportes,"1.386,26"
288,2024-12-06,João Oliveira,casa_decoracao,"665,75"
289,  2023-01-02 10:30:00,Olívia Duarte,Moda,"1.681,89  "
290,2023-01-07,Karina Lopes,Esporte,-
291,2023-06-09,Sofia Lopes,Livros,"2.832,81"
292,2023-10-15 10:30:00,Karina Nogueira  ,  Moda,"4.324,80"
293,2024-06-21,Diego Martins,Moda,USD 2423.13
294,Jun 12 2024,Eduarda Gomes,Livros,$  1568.31
295,2023-11-16,Gabriela  Lopes,Casa e Decoração,"R$ 1.377,47"
296,18/10/2023  ,Felipe Carvalho,Casa,$ 4517.48
297  ,23/09/2024,Karina Gomes,Esportes,USD 4014.88
298,Sep 23 2024,Lucas Nogueira,Casa,"R$ 170,59"
  299,2023-04-20,Carla Klein,Livros,"R$ 811,68"
300,  2023-08-30,Carla Teixeira,Eletrônicos,"R$ 4.112,83"
301,04/03/2023,Eduarda Teixeira,Eletrônicos,"1.471,32"
302,Mar  21 2024,Lucas Carvalho,Esporte,$ 1484.67  
303,2024-12-20,Karina Nogueira,Livros,"R$ 957,10"
304,2023-01-17,Paulo Oliveira,vestuario,"3.482,32"
305,2023-01-08,Henrique Ribeiro  ,Esporte,-
306,2023-13-14,Carla Ribeiro  ,eletronicos,"2.905,93"
307,2023-10-29,Bruno Vasconcelos,ESPORTE,USD 276.92  
308,09/10/2023,Ana Duarte,  Esporte,"893,23"
309,22/05/2024,Nuno Nogueira  ,Livros,"R$ 4.211,47"
310,29/06/2024,Mariana Queiroz,Esporte,""
311,2024-06-28,Nuno Vasconcelos,Casa,$ 3277.94
312,04/07/2023,Ana  Almeida,Eletrônicos,"1.770,14"
313,26/12/2024  ,Carla Vasconcelos,Esporte,$ 937.36
  314,28/11/2023,Carla Jesus,Livros,"R$ 4.066,92"
  315,2024-10-20,Olívia Jesus,Eletrônico,USD 2498.00
316,2024-05-17,Mariana Carvalho,Eletrônicos,"623,39"
317,2024-04-15,João Gomes,Eletrônicos,"R$ 1.962,27"
318,2024-08-30,Mariana Carvalho,Casa,"R$ 4.832,57"
319,2024-11-25,Sofia  Esteves,Moda,-
320,2023-04-10,Felipe Teixeira,ELETRONICOS,"1.699,57"
321,2023-08-07 10:30:00,Tiago Ferreira,eletro,"R$ 841,48"
322,Mar 24 2023,"",Eletrônicos,"3.472,92"
323,2023-06-28,Bruno Vasconcelos,Livros,"R$ 1.519,60"
324,2024-13-03,Gabriela  Jesus,diversos,"R$ 4.842,53"
325,09/04/2024,Bruno Santos,Eletrônicos,"3.611,84"
326,2024-02-27,Mariana Henriques,Esporte,$ 4639.94
327,2024-12-09,Isabela Esteves,Livros,"4.433,42"
328,2024-06-18,Gabriela Teixeira,livraria,"R$ 1.253,88"
329,2024-04-26,Rafael Barbosa,Livros,"R$ 2.272,65"
330,2023-13-17,João Ferreira,Esporte,n/a
331,02/01/2023,Carla Nogueira,Casa,"3.495,59"
332,2024-11-21,Bruno Duarte,Livros,$ 2802.17  
333,20/12/2024,Henrique Lopes,Casa,$ 1876.18
334,2024-01-12,Carla Gomes,LIVRO,"R$ 4.783,04"
  335,2024-11-29,Eduarda Queiroz,Livros,-
336,12/05/2024,Rafael Santos,Casa,"R$ 3.949,74"
337,14/06/2023,João Ferreira,moda,"-50,00"
338,2023-06-01  10:30:00,Sofia Ferreira,Eletrônicos,"R$ 743,78"
339,Aug 10 2024,Tiago Pereira,  Eletrônicos,$ 2763.18
340,2023-10-12,Carla Santos,Eletrônicos,"3.023,15"
341,2023-12-26,Olívia Santos,Livros,"835,43"
342,2024-06-21,Carla Teixeira,Eletrônico,"3.556,29  "
343,2024-07-26,Henrique Almeida  ,vestuario,"R$ 1.452,33"
344,2024-05-07,Isabela Queiroz,Eletrônicos,USD 1312.16  
345,Dec 31 2023,João Ribeiro,Eletrônicos,"490,47"
346,  09/04/2023,Lucas Esteves,"","R$ 2.434,26"
347,2024-12-07,Rafael Santos,Eletrônicos,$ 673.32
348,  2023-06-26 10:30:00,Ana Duarte,Moda,"  R$ 4.904,94"
349,30/08/2024,Diego Jesus,outros,"3.915,40"
350,2023-12-23 10:30:00,Rafael  Vasconcelos,  ESPORTE,"3.584,00"
351,2024-12-15,Olívia Duarte,Casa,"2.049,27"
352,26/03/2023,Diego Nogueira,Esporte,"R$ 1.144,55"
  353,  2023-01-14,Paulo Duarte,Esporte,USD 2014.65
354,26/05/2024,Tiago Teixeira,Livros,"4.936,88"
355,2023-02-24,Paulo Almeida,Livros,"3.123,04"
356,2024-07-09,Sofia Santos,"","  R$ 4.402,13"
357,Nov 07 2023,Felipe Queiroz,Casa,USD 3380.91
358,2024-01-22,Lucas Klein,Eletrônicos,"4.050,75"
359,2023-09-08,João Teixeira,Eletrônicos,$ 2700.73  
360,2024-13-22,Karina Teixeira,livraria,"4.060,23"
361  ,2024-07-02,Isabela Barbosa,Esporte,"477,77"
362,2023-11-06,João Oliveira,Casa e Decoração,"3.363,67"
363,23/04/2024,Sofia Vasconcelos,Livros,$ 1018.95
364,Oct 11 2024,Nuno Jesus,MODA,$ 975.47
365,2023-05-20,Isabela Santos,Eletrônicos,$ 4299.85
366,2023-05-24,Tiago Ribeiro,Esporte,"R$ 2.635,22"
367,30/08/2023,Gabriela Esteves,Moda,"R$ 2.954,98"
368,May 29 2023,Lucas Klein,"","4.209,68"
  369,2024-12-18,Diego Santos,Livros,"R$ 4.889,42"
370,21/10/2024,Bruno Jesus,Livros,"3.591,84"
371,  01/12/2023,Ana Barbosa,Moda,USD 2014.84
372,2024-08-31,Karina Pereira,Modas,"R$ 2.083,72"
373,03/10/2024,Carla Pereira,vestuario,$ 4790.04
374,2024-12-31,Isabela Klein,livros,"1.428,82"
375,Jan 14 2024,Olívia Carvalho,"","3.470,53"
376,2023-12-07,Paulo Martins,Esporte,  $ 2532.07
377,2023-12-14,Eduarda Carvalho,Esporte,"R$ 4.892,03"
  378,  28/09/2023,Nuno Ferreira  ,Livros,"3.293,26"
379,May 21 2024,Lucas Santos,livraria,USD 485.83
380,2023-01-05,Tiago Ferreira,eletro,"149,17"
381,2024-12-25,Olívia Jesus,Eletrônicos,"-50,00"
  382,2024-10-21,Bruno Carvalho,Esporte,USD 4824.98
383,2024-05-17,João Vasconcelos,Eletrônicos,"R$ 4.428,46"
384  ,2023-02-11,Olívia Henriques,Moda,"R$ 438,00"
385,2024-08-05,Carla  Barbosa,Esporte,"R$ 2.850,41"
386,2023-03-27,João  Lopes,Livros,"1.719,44"
387,2024-02-09,Felipe Queiroz,Livros,"2.443,34"
388,2023-01-15  ,Ana Gomes,Moda,"  4.212,75"
389,2024-05-11,Olívia Teixeira,Casa,USD 59.11
390,2024-05-14,Rafael Teixeira,livros,"R$ 1.592,55"
391,22/01/2023,Gabriela Queiroz,Moda,"4.609,31"
392,2024-10-30 10:30:00,Paulo Ferreira,Casa,"R$ 882,73"
393,2024-13-03,Lucas Ferreira,esporte,USD 1148.61
394,Dec 07 2024,Vitória  Duarte,  Livros,"4.872,83"
395,2024-01-06,João Pereira,Livros,"R$ 1.685,94"
396,2024-06-01,Isabela Martins,Livros,$ 3771.69
  397,06/01/2024,Olívia Esteves,Esporte,"R$  4.909,10"
398,16/06/2024,Nuno Nogueira,Esporte,"1.733,49"
399,25/09/2024,Lucas  Nogueira,casa_decoracao,"R$ 3.704,69"
400,2024-07-06,Henrique Klein,esporte,"R$ 2.546,79  "
401,18/08/2024,Sofia Vasconcelos,casa_decoracao,USD  1900.34
402,2023-04-05,Eduarda Queiroz,Eletrônicos,"R$ 2.603,78"
  403,2023-06-16 10:30:00,Eduarda Queiroz,Moda,"R$ 3.477,74"
404,2024-08-08  ,Rafael Esteves,Casa,"R$ 3.959,38"
405,2023-12-24,Bruno Oliveira,Casa,"2.386,11"
406,  Nov 30 2023,Vitória Vasconcelos,Moda,$ 3358.11
407,2023-05-07,Carla Gomes,Esporte,"  R$ 962,92"
408,  16/08/2024,Sofia Vasconcelos,esporte,"139,68"
409,2024-02-22,Bruno Vasconcelos,  moda,USD 729.23
410,2024-05-31,Diego Jesus,Livros,USD 3174.37
411,2024-02-21,Rafael Gomes  ,Moda,"R$ 2.696,34"
412,2023-03-03,  Paulo Jesus,Livros,"R$ 4.205,75"
413,2023-10-14,Gabriela Vasconcelos,Casa,"4.897,63"
414,May 17 2023,Ana Vasconcelos,  Eletrônicos,"3.521,70"
415,2023-05-07,Mariana Vasconcelos  ,Moda,"R$ 641,11"
416,02/10/2024,Henrique Henriques,Casa e Decoração,"R$ 1.060,96"
417,02/08/2024,Vitória Teixeira,esporte,"4.279,42"
418,09/04/2024,"",Eletrônicos,"R$  2.045,78"
419,2024-03-06,Karina Almeida,casa_decoracao,"1.143,32"
420,2023-01-25,Karina Jesus,LIVRO,"R$ 2.607,41"
421,2023-02-04,Carla Esteves  ,livraria,USD 3393.56
  422,2024-01-29,  Nuno Vasconcelos,Casa,USD 2595.15
423,2024-05-07,Olívia Ferreira,Eletrônico,"R$ 3.264,80"
424,2024-06-14 10:30:00,Eduarda Barbosa,Esporte,"1.017,57"
425,2024-08-15,Karina Vasconcelos,Casa e Decoração,"2.489,19"
426,20/01/2024,Felipe Almeida,Eletrônicos,USD 2212.74
427,  2023-06-28,Sofia Henriques,Eletrônico,$ 3393.00
428,2024-09-30 10:30:00,Carla  Duarte,Moda,"1.883,35"
429,2023-09-11,Isabela Esteves,Esporte,USD 2363.40
430,2024-12-30,Paulo Queiroz,Esporte,"R$ 202,16"
431,2024-01-19 10:30:00,Carla Esteves,Casa,"2.336,44"
  432,2023-08-28,Carla Martins,Casa,"3.932,84"
433,30/11/2024,Gabriela Vasconcelos,Esporte,""
434,2024-11-02,"",Moda,"R$ 1.064,89"
435,2023-07-12,Nuno Gomes,esporte,$ 4716.95
436,04/07/2024,Tiago Almeida,Eletrônicos,"1.664,25"
  437,2023-07-12  ,Karina Teixeira,casa,USD 4135.00
438,2024-06-14,"",Livros,USD 2103.22
439  ,11/11/2024,Vitória Teixeira,ESPORTE,"R$ 56,96"
440,2023-02-10,João Pereira,Casa,"R$ 2.086,49"
441,14/02/2023,Felipe Jesus,  esporte,"R$ 1.101,63"
442,2023-06-18  ,  Rafael Barbosa,Eletrônicos,"R$ 1.731,01"
443,2024-07-15,  Olívia Esteves,Casa,$ 520.37
444,2023-02-05,  Sofia Gomes,Eletrônicos  ,"3.586,98"
445,2023-09-02,  Ana Oliveira,"",""
446,21/06/2023,Bruno Oliveira  ,Casa,"R$ 4.672,01"
447,2024-04-14,Isabela Vasconcelos,Eletrônicos,"2.507,34"
448,2024-10-08,Eduarda Lopes,Casa,USD 107.78
449,2023-05-08,Nuno Henriques,eletro,$ 1037.55
450,10/02/2023,Nuno Klein,Moda,"2.705,19"
451,2024-03-28,Carla Queiroz,MODA,USD 884.65
452,2024-03-10,Henrique Klein,Livros,"2.415,70"
453,2024-05-08,"",Eletrônicos,"780,70"
454,2023-05-20,Gabriela Esteves,Eletrônico,"4.701,67"
455,Jan 30 2024  ,Felipe Gomes,Casa,"3.550,72"
456,  08/10/2024,Ana Esteves,Livros,"2.899,52"
457,Jun 14 2024,Nuno Ferreira,Casa,"4.434,62"
458,2023-05-27,Gabriela Nogueira,Eletrônicos,USD 367.65
459,2023-07-06,Diego Pereira,moda,"975,31"
460,2023-10-11,Ana  Teixeira,Livros,$ 3763.18
461,2023-09-30 10:30:00,Paulo Lopes  ,Casa,"4.087,06"
0,2023-05-23,Diego Ribeiro,Moda,"R$ 2.385,97  "
463,2023-11-30 10:30:00,Henrique Vasconcelos  ,Esporte,"R$ 4.707,61"
464,2024-08-08,Rafael Barbosa,Eletrônicos,"R$ 4.375,55"
465,19/04/2023,Ana Ferreira,Casa,"R$ 1.302,66"
466,18/08/2023,Vitória Carvalho,Livros,"3.275,83"
467,2024-08-29,Diego Teixeira,Casa,USD 328.03
468,2024-09-08,Diego Nogueira,"","R$ 4.083,58"
469  ,20/12/2024,Karina Klein,eletro,"1.471,28"
470,03/07/2023,Mariana Klein,Moda,"3.395,23"
471,Feb 08 2024,Karina Teixeira,Eletrônicos,"R$ 834,95"
472,2019-10-22,Eduarda Nogueira,Livros,$ 1790.39
473,2023-02-04,Mariana Queiroz,Esporte,"3.464,42"
474,2023-05-03,Diego Queiroz,ESPORTE,"1.382,80"
475,2023-03-07,Sofia Ferreira,Eletrônicos,"R$ 2.659,26"
476,01/05/2023  ,Vitória Ferreira,"","  214,80"
477,2024-07-11,Ana Henriques,Esporte,"R$ 716,25"
478,15/02/2023  ,Gabriela Esteves,Moda,"R$ 1.807,72"
479,2024-11-23 10:30:00,Eduarda Santos,Casa,"1.872,83"
480,2024-09-10,Isabela Duarte,  Esporte,USD 4547.12
481,Jun 29 2023,João Teixeira,LIVRO,"2.766,08"
482,2024-06-28 10:30:00,Mariana Queiroz,casa_decoracao,"730,27"
483,2024-04-13  ,Lucas Pereira,Casa,"  R$ 4.619,65"
484,2023-04-06,Bruno Carvalho,Esporte,USD 4742.06
485,2023-01-15  ,Ana Oliveira,casa_decoracao,"4.994,86"
486,2023-03-18,Eduarda Ribeiro,Eletrônicos  ,"583,70"
487,2019-11-20,  Gabriela Klein,Esporte,n/a
488,2019-04-06,Ana Duarte,MODA,"54,31"
489,2024-03-25,Olívia Ferreira,livraria,"R$ 220,34"
  490,2024-03-07,Paulo Esteves,Livros,"R$ 1.956,02"
491,2024-09-03,Nuno Queiroz,LIVRO,$ 2565.41
492,16/04/2023,  Rafael Vasconcelos,  Esporte,$ 2017.93
493,25/08/2023,  Nuno Queiroz,Livros,"R$ 1.416,82"
494,2024-09-13,Felipe Jesus,Casa,"3.420,43"
495,2023-10-10,Mariana Carvalho,Moda,USD 4841.31
496,2023-07-26,Eduarda Barbosa,Livros,"4.269,25"
497,2024-05-30,Felipe Vasconcelos,moda,"R$ 3.708,00"
498,15/02/2024,Gabriela Ferreira,"","64,02"
499,2023-10-02,  Felipe Henriques,diversos,"R$ 4.710,44"
500,09/10/2024,Lucas Lopes,esporte,"R$ 1.636,29"
501,2024-08-20,Mariana Jesus,Esporte,"1.358,25"
502,Apr 06 2023,Olívia Ferreira,vestuario,"R$ 1.424,23"
503,  2024-10-22,Diego Ribeiro,Eletrônicos,USD 4135.44
504,10/01/2023,Diego Santos,Casa,USD 3802.38
505,2023-01-22,Diego Santos,Esporte,$ 1136.78
506,26/04/2023,Diego Henriques,Casa,USD 4617.20
  507,2024-11-14,Vitória Klein,eletro,"4.056,55"
508,2024-05-04,Diego Teixeira,Casa e Decoração,"R$ 1.936,94"
509,09/09/2023,Sofia Queiroz,Livros,"R$ 2.912,58"
"",2024-04-30,Diego Barbosa,Casa,"R$ 1.487,23"
511,2023-05-22  ,Eduarda Nogueira,Livros,"387,21  "
512,2023-05-24,João Queiroz,Casa,$ 573.91
513,2024-04-10 10:30:00,Isabela Teixeira,Moda,"2.616,51"
  514,2023-03-21,Olívia Queiroz,Livros,"R$ 3.239,62"
515  ,2023-08-05  ,João Gomes  ,eletronicos,"2.826,81"
516,2024-02-05,  Eduarda Duarte,esporte,n/a
517,2023-08-26,Eduarda Ferreira,Esporte,"R$ 4.651,59"
518,01/02/2024,Vitória Vasconcelos,Moda,USD 94.30
519,2023-10-30,Isabela Teixeira,eletro,"1.294,68  "
520,Nov 27 2024,Lucas Ribeiro,Casa,"1.328,54"
521,  2019-02-23,Felipe Teixeira,eletro,"2.352,55"
522,2023-12-03,Karina Vasconcelos,LIVRO,-
  523,2024-01-06,Paulo  Gomes,diversos,"1.363,50"
524,Jul 08 2023,Carla Oliveira,Casa e Decoração,"2.686,24"
525,Jul 23 2023,Tiago Vasconcelos,Casa e Decoração,"1.595,33"
526,16/10/2024,Diego Barbosa,Moda  ,$ 1899.79  
527,Dec 17 2024,Olívia Oliveira,Casa,"1.692,01"
528,27/11/2024,João Vasconcelos,Eletrônicos,USD 3254.45  
529,14/11/2024,Nuno Gomes,Livros,"R$ 4.752,79"
530,  2023-08-18 10:30:00,Isabela Jesus,Livros,""
531,06/09/2024,Felipe Teixeira,Moda,"R$ 1.978,27"
532,2023-06-12,Diego Esteves  ,Esporte,"1.315,61"
533,2023-03-22,Ana Esteves,casa_decoracao,"R$ 2.685,80"
534,15/10/2024,Diego Duarte,esporte,"  R$ 481,85"
535,04/08/2023  ,Mariana Lopes,Livros,USD 909.55
536,2023-09-18,Gabriela Vasconcelos,"",  -
537,10/05/2023,Paulo Gomes,Casa,"R$ 4.048,05"
538,2023-04-16 10:30:00,Tiago Klein,Moda,"2.129,73"
539,07/03/2023,Bruno Ribeiro,livraria,"R$ 2.003,11"
540,2023-11-18,Karina Almeida  ,Moda,"R$ 2.816,36"
541,10/08/2024,Nuno Oliveira,casa,"R$ 4.950,50"
542  ,12/08/2024,Olívia Klein,livraria,$ 3230.30
543,2024-09-19,João Pereira,Eletrônicos,USD 1135.29
544,13/01/2024,Sofia Almeida,eletronicos,"R$ 393,54"
545,2023-06-01,Nuno Pereira,Esporte,"R$  4.881,24"
546,2024-10-24,Gabriela Carvalho,livros,"R$ 1.937,15"
547,02/11/2024  ,Rafael Duarte,Moda,"R$ 3.109,32"
548  ,2023-04-20,Henrique Almeida,vestuario,"1.342,24"
549,2023-02-20,Nuno Gomes,  LIVRO,"2.178,67"
550,2023-10-10,  Vitória Nogueira,Eletrônico,USD 1033.52
551,2024-12-05,Karina  Carvalho,Casa,$ 2382.98  
552,2024-05-15,Paulo Duarte  ,diversos,"4.179,24"
553,2024-07-12,Paulo Jesus,Eletrônicos,"2.598,23"
554,2024-02-25,Eduarda Martins  ,Moda,"R$ 1.047,13"
555,2024-06-23,Lucas Lopes,Livros,"2.905,37"
556,  2023-01-09,Eduarda Pereira,Esporte,"R$ 1.531,78"
557,2019-06-30,Ana Barbosa,Casa,"4.792,49"
558,2023-02-02,Lucas Henriques,Livros,$ 1320.74
559,2023-05-19,Gabriela Klein,Casa,"1.891,87"
560,2024-03-13,Nuno Pereira,"","2.115,70"
561,2024-08-02,Bruno  Nogueira,Eletrônicos  ,"R$ 4.198,35"
562,May 05 2023,Rafael Barbosa,ESPORTE,USD 4476.46
563,2023-03-10,"",Eletrônicos,USD 142.67
564,2024-07-13,Vitória Pereira,esporte,"4.095,54"
565,2024-05-19 10:30:00,Isabela  Nogueira,Eletrônicos,$ 1431.09
566,May 23 2023,Olívia Jesus,"","R$ 4.307,02"
567,30/07/2024,Eduarda Jesus,Casa,"2.428,51"
568,25/08/2024,Lucas Teixeira,livros,$ 500.58
569,2023-06-28,Mariana Oliveira,Eletrônicos,"382,79"
570,2024-13-10,Gabriela Jesus,casa_decoracao,"R$ 4.046,36"
571,2024-02-22,Carla Lopes,Esporte  ,"R$ 2.378,66"
572,2023-05-11,João Duarte,  Modas,n/a
573,2024-06-14  ,Rafael Klein,Eletrônicos,"4.684,95"
574,2023-12-04,Bruno Henriques,Esporte,"195,97"
  575,17/04/2023,Rafael Henriques,Livros,"1.153,92"
576,  2024-01-22,  Nuno Oliveira,Eletrônicos,"R$ 1.850,76"
577,04/08/2024,Ana Henriques,eletro,USD 1760.93
578,2024-07-10,Lucas Henriques,Casa  ,"3.274,46"
579,2023-07-28,Rafael Henriques,  Esportes,"R$ 198,49"
580,2023-03-28,Vitória Nogueira,Livros,"0,00  "
581,  Dec 11 2023,Isabela Teixeira,Eletrônicos,"2.148,71"
582,2024-13-01,Tiago Teixeira,Casa e Decoração,"1.206,06"
583,2023-02-09,Lucas Jesus,Esportes,"R$ 1.336,96"
584,2023-03-01,Carla Jesus,Esporte,$ 3833.78
585  ,2023-02-09,  Rafael Pereira,Eletrônicos,"4.959,02  "
586,2023-07-28,Lucas Oliveira,Livros,"R$ 3.944,25"
587,2023-06-03,Ana  Duarte,Casa,"R$ 2.915,18"
588,2023-08-18 10:30:00,Tiago Santos,Esporte,"R$ 275,98"
589,2024-01-06,Karina Duarte,Livros,"1.772,47"
590,09/05/2023,Henrique Oliveira,Moda,"R$ 607,25"
591,2023-06-20,Isabela Santos,Livros,USD 2167.98
592,2024-07-24,João Duarte,Casa,"245,14"
593,2023-05-18,Tiago Ribeiro,Eletrônicos  ,"R$ 1.908,84"
594,2024-06-21,Nuno Klein,Casa,USD 4725.41
595,2023-10-22,Olívia Henriques,Casa,"  R$ 548,28"
596,2023-07-19,"",Eletrônicos,"R$ 2.143,50"
597,2024-03-18,Carla Esteves,Eletrônicos,"R$ 1.127,46"
598,09/02/2023,Rafael Lopes,Esporte,$ 3179.12
599,23/05/2024,Gabriela Carvalho,moda,"R$ 3.555,01"
600,2023-11-04 10:30:00,João Queiroz,Livros,"1.109,98"
601,2023-11-23,Lucas Nogueira,Livros,"R$ 3.441,65"
602,26/02/2024,Olívia Oliveira,ELETRONICOS,"R$ 1.556,01"
603,2024-09-11,Ana Nogueira,Casa,"3.280,87"
604  ,18/01/2024,Gabriela Santos,eletronicos,"2.516,92"
605,2024-01-22,Eduarda Jesus,eletro,-
606,2023-01-24,Olívia Gomes,Esporte,USD 4834.12  
607,2024-07-13 10:30:00,Olívia Henriques,  Eletrônicos,"2.823,90"
608,2023-03-27,Vitória Queiroz,Esporte,"2.070,59"
609,2024-05-15,Karina Henriques,Livros,"R$ 425,37"
610,2023-04-27,Nuno Queiroz,Esporte,"R$ 2.008,58"
611,2024-10-27,João Ribeiro,Esporte,"R$ 2.370,58"
612  ,2023-11-22,Eduarda  Queiroz,Eletrônicos,"R$ 2.697,32"
  613,  Oct 09 2023,Nuno Teixeira,Casa,"2.713,68"
614,05/12/2023,Tiago Vasconcelos,Esporte,USD 3920.35
615,2024-06-07,Nuno Queiroz,Esporte,"3.873,32"
616,2023-10-12 10:30:00,Nuno Santos,Casa,"R$ 1.753,53"
617,2023-13-15  ,Felipe Almeida,Casa,""
618,2024-10-24,Paulo Nogueira,misc,"304,84"
619,Jul 12 2024,Bruno Martins,"",USD  3685.49
620,2024-07-11,Gabriela Vasconcelos,Casa,"3.551,62"
621,08/03/2023,Rafael Esteves  ,eletronicos,"R$ 2.536,66  "
622,02/08/2024,Carla Duarte,Moda,"4.828,54"
623,15/07/2023,Eduarda Klein,misc,"R$ 2.833,29"
624,2023-12-30,Lucas Ribeiro,vestuario,"R$ 4.967,91"
625,03/10/2023,Gabriela Jesus,casa,"R$ 2.386,02"
626,2023-01-09,Paulo Lopes,Eletrônico,"R$ 946,81"
627,2024-01-18,Paulo  Nogueira,Moda,"2.116,03"
628,20/06/2024,Tiago Esteves,Casa,$ 3967.65
629,2023-07-09,Gabriela Oliveira,Modas,""
630,19/04/2024,Diego Nogueira,Moda,"3.379,55"
631,Jul 02 2023,Lucas Martins,Eletrônicos,"R$ 3.234,29"
632,2024-02-01  ,Paulo Barbosa,LIVRO  ,"R$ 2.334,80"
633,12/01/2023,Mariana Oliveira,Casa,USD 4038.66
634,2024-03-10,Mariana Carvalho,Casa  ,"2.583,62"
635,2024-01-14,Karina Klein,Eletrônicos,"R$ 107,13"
636,2023-05-10,Paulo Oliveira,Casa  ,"4.130,50"
637,14/04/2023,Carla Lopes  ,Casa,n/a
638  ,2024-13-22,Henrique Barbosa,LIVRO,"944,59"
639,2023-05-13  ,Olívia Vasconcelos,casa,""
640,2024-09-01,Mariana Queiroz,Eletrônicos,"775,62"
641,2023-03-22,Sofia Martins,Esporte,"R$ 3.378,31"
642  ,2024-07-23 10:30:00,Henrique Nogueira,Moda,$ 1990.38
643,2023-08-11,Vitória Jesus,Casa,"3.172,28"
644,Jun 10 2023,Felipe Nogueira,Esporte,"  R$ 3.422,38"
645,24/03/2023,Nuno Almeida,vestuario,"133,02"
646,03/09/2023,Gabriela Lopes,Eletrônicos,"1.240,01"
647,Jun 13 2023,Carla Almeida,Livros,"R$ 370,26"
648,2024-05-07,Bruno Klein,Eletrônicos,"R$ 3.254,47"
649,2024-02-27,Eduarda Henriques,Modas,$ 4497.08
650,2024-08-31,Eduarda Esteves,Eletrônico,"1.546,80"
651,2024-09-14,Mariana Jesus,Eletrônicos,$ 79.98
652,  24/08/2024,Karina Ribeiro,Livros,"R$ 2.429,78"
653,27/10/2024,Paulo Pereira,Eletrônicos  ,"R$ 2.629,54"
654,2024-07-04  10:30:00,Bruno Pereira,MODA,"1.240,21"
655,May 16 2023  ,  Bruno Gomes,Esporte,$  4409.68
656,2024-08-05,"",Eletrônicos,"2.952,28"
657,03/12/2023,Rafael Klein,casa_decoracao,"R$ 2.814,49"
658,2023-06-17,Nuno Klein,Livros,"R$ 983,83"
659,Aug 04 2023,Eduarda Lopes,Livros,"802,28"
660,2023-11-07,João Lopes,Casa,"2.096,80"
661,2024-12-22,Isabela Klein,  Eletrônicos,"R$ 2.808,06"
662,2024-08-30 10:30:00,Bruno Nogueira,livraria,$ 299.30
663,2024-02-28 10:30:00,Eduarda Teixeira,Moda,"2.741,40"
664,18/11/2023,Lucas Pereira,vestuario,"1.010,67"
665,19/02/2023,Bruno Ribeiro,Esporte,n/a
666,2023-04-26 10:30:00,Rafael Carvalho,Livros,"R$ 3.839,44"
667,14/12/2023,Nuno Almeida,Casa e Decoração,""
668,2024-04-13,Gabriela Teixeira,esporte,"150,47"
669,2023-08-02,Felipe Oliveira,Moda,"703,59"
670,2024-04-02,Gabriela Gomes,Esporte,USD 4567.23
671,2023-07-15  ,Carla Ribeiro,Casa,$ 1912.10
672,2024-12-19,Mariana  Queiroz,"","R$ 4.487,80"
673,04/03/2023,Gabriela Klein,Livros,$ 2602.06
674  ,2024-02-18,Isabela Vasconcelos,Eletrônicos,USD 4361.82  
675,2023-03-09,Paulo Pereira,Esporte,"R$ 23,49"
676,  2024-05-19,Tiago Gomes,esporte,$ 491.86
677,2024-08-27,Tiago Jesus,Moda,USD 3686.56
678,01/09/2023,Karina Almeida,Livros,"R$ 4.853,51"
679,2023-12-12,Felipe Jesus,Livros,USD 4283.08
680,2023-04-24,João Esteves,Casa,"4.831,17"
681,23/07/2023,Lucas Ribeiro,Moda,USD 2674.54
682,Aug 20 2023,Eduarda Santos,Esporte,$ 4845.38
683,2023-03-18,Sofia Klein,Esporte,"R$ 718,48"
684,2024-08-28,Lucas Carvalho,  Casa e Decoração,"R$ 4.721,87"
685,04/09/2024,Olívia Klein,Esporte,USD 4894.40
686,  2024-08-22,Paulo Klein,Eletrônico,"2.482,22"
687,2024-06-04,Isabela Martins,Eletrônicos,"R$ 1.122,21"
688,14/11/2024,Vitória Duarte,Eletrônicos,"1.815,87"
689  ,Aug 10 2024  ,Bruno Nogueira,Livros,-
690,19/12/2023,Henrique Jesus,Eletrônicos,"R$ 3.846,89"
691,2024-05-26,Karina Martins,Moda,"R$ 470,17"
692,2024-03-24,Felipe Ferreira,Eletrônico,"2.810,61"
693,27/09/2023,  Karina Santos,Moda,"4.075,74"
694,2023-13-27,Henrique Henriques,Livros,$ 1233.21
695,17/08/2024,Tiago Nogueira,Casa,"4.501,35"
696,2024-07-05,Diego Ribeiro,Esporte,"3.605,38"
697,24/05/2024  ,Carla  Ferreira,"","R$ 4.480,39"
698,Jan 29 2023,Paulo Oliveira,Moda,"2.700,63"
699,19/11/2023,Vitória Barbosa,Casa,$ 336.71
700,2024-05-21,Karina Carvalho  ,Livros,"2.049,25"
701,2023-09-24  ,  Henrique Martins,Eletrônicos,"121,48"
ORD-1023,2024-08-04,Carla Ferreira,Esporte,"502,70"
703,2024-03-31,Bruno Santos,Eletrônicos,"R$ 1.757,87"
704,2024-11-05 10:30:00,Mariana Pereira,esporte,"R$ 4.090,74"
705,28/08/2024,Rafael Carvalho,Casa,"2.617,36"
706,  2024-01-22,Ana Queiroz,Esporte,"R$ 3.935,26"
707,2023-11-18,Sofia Almeida,outros,"2.697,48"
708,2023-08-08,Felipe Henriques  ,  Eletrônicos,"R$ 3.072,17"
709,2023-07-01,Henrique Martins,livros,"1.305,43"
710,Feb 24 2024,Nuno Oliveira,Moda,"R$ 3.139,49"
711,May 15 2024,Sofia Lopes,Casa,"R$ 1.437,98"
712,2024-05-24,Rafael Barbosa,eletronicos,"3.816,67"
713,2023-07-13 10:30:00,Karina Barbosa,Moda,"  R$ 1.763,17"
714,2024-03-25,Olívia Carvalho,Esporte,$ 4820.63
715,2023-05-27,Henrique Almeida,Esportes,USD 1137.80
716,01/02/2024,Henrique Queiroz,Casa,"R$ 4.494,00"
717,2023-06-14,Ana Oliveira,vestuario,"R$ 1.150,08"
718,2024-02-02,Karina Lopes,Moda,"R$ 970,73"
  719,2024-10-21,Mariana Esteves,Esporte,"3.876,60"
720,2023-01-25 10:30:00,Mariana Teixeira,Casa,"3.212,69"
  721,2024-09-17,Vitória Ribeiro,Eletrônicos,USD 63.06
722,07/01/2024,Karina Teixeira,Livros,"525,28"
723,2024-04-25,Isabela Henriques,Moda,$ 4402.66
724,2024-04-03,Paulo Teixeira,Casa,$ 691.80
725,2024-12-29,Carla Martins,livraria,$ 4258.37
726,2023-11-10,Nuno Lopes  ,misc,"R$ 3.303,17"
727,04/10/2023,Karina Martins,Livros,"3.600,46"
  728,Apr 27 2023,Eduarda Duarte,Moda,"3.898,00"
729,Apr  16 2024,Karina Duarte,  Eletrônicos,"R$ 423,98"
  730,2023-07-22,Paulo Vasconcelos,livraria,"2.223,23"
731,12/07/2023,Karina Henriques,Esportes,"2.143,60"
732,2023-03-06,Bruno Vasconcelos,livraria,"R$ 3.378,31"
733,23/11/2023,Paulo Martins,Livros,"R$ 2.943,77"
734,2024-04-20,Eduarda Nogueira,Eletrônicos,"R$ 4.352,96"
735,2023-01-17,Eduarda Jesus,Eletrônicos,"R$ 4.271,13"
736,28/12/2023,Carla Lopes,esporte,"R$ 1.097,40"
737,2024-06-26,Lucas Esteves,LIVRO,"4.723,04"
738,2023-12-06,Eduarda  Lopes,Esporte,"1.200,04"
  739,2024-06-25,Vitória Jesus  ,Livros,"732,33"
740,2023-11-24,Karina Vasconcelos,Moda,"R$ 2.995,35"
741,2023-01-12,Gabriela Esteves,Eletrônicos,USD 2334.88
742,2023-10-10,Vitória Pereira,esporte,"R$ 2.771,23"
  743,  2023-02-05,Karina Teixeira,Eletrônicos,"R$ 676,48"
744,2024-02-27,Carla Queiroz  ,Eletrônicos,"791,58"
745,2024-12-15,Bruno Barbosa,Moda,$  1610.52
746,2023-02-11,Bruno  Gomes,livraria,"2.555,00"
747,2023-06-13,Vitória Jesus,Casa,"R$ 2.268,71  "
748,30/07/2023,Tiago Klein,Moda,"290,60"
749,2023-12-08,Mariana Lopes,Livros,"R$ 2.812,33"
750,12/01/2023,Ana Klein,Esporte,"3.235,26"
751,2023-05-26,Gabriela Duarte,Eletrônicos,USD  580.48
752,  06/06/2023,Mariana Nogueira,"","2.073,40"
753,27/07/2023,Ana Jesus,vestuario,"239,59"
754,2023-04-01,Olívia Queiroz,Casa,"745,33"
755,21/05/2024,Nuno Martins,Eletrônicos,"R$ 1.805,75"
756,2023-12-16,Felipe Teixeira,Moda,"4.405,11"
757,01/12/2024,Karina Queiroz,Casa,"1.975,69"
758,12/07/2023,Rafael Duarte,Eletrônicos  ,"R$ 1.527,86"
759,15/03/2023,Olívia Duarte,Casa,""
760,Oct 12 2024,Bruno Queiroz,Livros,n/a
761,2024-12-02 10:30:00,Ana Nogueira,outros  ,$ 1275.41
762,2023-13-05,Sofia Pereira,livraria,"3.907,76"
763,19/02/2023,Diego Ribeiro,livros  ,n/a
0,  30/06/2023,Bruno Klein,Casa,"3.574,12"
765,2024-01-11  ,Nuno Almeida,Casa,"1.408,58"
766,2023-05-21,Felipe Carvalho,Moda,"R$ 1.329,44"
767,2024-12-19,Lucas Barbosa,Eletrônico,$ 4403.42
  768,2024-02-02,Sofia Carvalho,Moda,"2.398,36"
769,2023-03-03,Bruno Lopes,Eletrônico,"4.336,46"
770  ,2024-09-05,Paulo Carvalho,Eletrônicos,"3.888,90"
771,2023-12-01  ,Paulo Ribeiro,Esporte,"3.311,13"
772,05/10/2023,Vitória Ribeiro,Casa,"1.545,24"
773,May 23 2023,João Gomes,Casa,"2.323,68"
774,2024-10-25,Lucas Henriques,Casa,"R$ 1.288,20  "
775,2024-07-17,Isabela Ribeiro,vestuario,"R$ 558,04"
776,2023-04-21,Isabela Esteves,livraria,USD 1700.87
777,2023-08-31,Sofia Teixeira,vestuario,"R$ 4.772,32  "
778,2023-06-19,Henrique Jesus,Moda,"R$ 4.250,09"
779,Jan 25 2024,Isabela Gomes,Livros,"123,05"
780,2024-02-18,Karina Martins,Moda,"4.390,21"
781,2024-01-26,Nuno Pereira,Eletrônicos,"R$ 4.558,84"
782,2024-01-26,Henrique Carvalho,moda,"R$ 1.290,29"
783,  2023-04-05,Tiago Ferreira,Livros,"R$ 4.041,66"
784,2024-01-13,Eduarda Santos,Moda,USD 1375.90
785,2024-09-15,Tiago Jesus,livros,$ 3037.29
786,2024-02-18,Olívia Ribeiro,  Esporte,"1.271,79"
787,2024-09-10,Mariana Nogueira,Eletrônicos,USD 2188.48
788,2023-01-17,Olívia Jesus,Livros  ,"669,24  "
789,Mar 19 2024,João Martins,Esporte,"R$ 2.407,17"
790,2023-01-26,Rafael Martins,"","2.311,73"
791,2024-06-10,Sofia Teixeira,Moda  ,"2.210,01"
792,2023-01-13,Gabriela Oliveira,Livros,"2.848,96"
793,2023-06-19,Paulo Duarte,Livros,"R$ 1.872,70"
794,2023-06-09,Tiago Ribeiro,Esporte,"R$  2.180,20"
795,Apr 20 2023,Sofia Henriques,Moda,"4.630,80"
796,09/11/2024,Karina Barbosa,LIVRO,"R$ 1.864,06"
797,2023-09-07,Felipe Lopes,Casa,USD 429.73
  798,2023-02-22,"",Modas,"3.505,19"
799,2023-01-01,Gabriela Ferreira,livraria,"376,82"
800,2023-08-18,Bruno Nogueira,Moda,"R$ 2.553,64"
801,2023-09-04,Eduarda Barbosa,Esporte,"647,81"
802  ,Nov 15 2024,Sofia Teixeira,Moda,"R$ 1.965,70"
803  ,Apr 05 2024,Karina Oliveira,Esporte,"R$ 837,36"
804,Jul 04 2023,Ana Martins,Esporte,""
805,01/06/2024,Mariana Ribeiro,Esporte,"R$ 3.660,97"
806,2024-08-26,Carla Queiroz,Livros,"  R$ 1.169,80"
807,2024-02-09,Rafael Henriques,outros,$  257.72
808,10/11/2023,Bruno Queiroz,Moda,"4.278,20  "
809  ,06/05/2024,Eduarda Jesus,Casa,"  R$ 1.036,10"
810,Jan 04 2023,Carla Jesus,Eletrônicos,"4.178,40"
811,2023-07-13,Isabela Almeida,Esporte,$ 335.74
812,2024-02-03,Nuno Duarte,livros,"2.939,42"
813,2023-11-26,Gabriela Barbosa,diversos,""
814,19/11/2023,  Carla Esteves,Esporte,"2.377,15"
815,2024-03-11,Diego Barbosa,Moda,"1.417,37"
816,2023-10-19,Carla Esteves,Esporte,  USD 4872.73
817,17/07/2024,Carla Santos  ,ESPORTE,  USD 2029.71
818,2023-01-05 10:30:00,Paulo Barbosa,Casa,USD 4698.55
819,26/04/2024,Eduarda Ferreira,Esportes,""
820,2023-03-02,Vitória Nogueira,esporte,"R$ 4.554,60"
  821,2024-02-20 10:30:00,Isabela Esteves,ESPORTE,"R$ 1.169,35"
822,24/04/2023,Ana Oliveira,Moda,"R$ 633,54"
823,2024-02-03,Henrique Queiroz,Casa,"809,61  "
824,2024-03-12,Paulo Ribeiro,Livros,"R$ 3.447,67"
825,2024-05-12,Sofia  Ribeiro,Modas,"1.373,28  "
826,2024-11-15,Vitória Teixeira,Esporte,"  36,68"
827,11/03/2024,Isabela Teixeira,Livros,"R$ 1.796,88"
828,2024-05-19,Sofia  Almeida,Eletrônicos,"R$ 238,37"
829,2023-04-10  ,Ana Teixeira,Casa,"485,36"
830,2024-12-06,Felipe Almeida,Livros,"R$ 1.666,71"
831,2024-12-13,Diego Teixeira,"",USD 801.39
832,20/08/2023,Bruno Duarte,Moda,"R$ 4.176,19"
833,2024-03-06,Felipe Gomes,livros,USD 3573.47
834,2024-04-08,Vitória Santos,Moda,"R$ 3.976,87  "
835,21/04/2024,Tiago Duarte,Moda,"R$ 4.747,87"
836  ,2023-08-26,Henrique Barbosa,Esporte,"435,99"
837,2023-08-14,Carla Ribeiro,  livraria,$ 3804.71
838,01/02/2023,Felipe Teixeira,Moda,"4.472,68"
839,  31/05/2024,João Jesus,Esporte,"R$ 2.393,83"
840,2023-02-11,Olívia Almeida,diversos,""
841,2024-06-26,Mariana Teixeira,LIVRO,"R$ 1.860,01"
842,2024-02-21,Nuno Vasconcelos,Esporte,"  3.865,59"
843,Sep 16 2023,Diego Santos,Eletrônico,"R$ 2.745,85"
844,2023-09-06,Carla Esteves  ,Esporte,"3.232,35"
845,17/03/2024,João Jesus,Eletrônicos  ,"R$ 1.961,16"
846,2024-07-10,João Gomes,Eletrônicos,"  3.963,81"
847,2024-07-23,Rafael Ferreira,Casa,"R$ 4.161,28"
848,2023-12-30,Rafael Jesus,Eletrônicos,$ 528.64
  849,2024-08-30,Gabriela Queiroz,Livros,$ 2044.64
850,2024-04-17,Nuno Santos,  Esporte,""
851,2024-07-16,Vitória Ribeiro,Moda,"2.496,26"
852,06/02/2024,Lucas Esteves,Eletrônicos,USD 2638.71
853,2024-02-22,Felipe Gomes,esporte,"R$ 2.102,50"
854,11/01/2024,Karina Henriques,Livros,"R$ 2.605,74"
855,2023-07-28,Mariana Vasconcelos,Eletrônicos,$ 4701.79  
856  ,2024-08-08,Paulo  Oliveira,Moda,"1.465,83"
857,  2024-11-14,Rafael Esteves,Modas,$ 530.13
858,2024-08-10,Ana Pereira,Esporte,"2.871,87"
859,06/09/2024,Olívia Carvalho,Casa e Decoração,"R$ 2.851,82"
860,Jun 29 2023,Diego Ferreira,MODA,"2.827,69"
861,01/02/2023,Felipe Gomes,Moda,"R$ 3.019,31"
862,2023-13-04,Nuno Duarte,Esporte,"R$ 4.247,02"
863,2024-01-23,Carla Gomes,"","3.365,91"
864,15/09/2023,Isabela Nogueira,Moda,"1.373,72"
865,2024-02-05,Mariana Carvalho,Eletrônicos,"  393,62"
866,2024-10-25,João Vasconcelos,Casa e Decoração  ,"2.618,03"
867,2024-05-22,Vitória Klein,Eletrônicos,USD 2027.57  
  868,29/01/2024,Felipe Teixeira,  Esportes,n/a
  869,  25/06/2023,Mariana Duarte,Eletrônicos,"4.539,12"
870,2024-04-23,Tiago Martins,moda  ,"1.548,97"
871,17/03/2024,Bruno Henriques,Casa,"  4.638,93"
872,Aug 26 2024,Felipe Duarte,Casa,USD 2739.11
873,Jul 06 2024,Diego Ribeiro,Casa,"2.258,72"
874,2024-05-04,Mariana Queiroz,Livros,"96,89"
875,30/03/2023,Lucas Almeida,Esporte,"R$ 2.036,11"
876,2024-08-31 10:30:00,Sofia Teixeira  ,casa_decoracao,"R$ 2.742,10"
877,  2024-07-09,Vitória Jesus,Casa,"4.232,89"
878,06/02/2023,Olívia Carvalho,vestuario,"2.704,98"
879,17/04/2024,Sofia Queiroz,Moda,"2.495,64"
880,22/11/2023,Ana Nogueira,Moda,"3.323,88"
881,21/06/2023,Sofia Ferreira,Casa,"R$ 2.626,88"
882,2024-11-30 10:30:00,Tiago  Jesus,Moda,"4.619,45"
883,09/05/2024,Karina  Nogueira,ESPORTE,"1.729,35"
884,2023-09-27,Sofia Lopes,"","3.406,20"
885,18/03/2023,Diego Queiroz,Modas,"207,56"
886,2023-06-27,Gabriela Oliveira,Esportes,"99,85"
887,2023-12-29  ,Mariana Vasconcelos,Eletrônicos,"3.032,61"
888,2023-06-16,Karina Santos,Livros,"R$ 2.925,54"
889,2024-11-16,Karina Teixeira,Casa,"R$ 3.075,31"
890,2023-05-20,Ana Barbosa,outros,"R$ 3.243,07"
891,Mar 12 2023,Karina Lopes,ESPORTE,"R$ 3.415,62"
892,2024-12-07,Henrique Oliveira,Livros,"R$ 3.738,79"
893,2023-08-12  ,Felipe Santos,Eletrônicos,  $ 1016.62
894,2024-05-16,Sofia Pereira,Esportes,"R$ 3.331,78"
  895,2023-05-19,Tiago Barbosa,ESPORTE,"R$ 3.294,54"
896,2024-12-04,Olívia Gomes,Esporte,"R$ 1.642,20"
897,01/12/2023,Tiago Carvalho,Moda,"R$ 1.638,62"
898,2023-05-06,Olívia Queiroz,livros,"1.284,07"
899,Mar 25 2024,"",livros,"2.986,92"
900,2024-07-25,Rafael Henriques,Eletrônicos,$ 3969.49
901,2024-09-13,Olívia Ribeiro,Esporte,"3.615,03"
  902,Feb 11 2023,Isabela Klein,Livros,"R$ 2.877,17"
903,20/10/2024,Tiago Martins  ,Eletrônicos,"R$  3.679,15"
904,2023-04-28,Bruno  Esteves,eletronicos,"R$ 4.800,40  "
905,2023-07-05,Vitória  Barbosa,Casa,"R$ 4.662,42"
906,2023-07-03,João  Ribeiro,casa,"3.420,83"
907,  2023-01-18,Tiago Gomes,Casa,"3.958,25"
908,2023-01-18,Henrique Pereira,Casa  e Decoração,"1.948,65"
909,2023-13-25  ,Lucas Vasconcelos,  Moda,$ 3104.08
910,2023-04-20,Isabela Ferreira,Eletrônico,-
911,13/01/2024,João Vasconcelos,Livros,"1.439,16"
  912,2019-01-23,  Diego Ribeiro,vestuario,USD 2004.76
  913,2023-06-01,Diego Lopes,  livraria,"-50,00"
914,2023-10-10 10:30:00,Gabriela Nogueira,  vestuario,"R$ 2.649,47"
915,2023-13-25,Felipe Pereira,  Livros,$ 1778.69
916,2023-11-15,Tiago Almeida,eletro,$  1276.21
917,25/12/2024,Isabela  Teixeira,"","347,42"
918,09/02/2024,Rafael Queiroz,  eletro,"1.923,02"
919,2024-08-07,Henrique Ferreira,livraria,"R$ 2.962,42"
  920,Nov 07 2024,Gabriela Pereira,outros,"R$ 873,96"
921,12/07/2024  ,Carla Henriques,Esporte,"R$ 3.903,79"
922,2024-11-08 10:30:00,Carla Santos,Casa,"2.266,92"
923,2023-01-12,Bruno Almeida,Eletrônicos,"R$ 4.146,63"
924,2024-06-07 10:30:00,Tiago Jesus,Esporte,"2.327,01"
925,2023-08-23,Isabela Carvalho,LIVRO,"0,00"
926,2023-04-20,Olívia Teixeira,livraria,"-50,00"
927,27/01/2023,Rafael Klein,livraria,"815,60"
0,2023-08-16 10:30:00,Mariana Santos,Moda,$ 1307.15
929,2023-11-04,  Diego Teixeira,Moda,"4.077,19"
"",2023-13-14,Karina Santos,Livros,USD 844.31
931,2023-02-02,João Jesus,"","334,48"
932,2024-07-05,Sofia Barbosa,Eletrônicos,"R$ 502,37"
933,Oct 03 2024,Isabela Santos,Esporte,"2.916,59"
934,2024-08-25,Karina Barbosa,ESPORTE,$ 3442.80
935,2024-11-30,Henrique Vasconcelos,Esporte,"2.065,26  "
"",2024-10-28,Eduarda Klein,esporte,"1.887,28"
937,2024-03-22,Ana Klein,Casa,"R$ 165,21"
938  ,2023-09-06,Lucas Jesus,Livros,"2.104,82"
0,2023-07-11,Eduarda Klein,  Livros,"R$ 2.379,74"
940,2024-05-30,Isabela  Santos,Livros,""
941,26/07/2024,Carla Ferreira,Casa,$ 4012.71
942,18/06/2023,Rafael Jesus,Livros,"3.652,13"
943,2023-06-29 10:30:00,Diego Santos,Moda,"3.766,28"
944,21/07/2023,Carla Duarte,vestuario,"3.830,65"
945,  2023-07-31,João Ferreira,eletro,"R$ 4.489,83"
946,2024-10-12,Mariana Vasconcelos,Moda,"1.348,15"
947,2024-02-10,Rafael Klein,Eletrônicos,USD 1285.10
948,2023-03-09,Vitória Gomes,ESPORTE,"4.005,44"
949,Jan 31 2024,Tiago Teixeira,Esporte,"3.825,60"
950,28/11/2024,Mariana Henriques,diversos,"2.710,84"
951,2024-06-17,Tiago Duarte,Eletrônicos,"1.971,20"
952,  2023-08-06,Diego Barbosa,ELETRONICOS,$ 3463.77
953,07/05/2024,Diego Almeida,Casa e Decoração,"R$  4.587,07"
954,10/10/2023,Sofia Esteves  ,Casa,"R$ 3.387,17  "
955,  2024-08-25 10:30:00,Carla Lopes,"","4.861,80"
956,Dec 26 2024,Henrique Klein,"","2.005,68"
957,  19/07/2023,Sofia Gomes,Moda,"R$ 2.037,71"
958,2024-06-25,Paulo Vasconcelos,Eletrônicos,"  R$ 2.278,09"
959,Jan 03 2024,Rafael Teixeira,Moda,USD 4275.94
960,2023-05-01,Olívia Klein,Moda,"391,48"
961,2023-07-01,Vitória Queiroz,esporte,"R$ 4.567,87"
962,2023-02-16,Rafael  Esteves,"",$ 4349.94
963,Feb 24 2024,Bruno Pereira,vestuario  ,"4.598,39"
964,  07/07/2023,Isabela Pereira  ,Moda,"2.719,79"
  965,2023-04-29,Ana Vasconcelos,Livros,"R$ 448,97"
966,2023-07-24,Olívia Carvalho,Esporte,""
967,2023-11-16,Karina Klein,Moda,"R$ 2.784,96"
968  ,01/04/2023,Rafael Esteves,Moda,USD 4509.54
969,12/03/2023,João Gomes,Casa,"1.224,63"
970,2023-07-18,Henrique Jesus,Esporte,"R$ 1.602,85"
971,2023-12-09,Olívia Jesus,Livros,"R$ 1.833,40"
972,20/04/2023,João Almeida  ,esporte,USD 518.39
  973,2024-12-04,Felipe Almeida,Esporte,"4.661,26"
974,02/08/2024,Bruno Almeida,Livros,$ 1610.76
975  ,2024-03-26,Vitória Lopes,outros,"-50,00"
976,27/08/2024,Ana Henriques,eletro  ,"R$ 1.096,54"
977,Mar 14 2024,Vitória Klein,ESPORTE,"R$ 4.951,63"
978,2024-08-03,Bruno Martins,eletro,"R$ 3.227,06"
979,2024-12-13,Paulo Ribeiro,Moda,"R$ 2.859,36  "
980,10/06/2023,Ana  Gomes,Casa,"R$ 1.909,38"
981,09/08/2024,Eduarda Henriques,  Casa,USD  3940.72
982,2023-09-17,Eduarda Duarte,Livros,"52,24"
983,10/07/2024,Tiago Ferreira,Esporte,"R$  1.987,85"
984,2024-06-17,Isabela Pereira,  Eletrônicos,"590,18"
985,2024-09-14,Felipe Carvalho,Esporte,"3.618,74"
986,2023-03-25,Karina Teixeira,livraria,"R$ 241,26"
987,2024-07-14,Vitória Esteves,Esporte,"1.671,46"
988,2019-04-01,Vitória Klein,MODA,USD 1407.80
989,2024-01-04 10:30:00,Gabriela Almeida,ELETRONICOS,"R$ 3.576,94"
990,  2024-01-17,Bruno Esteves,Livros,"-50,00"
991,2023-12-31,Tiago Duarte,moda  ,"R$ 4.952,54"
992,Jun 12 2023,Rafael Gomes  ,  Eletrônico,"827,52"
993,2024-03-03,Mariana Pereira,Eletrônicos,"438,71"
994,27/03/2024,Mariana Gomes,Esporte,"R$ 1.731,66"
995,01/04/2023,Eduarda  Jesus,Livros,"4.704,43"
996,2024-05-19,Vitória Vasconcelos,Esporte,"1.569,07"
997,Oct 16 2023,Felipe Martins  ,Casa,"1.027,21"
998,2023-10-01,Olívia Nogueira,Esporte,"2.018,39"
  999,2023-09-03,Tiago Queiroz,Casa,"2.523,34"
1000,09/01/2023,Vitória Klein,Casa e Decoração,"4.700,01"
1001,2023-13-20,Tiago Duarte,LIVRO,"1.338,23  "
1002,2023-02-27,Nuno Henriques,livraria,USD 3234.49
1003,02/04/2024,Sofia Jesus,Moda,"R$ 4.482,47"
1004,2024-05-24,Felipe Almeida,Livros,"R$ 1.128,07"
1005,  2023-03-05,Bruno Martins,Livros,"1.849,66"
1006,2023-07-10,Gabriela Duarte,  Esporte,"634,41"
1007,2024-09-29,Eduarda Ribeiro,Moda,-
1008,06/11/2024,Henrique Esteves,livraria,"R$ 3.046,81"
1009,2023-08-21,Carla Ribeiro,Eletrônicos,$ 4880.11
1010,Jan 26 2024,Ana Queiroz,livraria,"2.776,44"
1011,07/10/2024,Isabela Santos,Livros,"R$ 672,28"
1012,2024-10-11,Vitória Klein,Moda,"2.838,44"
1013,2024-09-24,  Karina Gomes,Eletrônicos,"R$ 3.955,16"
1014,2023-08-30  ,"",Moda,"R$ 3.272,25"
1015,2024-02-13,Paulo Martins,Casa,USD 1605.35
1016,2024-08-02,Karina Lopes,Eletrônicos,"  1.891,92"
1017,2023-06-22,Felipe Almeida,livraria,$ 384.83
1018,2023-02-07,Rafael Queiroz,Moda,"3.992,67"
1019,2024-06-27,  Paulo Santos,Moda,"3.430,27"
1020,2024-06-08,Tiago Lopes,ELETRONICOS,USD 4213.12
1021,2024-12-29,Eduarda Oliveira,Livros,"  R$ 2.187,10"
1022,2024-12-08,Isabela Lopes,outros,"R$ 1.118,24"
1023,2024-10-12,Lucas Esteves,livros,"-50,00"
1024,2023-07-31,Henrique Carvalho,ESPORTE,"R$ 2.857,57"
1025,2023-10-27,João Jesus,Casa,"2.953,03"
1026,Feb 24 2024,Rafael Santos,Modas,USD 3619.54
1027,2023-04-13 10:30:00,Diego Almeida,Esporte,USD 4304.02
1028,2023-12-11,Tiago Esteves,moda,"-50,00"
1029,25/05/2023,Lucas Duarte,eletro,"1.793,65"
ORD-1023,2023-03-22  10:30:00,Vitória Gomes,  Casa,"R$ 3.484,17"
1031,11/06/2023,Eduarda Barbosa,Moda,"R$ 1.055,12"
1032,07/07/2024,Bruno Santos,Casa,"1.416,93"
1033,2024-04-21,Bruno Klein,casa,"R$ 1.845,30"
1034  ,2023-06-13,Eduarda Ribeiro,Esporte,""
1035,2023-08-13,Nuno Pereira,Eletrônicos,"R$ 4.664,48"
1036,Feb 28 2023,Lucas Gomes,diversos,"R$ 2.788,92"
1037,2023-10-31,Tiago Almeida,Moda,$ 279.41
1038,15/04/2023,Paulo Queiroz,Casa,"R$ 4.678,92"
1039,25/04/2024,Karina Ribeiro,Eletrônico,"2.932,34"
1040,2024-05-12 10:30:00,Gabriela Pereira,Eletrônicos,$ 4896.06
1041,Sep 20 2024,Carla Pereira,livros,"R$ 2.998,72"
1042  ,Apr 23 2023,  Felipe Ferreira,Livros,"R$ 2.796,03"
1043,2024-10-23,Gabriela Gomes,Eletrônicos,"R$ 1.463,33"
1044  ,Jan 13 2023,Ana Ferreira,"","3.833,67"
1045,Feb 11 2024,Gabriela Ferreira,Esporte,"  R$ 2.272,20"
1046  ,2023-03-27,Vitória Esteves,"","804,94"
1047,2023-11-22,Tiago Nogueira,Moda  ,USD  2054.39
1048,2024-10-23,Karina Duarte,  eletronicos,"  0,00"
1049,2023-10-31  ,Diego Martins,Livros,"R$ 1.503,44"
1050,20/11/2024,"",Moda,"2.221,88"
1051,2024-02-13,Diego  Vasconcelos,MODA  ,USD 4651.27
1052,2023-04-26,Paulo Ribeiro,Esporte,USD 2365.35
  1053,2024-10-29,Gabriela Duarte,eletro,$ 3446.46
1054  ,2023-04-09,"",Casa,"4.496,83"
1055,2024-08-01,Bruno Barbosa,Esporte,"R$ 2.191,52"
1056,2023-07-28,Paulo Oliveira,Eletrônicos,"4.817,14"
1057,2023-04-22 10:30:00,"",Moda,"1.143,23"
1058,2024-09-06,Carla Ribeiro,Eletrônicos,"R$ 492,77"
1059,2024-10-31,Henrique Carvalho,Livros,USD 4591.81
1060,2024-05-24,Ana Esteves  ,Livros,"R$ 1.934,23"
1061,2023-06-16,Henrique Vasconcelos,Livros,""
1062,2024-05-01,Vitória Oliveira,Casa e Decoração,"R$ 127,42"
1063,Oct 19 2023,Carla Ribeiro,Esporte,$ 2320.46
1064,2024-01-25,  Tiago Santos,"",  USD 3031.90
1065,2024-04-14,Mariana Klein,ELETRONICOS,"R$ 1.805,25"
1066,2023-11-09,Sofia Santos  ,Esporte,"4.973,33"
1067  ,2024-11-26,Mariana Nogueira,Esporte,"R$ 4.751,62"
1068,2024-13-18,Bruno Ribeiro,Eletrônicos,USD 4392.48
1069,Nov 07 2023,Isabela Esteves,Eletrônicos,"2.120,78"
  1070,2023-11-28,Vitória Vasconcelos,LIVRO,"R$ 4.277,57"
1071,2024-05-06,João Santos,Casa,"  869,94"
1072,12/08/2023,Vitória Barbosa,"",$ 940.21
1073,2024-04-19,Nuno Jesus,Esporte,"R$ 3.566,84"
1074,Apr 14 2023,Rafael Lopes,esporte,"2.654,31"
1075,2023-08-08,Eduarda Klein,Esporte,"4.168,82"
1076,Jul 28 2023,Henrique Queiroz,eletronicos,"R$ 4.370,87"
1077,  2024-06-02,Felipe Santos,Moda,$ 4138.66
1078,2023-12-02,Paulo Ribeiro,misc,$ 2135.30
1079,2024-02-12,Carla Klein,livraria,"R$ 3.152,28"
1080,2024-06-29,Karina Queiroz,Eletrônicos,"R$ 3.549,44"
1081,2023-10-11,Rafael Ribeiro,Esporte,"2.813,37"
1082,  2023-04-24 10:30:00,Bruno Ferreira,Livros,"3.307,76"
1083,2023-03-25,Karina Teixeira,Casa,"R$ 3.977,31"
1084,15/10/2024,Rafael Ribeiro,Livros,USD 1243.57
1085,2024-09-24,Tiago Ferreira,Livros,"-50,00"
1086,2024-11-03,Rafael Santos,Livros,""
1087,2024-08-12,Tiago Carvalho,"","4.266,23"
  1088,2023-03-02,Karina Santos,Esporte,"-50,00  "
1089,27/06/2024,  Mariana Nogueira,livraria,"R$ 2.016,24"
1090,2024-03-16 10:30:00,João Pereira,Eletrônicos  ,"R$ 1.211,94"
1091,  06/11/2024,Rafael Henriques,Moda,"2.120,20"
1092,2024-12-22,Carla Barbosa,Esporte,"R$ 3.179,67"
1093,2023-02-08 10:30:00,Sofia Santos,"","R$ 1.334,67"
1094,2023-10-05,Rafael Teixeira,Casa,"R$ 2.883,54"
1095,04/01/2023,Felipe Ribeiro,Casa,"4.357,54"
1096,2024-05-17,Isabela Gomes,"","4.799,12"
1097,05/02/2023,Gabriela Teixeira,Esporte,"2.359,55"
1098,2023-09-15,Ana  Vasconcelos,"","1.758,14"
1099,2023-06-20,Isabela Carvalho,Moda,USD  193.42
1100,22/12/2024,Tiago Gomes,Casa,"394,74"
1101  ,2023-01-29 10:30:00,Sofia Queiroz,Livros,"R$  1.039,05"
  1102,2024-03-05,Sofia Vasconcelos,diversos,"R$ 513,91"
1103  ,2023-02-05,Karina Henriques,  Livros,"2.057,70"
1104,2024-07-30 10:30:00,Ana Pereira,livros,$ 485.57  
1105,2023-01-26,Isabela Lopes,Casa  ,"R$ 572,38"
1106,2023-13-29,João  Klein,MODA,"R$ 737,24"
1107,2024-04-01,Paulo Ferreira,ELETRONICOS,"R$ 1.592,33"
1108,2024-11-24 10:30:00,Lucas Martins,casa,$ 3343.03
1109,2024-13-20,Vitória Santos,Casa,"4.902,73"
1110,2023-01-25,Henrique Pereira,Esporte  ,$ 181.87
1111,2023-07-26,Eduarda Gomes,Modas,"R$ 4.722,90"
1112,10/01/2023,  Felipe Gomes,Livros,"R$ 1.808,79"
  1113,  17/02/2024,Tiago Duarte,Eletrônicos,"R$ 4.995,38"
1114,2024-05-21,Olívia Teixeira,Esporte,"1.952,81"
1115,2024-05-06,  Mariana Henriques,diversos,"4.861,78"
1116,Jun 19 2024,Karina  Carvalho,Esporte,"724,55"
1117,2023-11-28,Isabela Oliveira,Livros,"  1.266,58"
1118,2024-10-21,Eduarda Santos,esporte,"2.989,75"
1119,2023-09-26  ,Eduarda  Pereira,Casa,"R$ 4.755,20"
1120,2024-07-16,  Nuno Carvalho,Casa,""
1121,2024-03-12,Bruno Carvalho,Moda,USD 3621.81
1122,2023-05-09,Isabela Santos,Eletrônicos,"1.137,15"
1123,2023-07-01,Olívia Oliveira,Casa,$ 458.62
1124,23/09/2023,Sofia Oliveira,Livros,"525,56  "
1125,01/02/2024,Mariana Esteves,Casa,"2.220,31"
1126,09/11/2024,Bruno Gomes,Eletrônicos,"1.530,10"
1127,2024-03-05,Mariana Santos,Eletrônico,"1.278,51"
1128,2023-10-17,Carla Duarte,Esporte,"R$ 2.664,78"
  1129,May 29 2024,Carla Ribeiro,Esporte,"2.037,19"
1130,2024-11-03,Carla Ferreira,eletro,"R$ 4.755,33"
1131,  2023-03-01,Bruno Gomes,Livros,"R$ 4.789,71"
1132,2024-12-07,Diego Teixeira,Esporte,$ 3158.43
1133,2024-06-03,Tiago Klein,Livros,"R$ 66,83"
1134,Jul 25 2024,Olívia Ribeiro,LIVRO,$ 1148.65
1135  ,13/05/2023,  Vitória Teixeira,LIVRO,"2.435,58"
1136,16/07/2024,Lucas Pereira,esporte,"1.479,57"
1137,2024-01-29,Mariana Santos,livraria,"2.223,07"
1138,26/05/2023,Bruno Duarte,Casa,$ 4639.23
  1139,2023-08-05,Diego Vasconcelos,Moda,"R$ 2.526,33"
1140,2023-05-31,Carla Nogueira,Casa,"R$ 3.496,74"
1141,2023-01-04,Diego Jesus,livros,"R$ 2.933,71"
1142,2024-07-13,Olívia Queiroz,Eletrônico,"R$ 510,15"
1143,2024-01-28,"",Casa,"R$ 3.862,28"
1144  ,2024-05-27,Lucas Nogueira,  Livros,"R$ 3.328,91"
1145,2023-11-05,Karina Pereira,livraria,"3.762,89"
1146,2024-03-14,Ana Pereira,Livros,"4.300,27"
1147,2023-05-09,Rafael Oliveira,Livros,"R$ 170,32"
1148,29/08/2023,Lucas Almeida,Esporte,"  3.715,41"
1149,26/02/2024,Paulo Ribeiro,Livros,"R$ 2.192,45"
1150  ,14/05/2023,Gabriela Ferreira,diversos,"R$ 2.420,55"
  1151,2023-06-18,João Ferreira,Esporte,"2.032,19"
1152,  2023-01-31,Nuno Teixeira,Eletrônico,"R$ 2.486,82"
1153,24/03/2023,Gabriela Pereira,Eletrônicos,"R$ 1.469,84"
1154,2024-03-27,Isabela Pereira,Moda,""
1155,2023-12-25,Vitória Santos,ESPORTE,"806,62"
1156,02/11/2023,Tiago Oliveira,outros,"3.235,81"
1157,03/10/2024,Ana Pereira,Esporte,"R$ 2.104,63"
1158,Aug 01 2024,Felipe Vasconcelos  ,diversos,"3.886,82"
1159,2023-06-10,Gabriela Henriques,Eletrônicos,$ 786.50
1160,2023-12-03,Bruno Henriques,Esporte,"R$ 3.481,08"
1161,2024-03-12,Sofia Almeida,Esporte,$ 4829.30
1162,  2024-09-18,Eduarda Barbosa,Moda,USD 2309.22
1163,2024-04-03,Diego Teixeira,Livros,USD 1874.00
1164,13/02/2024,Diego Esteves,Esporte,"151,60"
  1165,2024-12-23,Lucas Henriques  ,casa,"714,85"
1166,2024-09-11,Lucas Jesus,  Moda,"4.095,98"
1167,2024-07-09,Bruno Oliveira,Livros,"R$ 1.187,39"
1168,2024-07-09,Nuno Jesus,misc,"3.925,45"
1169,19/05/2023,Felipe Almeida,Casa,"R$  857,79"
1170,2023-06-26,Lucas Almeida,ESPORTE,"2.040,10"
1171,03/04/2023,Felipe Ferreira,casa_decoracao,"3.943,73"
1172,2023-12-17,Bruno Teixeira,vestuario,"R$ 113,32"
1173,2023-06-14,Olívia Carvalho,esporte,"125,79"
1174,26/02/2023,Nuno Esteves,Moda,"R$ 93,22"
1175  ,2023-04-24,Gabriela Oliveira,ESPORTE,"R$ 703,12"
1176,2024-02-02,Paulo Oliveira,Eletrônicos,"R$ 3.029,29"
1177,2024-07-17,Carla Queiroz,Esportes,USD 859.87
1178,2023-12-10,Rafael Nogueira,Livros,USD 4372.36
1179,27/06/2023,Nuno Jesus,Eletrônicos,""
1180,2023-06-28 10:30:00,Isabela Henriques,Esporte,$ 3908.64
1181,2024-04-11,Rafael Jesus,livraria,"2.267,33"
1182,2023-08-28,Carla Martins,Eletrônicos,"2.864,23"
1183,2024-04-10,Sofia Nogueira,"","R$ 3.768,66"
1184,2023-08-05,Paulo Pereira,Eletrônicos,"4.524,81"
1185  ,2023-03-25,Rafael Pereira,Esporte,"3.387,03"
1186,2024-09-24,Rafael Queiroz,Eletrônicos,"R$ 1.626,42"
1187,28/07/2024,Carla Santos,LIVRO,"R$ 3.816,65"
1188,2023-07-01,Rafael Vasconcelos,Esporte,"R$ 2.817,42"
1189,Jan 07 2023,João Vasconcelos,Livros,"3.482,65"
1190,17/10/2024,Ana Duarte,Esporte  ,$ 1913.86
1191,2023-10-06 10:30:00,Rafael Jesus,Moda,"3.474,09"
1192,2024-10-18,Henrique Duarte,Esporte,"R$ 277,84"
1193,  2023-12-03,"",eletronicos,"R$ 2.072,62"
1194,Mar 09 2023,Mariana Esteves,Esporte,"  3.855,77"
1195,14/12/2023,Felipe Pereira,eletronicos,"579,22"
1196,2023-05-17,Henrique Vasconcelos,Eletrônicos,"2.117,49"
1197,09/12/2023,Paulo Almeida,  Eletrônicos,"R$ 3.294,90"
1198,2024-01-08,Felipe Santos,Esporte,"312,66"
1199,  07/12/2024,Lucas Martins,livros,"3.952,26"
1200,2023-05-31,Tiago Pereira  ,Moda,"2.066,88"
1201,2023-10-18,Eduarda Martins,Esporte,"R$ 3.338,85"
1202,2023-05-12,"",Eletrônicos,"R$ 2.052,28"
1203,25/08/2024,Vitória Santos,Casa,"2.010,63"
1204,2024-06-21,  Rafael Jesus,MODA,"4.879,74"
1205,2024-12-16 10:30:00,Mariana Esteves  ,  Eletrônicos,"R$ 1.149,30"
1206,2024-10-12,Paulo Esteves,misc,"R$ 4.166,61"
1207,2024-10-26 10:30:00,Rafael Ferreira,vestuario,"R$ 4.712,25"
1208,12/07/2024,Bruno  Martins,Moda,"1.244,78"
1209,29/10/2024,João Almeida,Casa,$ 1142.88  
1210,2023-06-23,Lucas Barbosa,Eletrônicos,USD 243.90
1211,2024-04-15,João Ferreira,Casa e Decoração,"R$ 3.902,26"
1212,Jan  06 2023,Paulo Oliveira,Esportes,"3.445,83"
1213,2023-12-27,Isabela Barbosa,Eletrônicos,USD 1744.25
1214,16/11/2024,Vitória Duarte,Eletrônicos,USD 1439.22
1215,2023-13-12,Sofia Esteves,esporte,"818,14"
1216,2024-12-11,Olívia Santos,Moda,"470,72"
1217,2023-07-24,Gabriela Vasconcelos,casa,"285,89"
1218,2024-11-26  ,Vitória Vasconcelos,Casa,"R$ 4.282,80"
1219,04/09/2023,Diego Duarte,LIVRO,"R$ 811,24"
1220,2024-05-06,Bruno Santos,Moda,$ 3757.79
1221,01/02/2024,Eduarda Oliveira,Casa,"1.828,82"
1222,2024-04-04,"",  Esporte,"R$ 1.978,53"
1223,24/10/2024,Isabela Almeida,esporte,"R$ 4.941,42"
1224,16/04/2024,Tiago Pereira  ,casa,"R$ 4.845,52"
1225,2023-11-26,Isabela Teixeira,Eletrônicos,"R$ 1.421,60"
1226,2024-10-06,Gabriela Klein,Casa,"4.336,56"
1227,  2024-02-23,Nuno Esteves,livros,"R$ 787,99"
1228,2023-07-23,Carla Pereira,Eletrônicos,"288,61"
1229,2024-08-03,Mariana Jesus,casa_decoracao,"R$ 4.936,83"
1230,28/06/2024,João Nogueira,Livros,"R$ 989,87"
0,2023-07-10,Paulo Queiroz,Eletrônicos,USD 3218.42
1232,10/09/2024,Gabriela Esteves,livros,"R$ 683,97"
1233,22/09/2023,Paulo Henriques,Modas,$ 1206.41
1234,2023-10-13,Gabriela Klein  ,Eletrônicos,"65,17"
1235,Mar 29 2024,Tiago Vasconcelos,Moda,$ 3588.03
1236,04/06/2023,Paulo Pereira,moda  ,"R$  3.504,49"
1237,2023-02-05  ,Karina Ferreira,Casa e Decoração,"3.208,08"
1238,02/06/2024,Olívia Oliveira,Esporte,"816,06"
1239,18/02/2024,Isabela Oliveira,Casa,"R$ 3.234,85"
1240,26/12/2024,Vitória Carvalho,Esporte,"R$ 1.588,29"
1241,  2023-08-10,Henrique Teixeira,livros,"3.524,63"
1242,2024-12-17,Olívia Oliveira,MODA,"R$ 3.521,20"
1243,13/12/2024,Rafael  Ribeiro,vestuario,"R$ 4.862,23"
1244,2023-11-10,Tiago Vasconcelos,Casa,"R$ 2.152,85"
1245,Mar 31 2024  ,Mariana Duarte,misc,"R$ 2.097,09"
1246,2023-12-05 10:30:00  ,Rafael Nogueira,Casa,"R$ 877,04"
1247,2023-05-16,Bruno Martins,Livros,USD 4460.13
  1248,26/07/2023,Nuno Santos,Eletrônicos,"R$ 2.359,84"
1249,2023-08-06,Nuno Barbosa  ,Casa,"1.131,93  "
1250,02/05/2024  ,Tiago Queiroz,Casa,"R$ 1.064,24"
1251,18/05/2024,Rafael Almeida,Livros,"3.389,91"
0,  04/10/2023,Bruno Henriques,Casa,"R$ 1.673,58"
1253,2024-04-15,Sofia Oliveira,Esporte,"351,97"
1254,13/05/2023,Karina Ribeiro,Esporte,"812,44"
1255,14/10/2023,Nuno Queiroz,  Esportes,USD 2025.76
1256,Apr 03 2023,Rafael Esteves,Moda,"R$ 2.823,76"
1257  ,2024-10-31,Olívia Vasconcelos,esporte,"3.402,25"
1258,2024-07-19,Olívia Pereira,Casa e Decoração,"1.028,29  "
1259,2023-03-09,Carla Lopes,Eletrônicos,"3.049,80"
1260,2023-01-24,Ana Queiroz,vestuario,"4.678,62"
1261,  2024-10-21,Diego  Ribeiro,Eletrônicos,"1.951,91"
1262,2024-02-01,Henrique Henriques,Esporte,"R$ 3.044,56"
1263,2023-08-19,Gabriela Lopes  ,LIVRO,"3.833,60  "
1264  ,Jan 02 2024,Carla Ribeiro,  Esporte,"R$ 3.559,58"
1265,2023-02-22,Diego Esteves,Casa,"R$ 2.230,47"
1266,2024-04-06,Sofia Barbosa,Modas,"1.798,24"
1267,09/03/2024,Nuno  Klein,Eletrônicos,"2.408,70"
1268,2024-12-21,Olívia Henriques,Livros,"207,84"
1269,2023-11-04,Lucas Carvalho,Casa,"R$ 139,23"
1270,2024-10-09,Sofia Klein,livraria,$ 34.53
1271,2023-04-12 10:30:00,  João Jesus,Livros,"R$ 4.089,31"
1272,2024-11-11,Henrique Gomes,Eletrônicos,"  1.752,03"
1273,2023-05-07,Mariana Oliveira,Eletrônico,"1.403,52"
1274,2024-08-25,  Carla Gomes,Livros,"R$ 3.092,99"
1275,2023-01-28,Gabriela  Henriques,Casa e Decoração,"R$ 2.182,23"
1276,2024-08-04,Lucas  Nogueira,  Casa,"R$ 2.439,58"
1277,Jul 14 2024,Felipe Lopes,Moda,"1.456,61"
1278,2023-09-04,Carla Jesus  ,Casa,$ 3438.74
1279,2023-11-21,Eduarda Almeida,Esporte,"R$  2.188,03"
  1280,2023-09-07,Gabriela Teixeira,Eletrônicos,"R$  2.683,02"
1281,24/11/2023,Eduarda Lopes,Eletrônicos,"R$ 730,86"
1282,20/07/2023,"",diversos,"2.520,42"
1283,May 22 2023,Diego Duarte  ,vestuario,$ 395.26
1284  ,2023-05-12,Eduarda  Jesus,outros,"669,63"
1285,2023-08-01,João Gomes,ELETRONICOS,"R$ 4.776,72"
1286,2023-08-10,Rafael Nogueira,Casa,USD 1332.93
1287,2024-04-09,Paulo Henriques,Esporte,$ 2369.53
1288,2023-12-07,Carla Jesus  ,Livros,"R$ 3.204,44"
1289,15/12/2024,João Pereira,Casa,"R$ 3.340,58"
1290,2023-12-14,Eduarda Klein,Livros,"R$ 1.706,59"
1291,2023-11-28 10:30:00,João Oliveira,Esporte,"R$ 2.076,06"
1292,Jul 13 2024,  Carla Oliveira,Moda,USD 4485.84
1293,2024-12-08,Ana Duarte,  Esporte,"3.562,92"
1294,2023-11-01,Olívia Nogueira,Casa,"R$ 3.170,85"
1295,2024-08-22,Tiago Klein,"","2.537,47"
1296,2023-04-01,Olívia Almeida,Esportes,$ 542.10
1297,04/02/2023,Carla Gomes,Casa,"R$ 2.107,45"
1298,2024-12-08  ,Bruno Carvalho  ,Livros,n/a
  1299,2023-01-26,João Ferreira,eletro,"2.032,44"
1300,22/09/2023,Karina Klein,Moda,"2.138,34"
1301,2023-03-02,Paulo Duarte,Eletrônicos,"R$ 3.917,00"
1302,Jun 15 2023,Rafael Santos,eletronicos,"R$ 4.257,53"
1303,2024-06-06,Mariana Klein  ,Moda,"416,69"
1304,2023-06-05,João Barbosa,Modas,$ 2991.49
1305,2024-11-02,João Carvalho,"","R$ 3.608,16"
1306,Jan 03 2024,Vitória Klein,esporte,-
1307,2024-01-10,Rafael Klein  ,Moda,"R$ 1.960,34"
1308,2024-10-31,Diego Henriques,"","R$ 4.778,53"
1309,2019-11-23,Nuno Oliveira,Eletrônicos,"R$ 519,26  "
1310,24/05/2023,Sofia Esteves,esporte  ,"4.333,43"
1311,2024-09-11,Henrique Martins,Eletrônicos,"167,79"
1312,  29/08/2024,Ana Oliveira  ,Casa  ,USD 3799.89
1313,2023-11-05,Karina Esteves,Esporte,"  1.453,44"
1314,16/09/2024,  Mariana Henriques,Livros,"144,07"
1315,2023-09-03,Mariana Vasconcelos,Casa,"4.575,61"
  1316,05/03/2024,Nuno Teixeira,Casa,"R$ 2.724,66"
1317  ,2023-02-14,Karina Esteves  ,Eletrônicos,"1.507,86"
1318,2024-09-19,João Jesus,Livros,"4.060,90"
1319,08/10/2023,Eduarda Klein,Casa,"557,70"
1320,2024-01-23,"",Casa,"R$ 1.123,38"
1321,2024-10-17,Eduarda Ribeiro  ,ELETRONICOS,"4.525,09"
1322,2023-03-31,Sofia Ferreira,Casa,"R$ 1.924,16"
1323,2023-05-05  10:30:00,Tiago Ferreira,Casa,"R$ 940,77"
1324,28/03/2023,Ana Barbosa,Moda,"R$  1.895,94"
1325,2023-11-13 10:30:00,"",Esporte,$ 3972.92  
1326,2024-07-01,João Lopes,Livros,"R$ 3.915,41"
1327,25/05/2024,Nuno Oliveira,Casa e Decoração,"R$ 352,98"
1328,01/10/2024,Eduarda Henriques,Eletrônicos,"R$ 2.219,66"
  1329,2023-12-31,Carla Esteves,Esporte,"R$ 1.118,64"
1330,09/09/2023,Sofia Teixeira,Moda,$ 732.91
1331,02/07/2024,Diego Queiroz,Moda  ,"376,30"
1332,2023-12-28,Nuno Nogueira,Livros,"R$ 4.438,79"
1333,2024-01-10,Karina Nogueira,LIVRO,"R$ 815,28"
1334,2024-02-28,Tiago Oliveira,Esporte,USD 3366.69
1335,20/12/2024,Olívia Teixeira,  Casa,$ 672.11
1336,2024-07-17,Ana Klein,Livros,"1.879,99"
1337,2024-04-08,Eduarda Henriques,Moda,"R$ 1.362,89"
1338,2023-05-24,Rafael Oliveira,ELETRONICOS,"154,67"
1339,10/07/2024,Gabriela Oliveira,  Esporte,"4.692,81"
  1340,17/09/2023,João Oliveira,ESPORTE,"1.413,71"
1341,  2024-10-30,Ana Carvalho,casa,"2.661,79"
1342,06/02/2023,Carla Barbosa,Casa  e Decoração,"1.712,45"
1343,2023-12-27,Gabriela Barbosa,eletro,"R$ 1.423,17  "
1344,19/02/2024,Rafael Santos,Moda,USD 1841.32
1345,2023-12-31,Rafael Gomes,Moda,$ 1617.43
1346,2023-12-02,Eduarda Santos,Casa,"2.973,84"
1347,2024-07-26,Karina Santos,Livros,"41,31"
1348,2024-01-29,Sofia Henriques,Eletrônicos,"R$  839,49"
1349,2023-01-08,Tiago Queiroz,Eletrônicos,"4.326,97"
1350,  May 28 2024,  Karina Esteves,Livros,"R$ 3.904,76"
1351,15/05/2024,Bruno Martins,Livros,"2.358,34"
1352,2024-01-21,Vitória Oliveira,Livros,"3.043,49"
1353,2023-10-16,Mariana Martins,  Livros,"4.191,33"
1354  ,07/03/2024,Diego Lopes,Esportes,  -
1355,2024-08-08,Isabela Pereira,  Esporte,"R$  1.118,57"
1356  ,2023-09-16,Rafael Oliveira,Livros,"795,48"
1357,2024-02-07,Isabela Teixeira,Livros,USD  191.09
1358,24/11/2023,Ana Santos,casa,$ 4771.75
1359,Jan 26 2024,Gabriela Almeida,eletronicos,"R$ 2.983,40"
1360,2023-06-27 10:30:00,Henrique Lopes,casa_decoracao,"914,70"
1361,2024-03-03,Sofia Almeida,ELETRONICOS,"352,40"
1362,22/12/2023,Henrique Carvalho,Eletrônico,"3.377,52"
1363,2024-07-25  ,Diego Klein,Livros,"4.319,42  "
1364,May 09 2023,Sofia Gomes,Moda,"R$ 1.800,10"
1365,2024-03-11,Olívia Ribeiro,ESPORTE,"1.997,01"
1366,2024-09-15,"",Esportes,USD 1630.43
1367,2024-07-16  ,Sofia Martins,esporte,"R$ 4.706,18"
1368,27/08/2024,Lucas Nogueira,Eletrônicos,"R$ 4.209,88"
1369,2024-10-15,Olívia Santos,Livros,$ 1179.60
1370,2024-06-03,Bruno Queiroz,Esporte,n/a
1371,17/01/2023,Bruno Almeida,Livros,""
1372,2024-12-19,Olívia Martins,Casa,"4.422,07"
1373  ,2024-05-22,Mariana Santos,Moda,"R$ 1.109,67"
1374,Jun 10 2024,Isabela Ribeiro,Casa,"4.634,67"
1375,14/06/2024,Eduarda Almeida,Livros,USD 2548.75
1376,  15/09/2023,Nuno Vasconcelos,esporte,"R$ 1.608,87"
1377,2023-07-21,Vitória Gomes,Livros,"726,33"
0,Mar 06 2023,Karina Santos,  Eletrônicos,"R$ 3.186,74"
  1379,2024-04-20,Henrique Henriques,  Esporte,"3.990,67"
1380,2023-09-28,Nuno Nogueira,casa,"2.651,50"
1381,02/10/2024,Henrique Lopes  ,Livros,"1.799,82"
1382,2023-07-24,Isabela Nogueira,Moda,"R$ 1.884,83"
1383,2024-06-10,Diego Ribeiro,Livros,""
1384,2023-08-29,Vitória Lopes,Livros,"R$ 181,65"
1385,2023-08-22,Diego Ferreira,MODA,"2.788,55"
1386,2023-09-06,Lucas Barbosa,Moda,"R$ 1.246,33"
1387,2024-08-27,  João Jesus,Eletrônicos,"1.258,36"
1388,2024-05-10,Diego Lopes,"","4.743,69"
1389,2023-06-15,Nuno Esteves,Eletrônicos  ,"R$ 4.103,24"
1390,2024-05-10,  Ana Martins,Esporte  ,"1.473,88"
1391,2023-13-07,Mariana Ribeiro,Livros,-
1392,18/02/2023,Bruno Jesus,"","1.379,90"
1393,2024-03-10,Diego Barbosa,Moda,"376,76"
1394,2024-07-02,Felipe Martins,MODA,$  3765.48
1395,30/03/2023  ,Paulo Henriques,ESPORTE,"R$ 3.246,44"
  1396,2023-01-10 10:30:00,Nuno Henriques,  Casa,n/a
  1397,2023-09-29,João Martins,Casa,"R$ 1.733,29"
1398,2024-11-22,Nuno Esteves,Moda  ,USD 2020.13
1399,2024-06-21,João Barbosa,Modas,"1.523,22"
1400,02/03/2024,João Ferreira,Eletrônicos,"3.012,17  "
1401,2024-08-01,Rafael Queiroz,Moda,"R$ 34,79"
1402,2023-12-19  ,Felipe  Esteves,ESPORTE,"1.928,40"
1403,2023-06-24  ,Felipe Jesus,esporte,"2.924,65"
  1404,02/11/2024,Tiago Queiroz,Esporte,USD 822.68
1405  ,20/07/2024,Diego  Almeida,livraria,"1.580,27"
1406,2023-07-02,Nuno Duarte,Casa,"R$ 2.544,88"
1407  ,2024-06-27,Felipe Barbosa,Moda,""
1408,2024-12-08,Diego Henriques,Esporte,"R$ 3.775,70"
1409,2023-12-07,Karina Oliveira,Moda,"R$ 4.156,86"
1410,2023-12-17 10:30:00,Isabela Carvalho,Moda,USD 3699.72
1411,06/07/2023,Mariana Barbosa,Esporte  ,"1.305,54"
1412,2024-04-26,Rafael Lopes,ESPORTE,"1.824,14"
  1413,30/06/2023,Olívia Queiroz,Moda,"2.103,84"
1414,04/05/2023,Henrique Klein,Moda,"3.679,42"
1415,09/09/2023,Henrique Oliveira,eletronicos,"R$ 1.356,57"
1416,2024-01-12  ,"",Livros,"607,51"
1417,2023-04-16,Lucas Gomes,Esporte,"1.612,81"
  1418,30/01/2024,Carla Almeida,Casa,"2.897,36"
1419,2023-06-27,Tiago Martins,Esporte,USD 345.66
1420,2023-10-15,Eduarda Klein,"",$ 3727.74
1421,2023-08-02,Diego Ribeiro,esporte,"R$ 1.822,19"
1422,2024-04-05,Karina Almeida,casa_decoracao,"4.037,84"
1423,2024-09-11,Nuno Klein,Casa,"R$ 1.653,73"
1424,2024-06-04,Gabriela Jesus,Esporte,"R$  2.179,03"
1425,19/03/2024  ,Carla Jesus,ELETRONICOS,"4.757,00"
1426,20/03/2023,Rafael Oliveira,Eletrônicos,"4.435,46"
1427,2023-12-02,"",Casa,"R$ 3.911,27"
1428,28/09/2023,Sofia Oliveira,Esporte,"639,16"
1429,17/05/2024,Felipe Nogueira,Casa,"R$ 3.806,96"
1430,2023-11-27,Henrique Almeida,eletronicos,$ 2754.78
1431,2024-01-13,  Paulo Pereira,Livros,"0,00"
1432,2024-10-05,Mariana Ribeiro,Livros,"2.694,76"
1433,Apr 04 2024,Diego Pereira,Casa,$ 2078.64
1434,2024-09-11,Paulo Jesus,Casa,"4.704,98"
1435,Jan 29 2023,Henrique  Queiroz,Livros,"768,25"
1436,2024-04-27,Gabriela Barbosa,Eletrônicos,USD 4257.64
1437,2023-09-08,Karina Oliveira,Casa,"  R$ 667,85"
1438,2024-08-07,Carla Barbosa,Casa,"R$ 2.118,17"
1439,2023-04-15,Karina Ribeiro,Livros,"R$ 1.573,17"
1440,2019-08-25,Nuno Nogueira,Livros,"3.706,30"
1441,2023-06-18,Henrique Almeida,Esporte,"R$ 4.278,85"
1442  ,2023-03-10,Carla Santos,Eletrônicos,"1.081,51"
1443,03/01/2023,Vitória Jesus,Eletrônicos,"R$ 4.582,37"
1444,21/02/2024,Paulo Queiroz,MODA,$ 3377.39
1445,24/12/2023,Vitória Ribeiro,Casa,"R$ 3.018,90"
1446,2023-06-24 10:30:00,Sofia Nogueira,  Esporte,USD 2313.85
1447,2024-07-14,Bruno Barbosa,Esportes,"652,92"
1448,05/09/2023,Bruno Teixeira,Eletrônico,"1.489,69"
  1449,2023-03-06,Bruno Gomes,outros,"2.672,88"
1450,24/11/2023  ,Nuno Henriques,Casa,USD 2800.04
1451,2023-11-11,Vitória  Duarte,"","3.745,33"
1452,2023-09-14,Diego Nogueira,Livros,USD 436.74
1453,2023-05-30,Gabriela Jesus,Eletrônicos,""
1454,19/05/2024,Eduarda Santos,Eletrônicos,USD 4800.65
1455,  2023-05-06,Lucas Carvalho,Moda,"4.978,33"
1456,2024-07-19,Felipe Jesus,"","R$ 4.433,42"
1457,2023-09-21,Rafael Teixeira,Livros,"R$ 486,78"
1458,Mar 29 2024,Mariana Martins,Esporte,"R$ 3.301,14"
1459,18/07/2023,Ana Jesus,Esportes,$ 2894.92
1460,2023-11-27,Sofia Ferreira,esporte,"1.312,55"
1461,Feb 23 2024,Bruno Teixeira,vestuario,"1.293,79"
1462,02/06/2023,  Felipe Martins,Esporte,USD 4532.13
1463,Jun 10 2024,Sofia Klein,Livros,"111,87"
1464,01/05/2024,Carla Henriques,vestuario,"R$ 3.939,90"
1465,2024-12-03,João Ribeiro,Moda,$ 3745.22
1466,2024-01-02,Nuno Klein,Esporte,"R$ 4.677,18"
1467,2023-07-16,Carla Lopes,Modas,"3.800,65"
1468  ,18/09/2023,Bruno Carvalho,Esporte,"R$ 998,47"
1469,2024-05-12,Lucas Lopes,Livros,"R$ 4.463,73"
1470,2023-05-20,Karina Gomes,Casa,"782,48"
1471,  24/06/2023,Lucas Lopes,Moda,"2.280,36"
1472,2024-10-18,João Nogueira,"","R$ 131,31"
1473,08/03/2023,Lucas Martins,Esporte,USD 1547.58
1474  ,08/09/2023,Karina Teixeira,Livros,"R$ 2.919,47"
1475,2024-03-18,Paulo Duarte  ,Livros,USD 33.21
1476,2023-08-04,Olívia Pereira,Eletrônicos,"R$ 3.223,70"
1477,11/12/2024,Eduarda Ferreira,Casa,"R$ 537,04"
1478,2024-09-26,Eduarda Henriques,Esporte,"4.172,42"
1479,Apr 11 2023,Mariana Barbosa,Esporte,"R$ 3.887,14"
"",2023-09-15,Tiago Pereira,eletro,"4.049,77"
  1481,2024-13-14,Paulo Klein,  LIVRO,n/a
1482,2024-01-28,Isabela Teixeira,misc  ,"R$ 4.720,96"
1483,22/08/2024,  Mariana Henriques,Moda,"4.397,48"
1484,2023-03-29,Henrique Martins,Moda,"3.025,29"
1485,Nov 18 2023,Tiago Oliveira,Eletrônicos,"995,89"
1486,2024-10-05,Lucas Santos,Livros,"1.726,26"
1487,25/05/2023,Rafael Nogueira,esporte,"R$ 3.987,07"
1488,2024-10-19,Eduarda Lopes,Casa,"4.818,56"
1489,2023-03-20,Diego Santos,Casa e Decoração,"4.831,56"
1490,15/03/2024,Diego Santos,Casa,"R$ 3.359,68"
1491,Apr  24 2023,Felipe Santos  ,livros,"R$ 1.986,11"
1492,  2024-04-21,Vitória  Martins,"","4.194,07"
1493,2024-11-03,Rafael  Nogueira,  MODA,"R$ 1.655,57"
1494,15/09/2024,Mariana Jesus,ESPORTE,"R$ 3.232,28"
1495,2023-03-12  ,Lucas Santos,  Moda,"R$ 2.332,93"
1496,2023-12-16,Mariana  Almeida,Eletrônicos,"2.760,41"
1497,2024-05-30,Gabriela Vasconcelos,Eletrônicos,"R$ 1.644,44"
1498,2023-06-16,João Barbosa,ELETRONICOS,"1.850,43"
1499  ,13/04/2023,Paulo Carvalho,  Eletrônico,"303,63"
1500,11/10/2024,Tiago Lopes,Livros  ,"2.278,15"
1501,2024-11-02 10:30:00,Tiago Pereira,Moda,"R$ 1.196,63"
1502,26/05/2024,Isabela Lopes,Eletrônicos,"R$ 234,94"
1503,2023-12-16,Felipe Queiroz,misc,"  4.696,75"
1504,2024-13-29,Olívia Martins,Casa,"R$ 3.954,63"
1505,16/08/2024,"",Livros,"R$ 4.216,54"
1506,2023-08-12,Nuno Santos,Esporte,"2.291,44"
1507,2024-04-24,Olívia Carvalho,eletro,"633,34"
1508  ,2023-07-26,Gabriela Henriques,diversos,"R$ 1.164,02"
1509,2023-13-22,Ana Nogueira,vestuario,"3.896,27  "
1510,2024-06-27,  Sofia Lopes,Livros,USD 4809.03
1511,2023-01-07,Olívia Oliveira,Casa,"2.408,23"
1512,2024-08-27,Felipe Duarte,Eletrônicos,-
1513,2024-08-13,Sofia Queiroz,livraria,"R$ 3.503,62"
  1514,Aug 14 2024,João Duarte,MODA,"  R$ 2.365,09"
1515,2024-12-21,Ana Carvalho,Livros  ,"2.003,32"
1516,2024-10-27,Diego Martins,Esporte,"1.164,16"
1517,2024-08-09,Rafael Queiroz,Moda,"R$ 3.227,76"
1518,2023-10-02,Sofia Lopes,Eletrônicos,$ 240.40
1519,2024-08-08,Diego Santos,casa,"R$ 2.260,31"
1520,Dec 18 2023  ,Lucas Lopes,Eletrônicos,"R$ 2.228,79"
1521,2023-13-14,João Santos,Moda,USD 3013.78
1522,Apr 05 2024,Nuno Pereira,casa_decoracao,"R$ 1.725,78"
1523,2024-02-20,João Henriques,Eletrônicos,"R$ 3.818,45"
1524,2024-10-03 10:30:00,Bruno Teixeira,ESPORTE,"R$ 2.087,22"
1525,2023-02-03,Vitória Henriques,diversos,"4.153,47"
1526,2023-07-06,Carla Jesus,Casa,$ 77.29
1527,04/04/2024,Felipe Ferreira,Moda,"R$ 1.628,36  "
1528,2023-06-22,Felipe Klein,Moda,""
1529,18/03/2024,Olívia Oliveira  ,Casa,"4.212,47"
1530,2023-05-28,Bruno Oliveira,Casa,"R$ 3.116,76"
  1531,07/07/2023,Lucas Ferreira,Esporte,"4.138,79"
1532,02/08/2023,  Henrique Oliveira,vestuario,$ 2858.27
1533,2023-09-12,Karina Duarte,Livros,"  R$ 2.680,34"
1534,04/12/2024,Karina Nogueira  ,Eletrônicos,"  R$ 4.281,27"
1535,20/12/2023,Lucas Henriques,Casa,"360,38"
1536,Feb 06 2024,Henrique  Ferreira,Moda,$ 3922.69
1537,01/09/2023,Ana Almeida,Eletrônicos,USD 3042.78
1538  ,2023-08-09,Nuno Almeida,  ESPORTE,-
1539,2024-06-09,Sofia Duarte,vestuario,"1.230,18"
1540,2024-09-02  ,Lucas Barbosa,Livros,"R$ 3.797,36"
0,2023-13-25,João Pereira,Moda,"R$ 2.340,71"
1542,2024-06-16 10:30:00,Tiago Teixeira,Casa,"2.069,58"
1543,2024-01-17,Sofia Lopes,Eletrônico,  USD 3350.10
1544,03/08/2023,Eduarda Almeida,Moda,"  1.669,36"
1545,2024-07-24  ,Tiago Ferreira,Eletrônicos,"R$ 82,71"
1546,2023-13-30,Bruno Ribeiro,Eletrônicos,"1.059,44"
1547,2023-07-27,João Henriques,eletronicos,"3.082,48"
1548,2024-02-27 10:30:00,Isabela Oliveira,Moda,"516,70"
1549,2023-09-13  ,Henrique Klein,outros,"4.242,21"
1550,2024-10-06,Rafael Almeida,Livros,"0,00"
1551,04/02/2023,  Mariana Gomes,Casa e Decoração,"4.054,53"
1552,2024-07-11,  Gabriela Carvalho,livros,USD 4715.30
1553,2023-09-27,Vitória Henriques,livros,n/a
1554,22/09/2024,Karina Nogueira,  Esportes,"2.769,42"
1555,2024-07-29,João Almeida,Casa,"R$ 1.587,63"
1556,2023-10-09,Mariana Pereira,Esporte,USD 540.55
1557,  2024-04-28,Bruno Pereira,  eletro,"2.910,89"
1558,02/04/2023,Mariana Klein,livros,"1.765,54"
1559  ,25/03/2023,Sofia Vasconcelos,casa,"206,38"
  1560,2024-10-12,Rafael Teixeira,Casa,"1.247,03"
1561,  2023-08-16 10:30:00,Karina Teixeira,esporte,"R$ 2.231,37"
1562,2023-01-25,Carla Jesus,Eletrônicos,"R$ 2.967,12"
1563,17/12/2023,Felipe Henriques,Eletrônicos,"R$ 3.639,17"
1564,2024-10-03,Lucas Gomes,Eletrônicos,"R$ 2.292,17"
1565,2023-06-05,Gabriela Santos,Esporte,"R$ 4.180,40"
1566,  Sep 05 2023,Gabriela Duarte,Livros,"R$ 2.163,01"
1567,2023-05-20,Mariana Teixeira,Moda  ,"R$ 1.524,88"
1568,2024-05-12,"",Esporte,USD 3483.41
  1569,2023-05-10,Bruno Lopes,"","R$ 286,76  "
1570,2024-08-22,Sofia Jesus,Esporte,"R$ 4.279,10"
1571,2024-08-09 10:30:00,Sofia Nogueira,Moda,USD 3332.55
1572,Jan 07 2024,Nuno Carvalho,Moda,"R$ 698,12"
1573,2024-10-15,Henrique Almeida,livros,"1.208,59"
1574,31/05/2023,Tiago Carvalho,Moda,$ 4499.59
1575,2024-08-20,Vitória Teixeira,Moda,"R$ 2.083,61"
1576,09/07/2024  ,Diego Duarte,vestuario,"R$ 2.607,72"
1577,2024-10-17,Felipe Queiroz,  Esportes,"98,63"
1578,2023-01-24,Gabriela Lopes,Eletrônicos,""
1579,11/04/2024,Tiago Gomes,Casa,"  1.743,95"
  1580,2024-02-05,Olívia Almeida,Esporte,"3.270,93"
1581,10/07/2024,Mariana Henriques,misc,"R$ 847,07"
1582,2024-04-28,  Rafael Ribeiro,Moda,"1.778,23"
1583,2024-07-11,Carla Oliveira,Moda,"R$ 1.062,23"
  1584,2023-03-24 10:30:00,Diego Vasconcelos,Esporte,$ 4387.14
1585,25/06/2024,Gabriela Jesus,Casa e Decoração,"R$ 591,14  "
1586,2024-03-08,  Nuno Vasconcelos,Esporte,$ 1047.29
1587,2023-02-01,João Klein,Casa,"  R$ 492,83"
1588,2023-01-07,Ana Vasconcelos,Livros,"3.658,67"
1589,2024-07-19,Karina Ribeiro,Moda,"1.190,05"
1590,2024-11-23,Lucas Barbosa,Eletrônico,"1.609,93"
1591,2024-03-31,Tiago Almeida,Eletrônico,"R$ 3.990,89"
1592,2023-05-15,Henrique Martins,Casa,"1.834,61"
1593,2023-13-01,Gabriela Pereira,ESPORTE  ,"R$  2.069,68"
1594,27/06/2024,Bruno Duarte,MODA,"R$  2.983,03"
1595,2024-06-12,Henrique Almeida,livros,"3.657,25"
1596,Dec 03 2023,Bruno Henriques,Livros,"R$ 4.414,03"
1597,2023-09-22,Tiago Pereira,moda,"R$ 2.491,73"
1598,2024-12-01,Isabela Klein,Eletrônicos,"R$ 3.723,44"
1599,2023-13-22,Ana Jesus,Esporte,"2.587,74"
1600,2024-01-08 10:30:00,Karina Pereira,Moda,"4.930,40"
1601,11/12/2024,Olívia  Duarte,Livros,"3.435,97"
1602,2024-12-29,João Almeida,Moda,"R$ 4.769,64"
1603,07/02/2024,Felipe Pereira,Casa,"1.326,82  "
1604  ,2023-02-04  ,Lucas Lopes  ,Livros,"0,00"
1605,2023-10-08,Mariana Duarte,Eletrônicos,"484,17"
1606  ,2023-06-07,Eduarda Santos,Eletrônicos,"R$ 3.480,25"
1607,2023-08-06 10:30:00,Nuno Almeida,Livros,"R$ 4.615,27"
1608,25/02/2024,Rafael Ferreira,Moda,"R$ 4.100,86"
1609,  2024-01-19,Ana  Nogueira,ESPORTE,"R$ 4.589,15"
1610,2024-09-05,Felipe  Duarte,Eletrônicos,"R$ 3.436,85"
1611,26/04/2023,"",Eletrônicos,"R$ 229,64"
1612,  2024-04-09,Karina Klein,Casa,"3.949,83"
1613,23/03/2023,Felipe Oliveira,Esportes,"1.840,63"
1614,2024-03-12,Isabela Pereira,Casa,$ 2315.42
1615,16/12/2024,Nuno Lopes,Livros,"728,32"
1616,20/05/2023,Eduarda Nogueira,Eletrônicos,"R$ 2.198,49  "
1617  ,2024-06-11,"",Livros,"R$ 2.893,98"
1618,26/09/2023,Lucas Henriques  ,Casa  e Decoração,  USD 3026.93
1619,02/12/2024,Diego Martins,Livros,"R$ 2.366,53"
1620  ,  2023-06-05,João Oliveira,Eletrônicos,  USD 4145.97
1621,2023-12-23,Tiago Queiroz,Moda,USD 79.43
1622,2024-12-10,Karina Henriques,Livros,"R$ 3.745,09"
1623,  19/06/2023,Carla Nogueira,Casa,"4.706,02"
1624,Mar 09 2024,Mariana Teixeira,Esporte  ,"4.503,63"
1625,17/06/2024,Mariana Ribeiro,casa_decoracao,-
1626,2023-09-19,  Ana Teixeira,  Esporte,"R$ 1.232,24"
1627  ,14/03/2023,Isabela Oliveira,Esporte,"2.989,71"
1628,2024-12-12,Isabela Santos,"","755,79"
1629,2019-06-19,Felipe Teixeira,Livros,USD 3055.94
1630,2024-01-31,"",Moda,"R$ 2.746,67"
1631,2023-12-11,Isabela Martins,Esporte,"R$ 4.713,89"
1632,2023-10-28,Rafael Jesus,Casa,USD 4591.05
1633,2019-06-18,Nuno Ferreira  ,Casa,"R$ 1.059,51"
1634,2023-09-06,Lucas Oliveira  ,Eletrônicos  ,"R$ 697,57"
1635,2023-11-20,Diego Nogueira,misc,"R$ 1.511,19"
1636,Mar 11 2023,Felipe Klein,Casa,"543,40"
1637,18/02/2023,Nuno Carvalho,Casa,"R$  2.018,21"
1638,30/06/2023,Carla Ferreira,Esporte,"R$ 4.557,51"
1639,2023-06-10,Sofia Klein,Eletrônicos,"0,00"
1640,2023-06-21,Felipe Almeida,Livros,"R$ 651,13"
1641,  2024-04-27,Olívia Nogueira,vestuario,"1.357,47"
1642,2024-10-13  ,Paulo Henriques,livraria,"R$ 4.198,45"
1643,2023-05-09,Henrique Esteves,Casa,"132,65"
1644,2024-12-18,Tiago Pereira,Livros,USD 2393.32
1645,2024-06-24,Karina Nogueira,Casa,"4.490,02"
1646,18/10/2023,Karina Martins,livraria,"1.210,66"
1647,2024-02-27,Sofia Vasconcelos,eletronicos,"R$ 2.887,47"
1648,2024-03-10,Bruno Lopes,Esporte,"R$ 104,09"
1649,2024-11-02,Felipe Ribeiro,Eletrônicos,"2.168,35"
  1650,2024-08-06,Lucas Almeida,Casa,"687,12"
1651,2024-10-01,Felipe  Lopes,casa,"3.871,93"
1652,05/04/2023,Lucas Queiroz,Casa,"3.950,86"
1653,25/05/2023,Bruno Gomes,Casa,"R$ 475,80"
1654,28/08/2023,Ana Teixeira,Moda,"  213,02"
  1655,14/09/2024,Carla Esteves,Moda,"449,81"
1656,2024-01-11,Gabriela Gomes,Esporte,"R$ 2.742,79"
1657,13/12/2024,Rafael Carvalho,Eletrônico,USD 2637.13
1658,2023-07-12,  Tiago Duarte,esporte,"1.617,86"
1659,2023-02-25,Carla Queiroz,Moda,USD  593.25
1660,2023-09-12,Isabela Teixeira,Eletrônicos,"R$ 2.383,72"
1661,2023-08-20,Mariana Gomes,Eletrônicos,"R$ 2.528,51"
1662,01/02/2023,Tiago Vasconcelos,vestuario,USD 1739.53
1663  ,11/09/2023,Olívia  Barbosa,"","R$ 2.623,55  "
1664,2023-11-02,Ana Nogueira,Esporte,"2.717,13"
0,2023-05-26,Karina Santos,Moda,"R$ 1.385,90"
1666,2023-11-15 10:30:00,Felipe Henriques,Esporte,"993,08"
1667,  2024-01-08,Nuno Oliveira,Casa  ,"R$ 1.343,09"
1668,2024-02-14,Isabela Martins,Eletrônicos,"R$ 1.279,92"
1669,2024-07-05  ,Diego Klein,Eletrônicos,$ 2591.09
1670  ,Jun 29 2023,Rafael Henriques,Casa,"R$ 4.957,51"
1671,2023-12-13,Lucas Oliveira,eletronicos,USD 4776.34
1672,2023-10-01,Diego Pereira,Moda,"3.296,75"
1673,2024-09-11,Nuno Martins  ,diversos,"R$ 3.471,28"
1674,2024-04-30,Bruno Almeida,Moda,"R$ 3.309,92"
1675,  2024-08-12,Eduarda  Carvalho,Livros,"R$ 2.186,42"
1676,2024-04-02,João Pereira,Casa,"R$ 1.578,58"
1677,04/04/2023,Bruno Barbosa,Eletrônicos,USD 3421.06
1678,Aug 02 2024,João Carvalho,casa_decoracao,"R$ 4.005,25"
1679,2024-11-21,Paulo Martins,Livros,"R$ 260,28"
1680,2024-07-27,Carla Ribeiro,Livros  ,"R$ 2.980,06  "
1681,2024-01-26,Carla Duarte,ESPORTE,"878,60"
1682,Dec 11 2023,Felipe Henriques,Livros,"R$ 3.644,73"
1683,2023-03-30,Sofia  Almeida,Moda,"2.935,44"
  1684,2023-08-09,Lucas Pereira,Casa,"4.874,98"
1685,22/01/2023,Henrique Queiroz,Eletrônicos,"4.595,94"
1686,05/02/2023,Rafael Henriques,Casa,"R$ 2.468,16"
1687,20/11/2024,Karina Nogueira,Moda,"467,08"
1688,18/07/2023,Eduarda Esteves,Livros,"R$ 1.144,02"
1689,2023-08-17 10:30:00,Vitória Barbosa,Livros,"R$ 215,19"
1690,2023-05-06,Sofia Gomes,Esporte,n/a
1691,2024-05-19,Gabriela Jesus,Esporte,USD 4732.46
1692,2024-08-16,Bruno Henriques,Livros,"284,82"
1693,2023-07-15,Gabriela Duarte,Esporte,"1.847,90"
1694,2024-03-26,Rafael Martins,Eletrônicos,"2.710,38"
1695,09/04/2023,Sofia Henriques,Moda,-
1696,2024-01-07,Isabela Esteves,ESPORTE,n/a
1697,2024-12-11,Henrique Ferreira,Esporte,"4.819,51  "
1698,Oct 26 2024,Bruno Nogueira,Moda,"4.355,86"
1699,Jan 01 2023,Karina Ferreira,Livros,"R$ 2.837,97"
1700,2023-12-11,João Almeida,Esporte,"1.823,80"
1701,04/04/2023,"",Livros,"3.420,11"
1702,2023-07-29,Rafael Pereira,Moda,"R$ 45,24"
1703,2024-03-28,Eduarda Oliveira,Livros,"3.459,71"
1704,2024-09-23,Vitória Gomes,livraria,"R$ 4.747,99"
1705,19/09/2023,Gabriela Henriques,Esporte,"R$ 4.723,95"
1706,2024-03-29,João Pereira,Esporte,"R$ 4.882,81"
1707,2023-06-11,Bruno Esteves,Esporte,"R$ 1.961,42"
1708,2024-02-20  ,Felipe Duarte,Eletrônicos,"R$ 2.531,38"
1709,Aug 24 2024,Gabriela Queiroz  ,  LIVRO,"3.291,53"
1710,2023-11-17,Sofia Oliveira,Eletrônicos,$ 3942.58
1711,15/02/2024,"",Esporte,"  148,92"
1712,Dec 29 2023,Diego Santos  ,Casa,"4.045,10"
1713,2023-05-04,Tiago Henriques,Esporte,"R$ 3.978,05"
  1714,25/07/2024,Lucas Almeida,Eletrônicos,"1.115,32  "
1715,  2023-08-07,Carla Queiroz,Esporte,"R$ 1.289,01"
1716,  02/03/2023,Tiago Martins,Livros,$ 606.83
1717,24/08/2023,Vitória Vasconcelos,Modas,"R$ 2.549,13  "
1718,2024-03-16,Rafael Vasconcelos,Eletrônicos,"3.172,99"
1719,2023-02-20,Nuno Almeida,Livros,"4.451,08"
1720,26/05/2024,Isabela  Barbosa,Esporte,"1.332,45"
1721,Feb 05 2023,Eduarda Pereira,Livros,"3.194,96"
1722,2024-09-25,João Vasconcelos,Livros,"3.378,22"
1723,2023-10-20,Rafael Nogueira,Casa,"R$ 2.919,98"
1724,2024-02-04,Sofia Nogueira,Moda,"4.706,37"
  1725,2023-06-11,Paulo Klein,diversos,"R$ 2.495,71"
1726,04/02/2023,"",Esporte,"R$ 331,19"
1727,Aug 22 2023,Carla Gomes,Esportes,""
1728,2024-12-29,  Vitória Carvalho,Esportes,"562,64"
  1729,2023-09-29,Gabriela Pereira,Livros,"1.532,24"
1730,2024-11-28,Rafael Carvalho,Eletrônicos,"R$ 769,77"
1731,2023-12-07,Paulo Pereira,Casa,"1.516,16"
1732,2023-07-10,Karina Gomes,Eletrônicos,"3.790,21"
1733,2024-04-28,Isabela Pereira,Livros,USD  659.73
1734,17/11/2023,Gabriela Nogueira,Esportes,"R$ 1.992,28  "
1735,05/05/2023,"",Casa,"R$ 4.338,10"
1736,2024-09-19,  Diego Duarte,casa,"R$ 4.664,59"
1737,2023-10-29  ,Vitória Queiroz,Esporte,"3.141,29"
1738,  2024-01-11,Eduarda Queiroz,Moda,"655,05"
1739,2024-07-24,Olívia Almeida,Moda,"4.393,43"
1740,2024-04-15,"",Livros,"82,25"
1741,2023-07-05,Sofia Esteves,Moda,"R$ 2.694,60"
1742,2023-01-12,Lucas Teixeira,Livros,  USD 2022.97
1743,Jul 30 2023,Rafael Jesus  ,ESPORTE,"R$ 3.994,90"
1744,2024-12-25,"",Moda,"492,16"
1745,27/12/2024,Isabela Ferreira,Moda,"1.058,41"
1746,2024-05-02,Tiago Gomes,Esporte,"R$ 464,53"
  1747,  01/11/2023,Paulo Esteves,Esporte,"R$ 2.041,63"
ORD-1023,2023-07-23,Isabela Queiroz,eletronicos,"R$ 2.631,81"
1749,2024-10-05,Vitória Teixeira,Casa,"R$ 4.611,31"
1750,2024-02-08,Felipe Gomes,Livros,$ 2553.85
1751,23/10/2024,Olívia Vasconcelos,Livros,"1.554,73"
1752,2024-08-23,Karina Oliveira,Esporte,"332,77"
1753,2024-08-28,Gabriela Gomes,LIVRO,"R$ 768,66"
1754,09/12/2023,Mariana Nogueira,Esporte,"1.756,96"
1755,13/05/2023,Lucas Henriques,Moda,""
1756,2024-09-30,Ana Henriques,casa,"R$ 56,20"
1757,2024-02-21,  João Ribeiro,outros,$ 1122.33
1758,2023-13-21,Karina Duarte,misc,"2.591,73"
1759,30/09/2023,Mariana Oliveira,MODA,"3.922,47"
1760,2023-04-01,Paulo Oliveira,misc,"R$ 1.652,54"
1761,2023-08-30,Ana Oliveira,Casa e Decoração,"1.362,22"
1762,03/12/2024,Bruno Ferreira,Eletrônicos,"R$ 2.174,42"
1763,2023-09-02,Mariana  Duarte,esporte,"2.998,51"
1764,  2024-05-27,Karina Ribeiro,Eletrônicos,$ 4016.35
1765,2024-07-04,João Pereira,Casa,USD 1286.11
1766,Sep 26 2023,Paulo Ferreira,esporte,"R$ 4.098,62"
1767,  30/11/2023,Rafael Jesus,Casa,"4.506,07"
1768,17/12/2023,Vitória Vasconcelos,Eletrônicos,"3.251,20"
1769,19/06/2023,Lucas Nogueira,  Eletrônicos,-
1770,2023-05-01,Vitória  Martins,Esporte,$ 657.34
1771,Nov 05 2023,Diego Barbosa,Eletrônicos,"R$ 3.549,17"
1772,2023-06-03,Karina Lopes,Eletrônicos,USD 743.56
1773,2024-05-31 10:30:00,Lucas Martins,Livros,"414,57"
1774,03/12/2023,Isabela Ribeiro,Eletrônicos,"3.815,01"
1775,2023-09-19,João Barbosa,Casa e Decoração,"3.922,79"
1776,2024-12-29,Eduarda Pereira,Casa,"  R$ 2.492,78"
1777,2023-10-23,Henrique Queiroz,Esportes,"R$ 1.667,65"
1778,Apr 19 2023,Eduarda Gomes,Casa,"R$ 786,87"
1779,22/01/2023,Diego  Esteves,Moda,"R$  1.002,50"
1780,2023-10-17,Karina Santos,Casa,"4.156,43"
1781,2024-11-04  ,Nuno Oliveira,  Esporte,"  1.521,21"
1782,2024-04-27,Felipe Carvalho,Esporte,"R$ 1.930,46"
1783,2024-06-14 10:30:00,Sofia Martins,Eletrônicos  ,n/a
1784,2023-10-19,Vitória Gomes,Moda,"R$ 2.508,33"
1785,2023-03-06 10:30:00,Vitória Gomes,Casa,USD 3783.71
1786,2023-11-03,Carla Ferreira,Livros,$ 4083.70
1787,2024-03-20,Olívia Vasconcelos,Casa,"2.228,76"
1788,  2024-01-29 10:30:00,Gabriela Teixeira,Casa e Decoração,"R$ 1.568,16"
1789,2024-08-01,Isabela Teixeira,Livros,USD 4488.02
1790,23/10/2024,Mariana Santos,Moda,"2.439,60"
1791,17/06/2024,Paulo Ribeiro,Casa,"4.003,59"
1792,16/04/2024,Sofia Almeida,outros,"R$ 675,97"
  1793,2023-08-18,Bruno Martins,Casa,"R$ 4.001,37"
  1794,2023-02-21,Carla Teixeira,Esporte,$ 1714.44
1795,2023-13-10,Tiago Ribeiro,Livros,"R$ 946,84"
1796,2024-06-01,Carla Queiroz,outros,"R$ 2.652,57"
1797,22/01/2023,Eduarda Queiroz,"","2.157,00"
1798,2023-01-07,Paulo Martins,Eletrônicos,""
1799,2023-07-25,Diego Klein,Moda,"R$ 431,59"
1800,2023-07-26,  Nuno Martins,Eletrônicos,"R$ 1.671,75"
1801,2023-11-18,Ana Martins,Livros,"0,00"
1802,2024-12-05,Felipe Henriques,Moda,"1.171,80"
1803,2024-04-29,Olívia Teixeira,Moda,"R$ 756,34"
1804,2023-01-26,Bruno Klein,Eletrônicos,"R$ 3.898,91"
1805,2023-09-01,"",Casa,"283,47"
1806,Feb 03 2023,Eduarda Duarte,Eletrônicos,"R$ 574,17"
1807,2024-10-04,Paulo Carvalho,Esporte,"R$ 3.032,90"
1808,28/02/2023,Lucas Teixeira,Livros,"R$ 3.258,61"
1809,2023-11-04,Lucas Klein,Casa,"1.028,82"
ORD-1023,2023-01-13,Karina Oliveira,Moda,"2.064,67"
1811,2024-06-08  ,Ana Duarte,"","1.116,70"
1812,2023-02-20,Eduarda Queiroz,Moda,"3.347,57"
1813,2024-01-30,Diego Duarte,Livros,"R$ 2.017,68"
1814,2023-04-25,Felipe Esteves,diversos,"1.215,67"
1815,27/12/2023,Paulo Martins,Livros,"R$ 2.091,53"
1816,2023-10-16 10:30:00,Vitória Henriques,Esporte,"R$ 3.279,25"
  1817,2023-02-06,Vitória Gomes,Livros,"760,31"
1818,2024-10-04,Sofia Queiroz,Eletrônicos,USD 3992.44
1819,2024-11-22,Sofia Queiroz,esporte,"4.274,51"
1820,2023-03-26,Olívia Ribeiro,Eletrônicos,"3.610,93"
1821,2024-05-09,Tiago  Carvalho,MODA,"R$ 3.210,20"
1822,2024-04-15,Vitória Jesus,Moda,"3.224,71"
1823,16/04/2024,Rafael  Santos,Eletrônicos  ,"4.614,31"
1824,30/04/2024,Gabriela Martins,esporte,"  373,43"
  1825,Aug 23 2024,Olívia Lopes,  Casa,USD 463.80
1826,2024-12-04,Felipe Klein,Casa,"R$ 36,06"
1827,2023-09-13,Ana Queiroz,Eletrônicos,"R$ 1.395,10"
1828,  2023-02-21,  Henrique Teixeira,Eletrônico,"R$ 684,42"
1829,2024-01-28,Vitória Lopes,Eletrônicos,"R$ 626,59"
1830  ,10/03/2023,Nuno Lopes,Livros,"R$ 2.377,22"
1831,Oct 20 2024,João Ferreira,esporte,"R$ 3.759,60"
1832,  2023-06-22,Eduarda Almeida,Moda,n/a
1833,30/05/2024,Rafael Nogueira,esporte,USD 949.09
1834,Nov 16 2023,Tiago Duarte,casa,"R$ 146,55"
1835,2023-06-24,Henrique Klein,Casa,"754,57"
1836,2023-13-11  ,"",Moda,"  811,21"
1837,29/10/2024,Tiago Santos,Livros  ,"4.856,30"
1838,2024-12-05,Henrique Gomes,Casa,""
1839,2024-04-18,Eduarda Martins,Livros,"4.057,07"
1840,31/12/2024,Sofia Lopes,Moda,"3.978,46"
1841,2024-03-12,  Paulo Barbosa,Moda,"1.170,00"
1842,28/10/2024,Henrique Klein,Eletrônicos,"R$ 4.982,37"
1843,2024-09-18  ,Mariana Gomes,Livros,"R$ 643,51"
1844,2024-01-03,Felipe Ferreira,Esporte  ,"4.125,01"
1845,2024-12-21,Diego Almeida,Livros  ,"4.304,73"
1846,2024-05-23,Eduarda Esteves,Moda,"R$ 3.937,68"
1847,25/04/2023,Carla Pereira,Esporte,"1.165,39"
1848,2023-06-15,Karina Teixeira,Livros,USD 3038.86
1849,2024-03-18,Karina Teixeira,eletronicos,$ 3530.09
1850,2024-12-24,Sofia Carvalho,Moda,$ 3178.68
1851  ,  2023-01-12,Eduarda Almeida,Casa,"R$ 1.547,42"
1852,24/04/2023,Henrique Lopes,Livros,"3.803,22"
1853,14/05/2023,Paulo Nogueira,Eletrônicos,"3.796,57"
1854,2024-01-15,Gabriela Ribeiro,ELETRONICOS,$ 4854.41
1855,2024-08-24,Karina Ribeiro,Esporte,"2.291,59"
1856,11/02/2023,Diego Martins,Casa,"547,90"
1857,2023-07-15,Tiago Ferreira,Esporte,n/a
1858,2024-10-12,Lucas Gomes,casa_decoracao,"3.250,74"
1859,2024-06-12 10:30:00,Nuno Pereira,Esporte,"R$ 4.636,17"
1860,2023-05-24,Ana Jesus,"","R$ 3.803,09"
1861,2024-12-10,"",Eletrônicos  ,n/a
1862,2023-05-10 10:30:00,João Queiroz,  outros,"429,00"
1863,2023-10-20,Henrique Almeida,Moda,"2.659,38"
1864,28/02/2023,Henrique Ribeiro,Livros,"4.667,88"
1865,2024-11-27,Carla Ribeiro,casa,"R$ 1.798,80"
1866,2023-01-23,Henrique Pereira,Moda,"1.493,80"
1867,30/07/2023,Karina Jesus,eletronicos,$ 77.56
1868,2024-11-22,Felipe Oliveira,Livros  ,"R$  1.839,95"
1869,07/08/2024,João Jesus,Livros,"R$ 4.137,77"
1870,01/10/2024,Sofia Duarte,Esporte,"176,24"
1871,2024-11-16,Karina Ferreira,Eletrônicos,"R$ 246,80"
1872,2023-10-29,Lucas Ferreira  ,Livros,"4.549,62  "
0,2024-06-07,Mariana Klein,Moda,"R$ 1.837,30"
1874,2024-01-24  ,Diego  Esteves,casa,"4.888,28"
1875,16/09/2023,  Olívia Teixeira,Moda,"R$ 3.538,44"
1876,10/12/2024,João Henriques,Esporte,"R$ 4.689,45"
1877,Aug 06 2024,Isabela Lopes,Casa,"3.122,77"
1878,Nov 28 2024,Eduarda Pereira,esporte,"R$ 137,75"
  1879,Oct 05 2023,Isabela Barbosa,Livros,$ 2770.51
1880,2024-09-09,Paulo Klein,Casa,"2.638,35"
1881,22/11/2023,Gabriela Henriques,livros,"  R$ 1.095,13"
1882,2023-06-19,Gabriela Jesus,Esporte,"1.925,19"
1883,2023-12-31 10:30:00,Sofia Teixeira,Eletrônicos,"R$ 2.849,74"
1884,2024-13-18,Gabriela Jesus,Casa,"816,10"
1885,2023-01-19,"",diversos,"R$ 3.148,05"
1886,2023-09-09,Karina Teixeira,ELETRONICOS  ,"3.110,33"
1887  ,2023-07-21,"",Esporte,"R$ 4.431,33"
1888  ,2024-06-09,Nuno Queiroz  ,Esporte,"2.714,64"
1889,  Feb 05 2024,João Nogueira,Moda,$ 4557.21
1890,06/12/2024,Mariana Esteves,livros,"1.021,65"
1891,2023-02-04,Sofia Oliveira,Casa,"R$ 4.788,56"
1892,2024-04-03,Tiago Pereira,Casa e Decoração,"R$ 1.407,77"
1893,Sep  22 2023,Olívia Santos,"","2.422,18"
1894,2024-03-18  ,Tiago Esteves,Moda,USD 4764.13
1895,Jan 05 2023,Karina  Pereira,Esporte,"R$ 726,24"
ORD-1023,Jul 04 2024,Vitória Barbosa,Modas,"1.244,21"
1897,26/11/2024,Olívia Pereira,Eletrônicos,"R$ 143,85"
1898,28/08/2024,Paulo Klein,casa_decoracao,"3.191,24"
1899,Dec 25 2024,João Almeida,Casa,"R$ 627,05"
1900,2023-03-07,Vitória Ribeiro,Moda,"876,43"
1901,13/06/2023,Tiago Almeida,"",$ 4307.73
1902,2024-04-09,Paulo Carvalho,Casa e Decoração,"R$ 55,08"
1903,2024-03-26,Paulo Pereira,Livros,"1.936,19"
1904,2024-10-18,Nuno Klein,Casa,"1.451,48"
1905,2023-10-10,Ana Oliveira,Esporte,"0,00"
1906,2023-03-05,Paulo Esteves,livros,"R$ 456,67"
1907,2023-03-22,Diego Ribeiro,Eletrônicos,"  R$ 1.728,42"
1908,2024-04-13,  Lucas Pereira,esporte,"R$ 4.399,99"
1909,Mar 18 2024,Henrique Gomes,Esporte,"R$ 3.727,09"
1910,2023-05-06,Tiago Duarte,LIVRO,"2.362,70"
1911,2024-01-06,Paulo Teixeira,Livros,"R$ 4.932,30"
1912,26/11/2024,Vitória Lopes,Moda,"R$ 2.281,39"
1913,Jan 27 2024,João Jesus,moda,"1.100,69"
1914,2023-11-27,Sofia Carvalho,eletro  ,"2.983,96"
1915,2023-02-20 10:30:00,Lucas Almeida,esporte,"4.276,87"
1916,30/03/2023,Vitória Almeida,Eletrônicos,"R$ 3.518,24"
1917,2024-03-27,Olívia Esteves,Livros,"R$ 4.634,29"
1918  ,2024-08-13,Eduarda Vasconcelos,Livros,"  1.741,40"
1919,Jul 06 2024,Karina Ribeiro,Casa  ,"4.424,24"
1920,2024-03-28,Henrique Teixeira,Casa,$ 1453.00
1921,Nov 20 2024,Carla Barbosa,"","1.981,04"
1922,04/03/2024,Isabela Esteves,Eletrônicos,USD  4599.92
1923,Apr 01 2024,Karina Queiroz,Esporte,"R$ 1.105,58"
1924,10/03/2024,Paulo Pereira,Casa,USD 844.93
1925,2023-10-21,Lucas Oliveira,esporte,"R$  3.678,78"
1926,26/05/2024,Mariana Martins,Esporte,"R$ 2.070,50"
1927,2024-08-06,Isabela Ribeiro,MODA,"1.643,42"
1928,2024-05-11,Bruno Jesus,Moda,$ 3101.10
1929,25/07/2023,Eduarda Klein,Moda,"183,90"
1930,2024-03-18,Tiago Lopes,Eletrônicos  ,"3.302,28"
1931,2024-02-06,João Santos,Eletrônicos  ,"2.599,28"
1932,13/03/2024,Paulo Ferreira,Esporte,"R$ 3.893,95"
1933,Sep 12 2024,Paulo Barbosa,Casa  ,"1.219,68  "
1934,31/03/2023,Mariana Ribeiro,Esporte,"2.608,80"
1935,2023-01-20,Vitória Martins,Livros,"R$ 1.162,84"
1936,2023-05-05,Gabriela Jesus,esporte,"1.033,10"
  1937,11/06/2023,Ana Carvalho,Eletrônicos,$ 3142.71
1938,26/11/2024,Ana Teixeira,eletronicos,  $ 2981.49
1939  ,12/05/2024,Mariana Teixeira,eletronicos,"3.200,82"
1940,2023-11-13 10:30:00,Isabela Gomes  ,Esporte,"R$  382,03"
1941,2023-05-17,Sofia Ferreira,casa_decoracao,"R$ 3.599,84"
1942,21/06/2023,Ana Almeida,Esporte,"R$ 398,71"
1943,Jun 17 2023,Diego  Duarte,Esporte,"R$ 4.527,76"
1944,2024-03-19,Olívia Santos,Moda,""
1945,2023-08-28,Felipe Ferreira,misc,"4.037,63"
1946,15/10/2023,Bruno Lopes,"","2.646,96"
1947,2023-09-14,Vitória Queiroz,diversos,"4.980,02"
1948,08/01/2023,Felipe Pereira,  Esporte,"  2.750,93"
1949,2023-01-29  ,Gabriela Nogueira,Eletrônicos,"R$ 910,01"
1950  ,2023-04-01,Mariana Jesus,Livros,"4.760,64"
1951,10/09/2023,Rafael Duarte,Eletrônico,"2.045,77"
1952,2023-01-30,Bruno Teixeira,Eletrônicos,USD 4498.58
0,2023-13-24,Rafael Ferreira,Moda,$ 3093.34
1954,2024-05-29,Olívia Ferreira,Modas,"R$ 3.141,87"
1955,25/06/2024,Mariana Klein,Casa e Decoração,"1.608,71"
  1956,19/02/2024,Eduarda Queiroz,Moda,"4.695,66  "
1957,2024-01-19,Gabriela Jesus,Casa e Decoração  ,USD 4345.45
1958,30/10/2024,Gabriela Jesus,moda,"R$  2.887,18"
1959,2024-10-02,Mariana Henriques,casa_decoracao,"2.050,73"
1960,2024-03-28,Olívia Gomes  ,Esporte,"3.232,15"
1961,25/06/2024,Isabela Queiroz,Moda,USD  4789.18
1962,2023-11-04,Henrique Queiroz  ,Livros,"4.938,19"
1963,2024-09-01,Henrique Pereira,  esporte,"R$ 2.603,42"
1964,2024-08-18,"",Moda,"R$ 425,18"
1965,Sep 27 2024,Rafael Henriques,Eletrônicos,"417,97"
1966,13/10/2024  ,Olívia Ribeiro,moda,"R$ 1.405,41"
1967,Mar 11 2023,Lucas Teixeira,Esporte,"3.548,53"
1968,15/09/2024,Tiago Henriques,"","2.356,24"
1969,  2024-10-02,Lucas Teixeira,Casa,"3.863,17"
1970,2024-07-18,Vitória Nogueira,  Eletrônicos,"  3.388,33"
1971,2023-06-19  ,Mariana Klein,Casa,"R$ 670,45"
1972,2023-06-11,Henrique Queiroz,Esporte,"2.097,96"
1973,28/12/2023,Eduarda  Lopes,Moda,"R$ 4.149,81"
1974,2024-05-06,Felipe Vasconcelos,  Livros,"R$ 1.998,64"
1975,2023-02-08,Bruno Santos,Eletrônicos,"R$ 1.428,33"
  1976,2024-13-22,Paulo Nogueira,Casa e Decoração,"3.619,87"
1977,2023-03-12,Paulo Ribeiro,livros,"4.982,07"
1978,2024-01-29,  Henrique Gomes,Modas,$ 3256.84
1979,2024-04-27,Sofia Barbosa,ELETRONICOS,"4.881,70"
1980,2023-11-15,  João Lopes,eletronicos,"R$ 3.484,41"
1981,2023-08-29,Sofia Vasconcelos,MODA,"R$ 429,41"
1982,2023-09-14,"",LIVRO,$ 3167.90
1983,2024-03-06 10:30:00,Sofia Henriques,Casa,"R$ 4.458,66"
1984,2023-02-04,Lucas Ribeiro,Livros,"R$ 919,81"
1985,2023-11-04 10:30:00,Lucas Carvalho,Casa,"R$ 2.927,58"
1986,2024-08-21,"",casa,"  R$ 3.691,56"
1987,2024-05-14,Lucas Barbosa,Casa,"  3.087,35"
1988,28/02/2023,João Carvalho,Eletrônicos,"R$ 4.255,20"
1989,2024-12-02,Mariana Jesus,Casa,"912,07"
1990,Dec 13 2023,Lucas Barbosa,Livros  ,"R$ 3.717,96"
  1991,Feb 14 2023,Nuno Henriques,Livros,"1.581,26"
1992,Mar 18 2023,Lucas Nogueira,Eletrônicos,USD 3550.20
1993,2023-11-08,Tiago Ribeiro,Livros,"R$ 1.137,54"
1994  ,30/07/2024,Nuno Jesus,Eletrônicos,"2.939,69"
1995,2024-11-29,  Rafael Martins,Moda,""
1996,28/12/2023,Lucas Nogueira,casa_decoracao,"R$ 29,20"
1997,28/06/2023,  João Nogueira,casa_decoracao,"R$ 2.077,05"
1998,  2024-11-19,  Tiago Lopes,Livros,"1.015,08  "
1999,2023-08-03,Nuno Nogueira,Livros,"R$ 892,17"
2000,2024-12-01,Bruno Ferreira,esporte,"1.108,87"
2001  ,03/04/2024,Karina Oliveira,Eletrônicos,"4.144,25"
2002,2023-06-05,Vitória  Klein,  Esportes,"R$ 4.780,92"
2003,2023-10-02,Henrique Nogueira,Livros,"705,35"
2004,26/12/2024,Ana Esteves,Esporte,"3.360,39"
2005  ,2023-09-01,Sofia Oliveira,casa_decoracao,"3.540,29"
2006,2024-12-14,Lucas Teixeira  ,Livros,"R$ 1.437,83"
2007,2023-02-12,Olívia Esteves,"","4.516,94"
2008,14/08/2024,Mariana Queiroz,Moda,"R$ 2.229,62"
2009,2024-10-06,Lucas Nogueira,Casa,"R$ 984,78"
2010,2024-09-03  ,"",Casa e Decoração,"2.485,32"
2011,  2023-06-14,Diego Esteves,Moda,$ 1374.82
2012,31/01/2024,Karina Vasconcelos,eletronicos,"4.830,59"
2013,2023-11-13,João Henriques,ESPORTE,$ 3029.18
2014,2023-01-14,Eduarda Santos,Moda,USD 4515.98
2015,2023-03-06,Karina Teixeira,Esporte,"1.156,48"
  2016,2024-10-09,Felipe Ribeiro,Casa,"3.909,07"
2017,2024-12-17,Ana Ribeiro,Moda,"3.328,56"
2018,2023-01-05  ,Lucas Klein,Esporte,"544,89"
2019,2024-12-22,Sofia  Santos,Eletrônicos,USD 4850.24
2020,03/08/2023,Mariana Pereira,livraria  ,"2.370,78"
2021,2023-09-22,Diego Klein,Livros,"1.515,86"
2022,2024-09-10,Bruno Duarte,Casa,USD 578.64  
2023,21/05/2024,Lucas Barbosa,ESPORTE  ,"R$ 1.063,11"
2024,2024-10-02,Lucas Nogueira,Moda,"1.235,85"
2025,Dec 12 2023,Rafael Esteves,  Esporte,"R$ 847,37"
2026,2023-06-14,Rafael  Nogueira,Livros,"4.030,23"
2027,2024-03-30,Felipe Oliveira,Esporte,$ 3060.69
2028,2024-06-06,Ana Nogueira,Moda,"R$ 4.558,03"
2029,Sep 02 2023,Ana Barbosa,Casa,-
ORD-1023,2024-07-13  ,Lucas Pereira,Esporte,USD 989.33
2031,2024-10-02,Olívia Nogueira,misc,"R$ 2.699,98"
2032,2024-04-23,Gabriela Nogueira,livros,"R$ 228,43"
2033,Nov 16 2023,Rafael Klein,  livros,"R$  4.992,73"
2034,2024-01-20,Eduarda Ribeiro,Casa,$ 3184.92
2035,11/10/2024,"",LIVRO,"3.741,56  "
2036,28/03/2024,Karina Gomes,ESPORTE,"R$ 4.508,68"
2037,Aug 15 2023,Eduarda Carvalho,Eletrônicos,"  4.485,70"
2038,16/01/2023,Felipe Vasconcelos,eletronicos,"3.749,39"
2039,2023-03-24,Tiago Lopes,ELETRONICOS,"R$ 905,05"
2040,2024-08-23,Lucas Esteves  ,Livros,$ 4079.59
2041,13/10/2023,Vitória Carvalho,esporte,"R$ 3.756,22"
2042,2024-06-01,João Barbosa,Moda,"  2.988,06"
2043,2024-10-17,Diego Klein,Moda,$ 1609.84
2044,2023-01-29,Diego Santos,  Moda,$ 278.74
2045,2023-01-11,Isabela Martins,Esporte,"1.660,78"
  2046,2023-08-13,Bruno Klein,livros,""
2047,2023-05-16,Tiago Klein,"","R$ 1.837,35"
2048,2024-03-16,João Santos,Moda  ,"R$ 2.359,48"
2049,2024-09-16,Rafael Henriques,Modas,"3.706,91"
2050,31/08/2023,Ana Carvalho,Esporte,"R$ 2.286,87"
2051,2024-09-22,Nuno Pereira,Esporte,"  4.302,86"
2052,2023-12-18,Mariana Santos,esporte,"R$ 1.480,46"
2053,2024-12-31  ,Diego Ribeiro,Esporte,USD 3599.42
2054,2023-02-02,  Karina Pereira,Livros,"1.937,03"
2055,29/07/2024,Sofia Ribeiro,moda,"R$ 3.197,44"
2056,05/03/2023,Isabela Gomes,livraria,"R$ 4.854,32"
2057,2023-11-09,"",misc,"R$ 1.860,13"
2058,31/03/2024,Vitória Queiroz,Livros,"2.525,89"
2059,12/08/2024,Vitória Esteves,casa_decoracao,"R$ 990,36"
2060,27/07/2024,Henrique Queiroz,Eletrônicos,"R$ 3.728,61"
2061,2024-02-15,"",  livros,"R$ 4.814,84"
2062,21/05/2024  ,Eduarda Queiroz,Eletrônicos,"2.886,13  "
2063,11/06/2023,Vitória Almeida,Moda,"R$ 3.601,31"
2064,2023-03-15,Henrique Teixeira,Esporte,"R$ 647,82"
2065,22/03/2024,  Mariana Duarte,casa,USD 1301.35
2066,18/03/2024  ,Nuno Nogueira,Casa,"R$ 909,96"
2067,2024-05-27 10:30:00,Carla Pereira  ,Eletrônicos,"R$ 4.834,77"
2068,2024-10-31 10:30:00,  João Martins,casa,USD 75.34
2069,2023-10-01,Eduarda Gomes,Esporte,"2.954,22"
2070,2024-01-28,Karina Martins,Eletrônicos,"3.780,56"
2071,2023-06-26,Gabriela Jesus  ,Casa,"3.351,11  "
  2072,2023-06-02,Nuno Lopes,Modas,"214,71"
2073,  2023-10-07,Sofia Vasconcelos,Casa e Decoração,"4.324,49"
2074,2023-01-15,Ana Lopes,Esporte,""
2075,2023-10-17,Ana Lopes,Esporte,"R$ 260,02"
2076  ,27/08/2024,Felipe Duarte,eletro,"4.449,85"
2077,2024-12-23,Lucas Teixeira,Moda,"4.046,63"
2078,03/02/2024,"",eletronicos,"R$ 2.174,53  "
2079,2024-06-08,Gabriela Almeida  ,Esporte,"4.636,11"
2080,31/07/2024,Gabriela Esteves,MODA,"4.894,37"
2081,  2024-01-07,Karina Santos,Esporte,"R$ 1.016,11"
2082,30/04/2024,Lucas Teixeira,esporte,""
2083,2023-05-26,Nuno Ferreira,Livros,USD 1715.07
2084,26/04/2024,Bruno Ferreira,  Moda,""
2085,2023-01-19,Mariana  Teixeira,LIVRO,"4.969,03"
2086,2024-06-25,  Nuno Pereira,  Eletrônicos,"R$ 3.727,78"
2087,2023-09-10,Sofia Ferreira,Eletrônicos,"3.932,72"
2088,2024-09-22,Isabela  Esteves,Livros,"R$ 1.275,90"
2089,2023-10-16 10:30:00,Nuno Barbosa,livros,"R$ 3.833,20"
2090,2023-12-06,Tiago Santos,Esporte,"R$ 298,62"
2091,25/02/2023,Karina Klein,Livros,"R$ 4.751,32"
2092,2024-03-20,Nuno  Carvalho,Esporte,"1.653,19"
2093,07/10/2024,Vitória Jesus,Livros,"999,30"
  2094,2024-04-20  ,Paulo Santos,Moda,USD 2759.11
2095,2023-11-24,Paulo Lopes,eletronicos,"508,62"
2096,2024-05-10,Isabela Ferreira,Livros,"4.879,28"
2097,Dec 20 2023,Diego Teixeira,casa_decoracao,"1.043,96"
  2098,2023-05-14,Karina Santos,casa_decoracao,"R$ 3.241,66"
2099,2024-02-27,Tiago Vasconcelos,outros,"R$ 3.545,01"
2100,2023-05-03,Felipe Klein,Casa,"3.916,71"
2101,07/01/2024,Olívia Nogueira,Casa,"R$ 486,03"
2102,2024-03-01,Carla Ferreira,ELETRONICOS,"1.197,63"
2103,2023-02-09,  Carla Vasconcelos,Livros,"R$ 326,93  "
2104,2024-12-30,Bruno Klein,esporte,"4.319,62"
2105,2023-06-13,  Felipe Vasconcelos,Esporte,"R$ 1.686,10"
2106,2024-09-07,  Karina Klein,Moda,USD 3290.46
2107  ,2023-01-21,Henrique Oliveira,Esportes,USD 694.11
2108,2023-03-29,Lucas Lopes,Modas,USD 2742.45
2109,2024-12-31,Henrique Henriques,Moda,"537,08"
  2110,2023-11-14,Paulo Jesus,Casa,$  2608.64
2111,2023-11-20,João Martins,Casa,"R$ 72,37"
2112,2024-05-26,Tiago Gomes,Esporte,"R$ 3.932,51"
2113,2023-08-23,Paulo Teixeira,vestuario,USD 589.72
2114,2023-11-17,Felipe Duarte,Eletrônicos,"R$ 669,99"
2115,2024-05-13 10:30:00,Nuno Nogueira,"","R$ 1.598,69"
2116,2023-07-29,Rafael Ribeiro,Livros,"3.405,54"
2117,2024-09-07,Carla Oliveira,Esporte,"R$ 2.393,59"
2118,2023-03-16,Vitória Carvalho,Esporte,"  2.970,65"
2119,2023-01-13,Lucas Duarte,Livros,$ 3651.44
2120,2023-05-18,Henrique Henriques,Eletrônicos,"1.026,57"
2121,21/01/2023,Felipe Ribeiro,Eletrônicos,"2.808,89"
2122,2024-13-21,Nuno Henriques,outros,"4.067,68"
2123,2023-11-30,Ana Barbosa,Casa e Decoração,"R$ 719,44"
2124,2024-03-28  ,Felipe Esteves,Moda,"R$ 1.202,94"
2125,2024-03-28  ,Karina Santos,Esporte,"190,68"
  2126,2024-02-06,Paulo Esteves,Moda,USD 2277.62
2127,01/07/2024,Mariana Santos,Livros,"4.327,08"
2128,2024-08-10  10:30:00,Carla Henriques,LIVRO,"4.146,96"
2129,12/06/2024,Nuno Pereira,Esporte,"R$ 4.671,91"
2130,25/10/2023,Ana Lopes,Livros,"R$ 79,34"
  2131,2024-07-07,Karina Ribeiro,Moda  ,"  3.924,44"
2132,07/11/2023,Diego Nogueira,Esporte,"R$ 590,41"
2133,2024-11-01,Bruno Barbosa,Casa,"R$ 2.776,98"
2134,2023-09-05,Lucas Ribeiro,Moda,"R$ 2.028,72"
2135,2023-08-15,Carla Klein,vestuario,"3.044,55"
2136,17/07/2024,Sofia Oliveira,Moda,  $ 2884.64
2137,2023-04-29,Nuno Santos,eletronicos  ,"1.484,04"
2138,2023-06-07,Henrique Duarte,casa,"R$ 2.512,33"
2139,21/08/2024,Paulo Jesus,ESPORTE,"R$ 2.267,23  "
  2140,2024-01-27,Carla Jesus,Casa,"R$ 4.242,99"
2141,2024-02-29,João Martins,Esporte,"R$ 3.656,11"
2142,30/03/2024,Mariana Lopes,Casa,"32,00"
2143,21/03/2024,Gabriela  Martins,Moda,USD 1003.06
2144,2023-01-10  ,Lucas Jesus,Casa,"1.851,17"
2145,2023-03-15,Gabriela Gomes,Moda,"544,30"
2146,2024-03-15,Nuno Vasconcelos,Esporte,"4.224,87"
2147,2023-10-02,Gabriela Carvalho,Livros,USD 4333.46
0  ,2024-02-19,Olívia Ribeiro,moda,"R$ 3.561,24"
2149,2023-07-13,Karina Duarte,Eletrônicos,"R$ 804,21"
2150,Oct 21 2024,Gabriela Carvalho,Casa,"2.429,90"
2151,12/03/2024,"",vestuario,"R$ 208,48"
2152,2024-09-11,Karina Duarte,Esporte,"2.142,30"
2153,2023-03-21,Paulo Vasconcelos,Livros,""
2154,2024-03-08,  Nuno Martins,misc,"3.817,96"
2155,2024-12-03,Carla Jesus,ESPORTE,""
2156,01/07/2023,Bruno Queiroz,"","R$ 1.436,68"
2157,2023-06-25,Felipe Pereira,Eletrônicos,$ 3926.85
2158,2024-11-17,Henrique Santos,Casa,"3.210,93  "
2159,10/08/2024,Isabela Oliveira  ,Livros,"R$ 4.213,65"
2160,2024-05-26,  Bruno Vasconcelos,MODA,"3.971,31  "
2161,2023-09-28,"",outros,$ 3097.41
  2162,2024-13-28,Tiago Gomes,Livros,"R$ 4.191,78"
ORD-1023,2024-04-04,Tiago Klein  ,casa,"1.822,23"
2164,11/06/2023,Henrique Martins,Eletrônicos,"R$ 1.333,05"
2165  ,2023-04-11,Nuno Lopes,ELETRONICOS  ,"R$ 2.239,34"
2166,2024-11-29,Vitória Queiroz,casa,"4.564,25"
2167,Apr 12 2023,Diego Lopes,Eletrônico,"802,68"
2168  ,28/07/2023,Paulo Jesus,Eletrônicos,"  R$ 4.524,47"
2169,19/05/2024,Carla Pereira,"","R$  202,99"
2170,10/04/2024,Henrique Lopes,Livros,"172,52"
2171,2023-02-28,Olívia Santos,Moda,"  R$ 1.414,84"
2172,2023-13-21,Mariana Oliveira,esporte,USD 2138.15
2173,2024-09-03,Diego Lopes,vestuario,$ 4229.74
2174,2023-11-19,"",outros,"498,53"
2175,2024-03-11,Henrique Duarte,Eletrônicos,"R$ 246,51"
2176,23/06/2024,Ana Jesus,Casa,"2.451,96"
2177,2024-03-18,Paulo Barbosa,Livros,"  R$ 1.826,38"
2178,2023-01-19,Diego Ribeiro,Livros,"108,77  "
2179,2024-05-29,Isabela Pereira,Livros,"0,00"
2180,2023-10-03,Mariana Ferreira,  Esporte,USD 4884.85
2181,2024-08-19,Eduarda Santos,moda,"R$ 2.501,33"
2182,2023-06-29,Diego Jesus,Casa,"R$ 959,10"
2183,Jun 04 2023,"",Eletrônicos,"577,23"
2184,Dec 04 2023,Eduarda Lopes,Eletrônicos,"4.244,10"
2185,2023-08-04  ,Lucas  Pereira,Esporte,"R$  3.927,87"
2186,2024-05-01,Lucas Barbosa,Casa,"4.163,93"
2187,Feb 04 2023,Henrique Ribeiro,livraria,"R$ 4.157,36"
2188,  2023-06-23,Diego Oliveira,Esportes  ,"3.093,35"
2189,11/07/2024,  Henrique Santos,"","3.256,43"
2190,2024-02-10,Lucas Lopes,Livros,$ 1617.56
2191,14/11/2024,Rafael Almeida,Moda,"1.623,23"
2192,  2024-06-11 10:30:00,Lucas Henriques,Casa,"4.251,30"
2193,Dec 15 2024,Henrique Carvalho,Eletrônicos,"4.945,27"
2194,2023-02-28,Paulo Vasconcelos,livros,"R$ 1.071,52"
2195,2023-02-16,Diego Nogueira,Casa,$ 2168.87  
2196,12/08/2024,Ana Lopes,Moda,"R$ 3.185,29  "
2197,11/09/2024,Henrique Lopes,casa_decoracao,"4.014,27"
2198,2024-04-02 10:30:00,Sofia Carvalho,livros,n/a
2199,Nov 12 2024,Paulo Jesus,"",USD 3651.38
2200,2023-08-18,Carla Klein,Casa,"2.403,67"
2201,2023-01-14 10:30:00,João Barbosa,"","1.806,33"
2202,2024-01-05,João Santos,Moda,$ 2228.05
  2203,2023-06-24,Diego Nogueira,casa_decoracao,"R$ 3.015,64"
2204,01/12/2024,Paulo Nogueira,Eletrônicos  ,"R$ 3.888,13"
2205,2023-09-18,Isabela Nogueira,Casa,"R$ 4.513,85"
2206,2023-09-05,Eduarda Jesus,Casa  ,"3.556,26"
2207,2024-08-12,Ana Almeida,Casa,"R$ 1.289,91"
2208,2024-07-27,"",Moda,"2.396,63"
2209,2023-06-01,Tiago Duarte,livros,"R$ 1.546,55"
2210,2023-07-14,Felipe Nogueira,Moda,"R$ 583,65"
2211  ,2024-08-11,Lucas Oliveira,Moda,"R$ 4.123,88"
2212,2023-02-04,Olívia Pereira,Eletrônico,"R$ 3.491,39"
2213,Nov 25 2023,Karina Esteves,Moda,"R$ 3.735,88"
2214,04/08/2023  ,Karina Jesus,Eletrônicos,$ 2834.55
2215,27/05/2023,Tiago Lopes,Esporte,"4.954,08"
2216,Sep 16 2024,Felipe Pereira  ,casa,"4.811,86"
2217,2024-05-04,Olívia Ribeiro,Casa,"4.973,98"
2218,18/12/2023,Lucas  Barbosa,  Esportes,"2.411,65"
2219,16/08/2024,"",  livros,"R$ 4.304,21  "
2220,17/09/2024,Diego Ferreira,Casa,"4.953,78"
2221,2023-03-26,Ana Gomes,Esporte,USD 1849.42
2222,2023-07-13,Gabriela Queiroz,Casa,"1.226,52"
0,2024-04-04,Eduarda Carvalho,esporte,"R$ 4.744,02"
2224,2024-12-20,Olívia Esteves,Esporte,"  4.426,67"
2225,2024-03-29 10:30:00,Paulo Queiroz,Esporte,$ 109.58
2226,2023-10-16,Karina Queiroz,esporte,"R$ 3.527,01"
  2227,2023-02-27,Felipe Oliveira,Esporte,"  R$ 4.004,99"
2228,2024-01-14,Henrique Carvalho,livros,"4.934,77"
  2229,2023-08-27  ,"",livros,"4.059,37"
2230,18/07/2024,Felipe Ferreira,casa,"R$ 1.918,27"
2231,2023-10-05 10:30:00  ,Sofia Barbosa,livraria,USD 3934.35
2232,2024-10-04,Eduarda Queiroz,Moda,"4.635,23"
2233,Jan 21 2024,Paulo Martins,"",$ 2015.08
2234,2024-05-18,Isabela Duarte,Moda,"1.514,17"
2235,05/12/2023,Paulo Barbosa,Livros,"R$ 1.643,58"
2236,2023-09-24 10:30:00,Mariana Queiroz,Eletrônicos,"R$ 237,12"
2237,2024-09-24,Olívia Barbosa,casa_decoracao,"1.487,80"
  2238,2023-03-21,Henrique Oliveira,livros,"  R$ 2.347,77"
2239,2023-01-15,Olívia Martins,Eletrônicos,USD 4496.72
2240,09/05/2024,  Bruno Oliveira,Moda,USD 4140.53
2241,2024-04-08,Lucas Vasconcelos,vestuario,"3.446,10"
2242,2024-04-21,  Mariana Teixeira,Esporte,$ 3361.74
2243,2023-06-02,Bruno Carvalho,Moda,"R$ 1.219,65"
2244,2024-01-23,Nuno Oliveira,Esporte,"4.300,19"
2245,2024-05-14,Eduarda Barbosa,Moda,USD 2756.31
  2246,27/10/2024,Paulo Duarte,Esporte,"R$ 603,77"
2247,2024-12-29 10:30:00,Tiago Henriques,eletronicos,"4.185,12"
2248,2024-11-30  ,Lucas Vasconcelos  ,casa_decoracao,"4.736,16"
2249,2023-09-27,Gabriela Almeida,Eletrônicos,USD 4273.33
2250,2023-01-01,Felipe Queiroz,livros,"R$ 2.232,67  "
2251,2023-12-04,Olívia Carvalho,Livros,"R$ 3.877,07"
2252,2024-06-09,Carla Klein,Eletrônicos,USD 1305.96
2253,2023-06-07,Vitória Esteves,Livros,"2.250,90"
2254,20/01/2024,Lucas Oliveira,Eletrônicos,"R$ 4.240,46"
2255,2023-08-16,Mariana Teixeira,Moda,"R$ 3.395,68"
2256,2024-03-06,Diego Martins,misc,"R$ 4.581,49"
2257,Aug 22 2023,Bruno Esteves,casa,"2.599,80"
2258,07/06/2023,Isabela Almeida,"","R$ 2.739,83"
2259,2023-06-14,Paulo Ribeiro,livraria,-
2260,2023-07-14,Bruno  Teixeira,Eletrônicos,"R$ 1.486,77"
0,02/11/2024,Nuno Gomes  ,Esporte,"3.257,17"
2262,2024-06-20,Felipe Queiroz,Casa,$ 3365.78
2263,2024-11-12,Olívia Vasconcelos,moda,"3.629,15"
2264,2023-10-06,Sofia Henriques,Livros,"3.465,69"
2265,2024-12-21,Nuno Klein,misc,"R$ 3.183,69"
2266  ,Oct 19 2024,Henrique Pereira,Livros,"135,04"
2267,2023-06-21,Diego Queiroz,Livros,"1.391,86"
2268,2024-10-26,  Paulo Oliveira,Eletrônicos,"R$ 2.213,35"
2269,2023-04-30,Paulo Ribeiro,Livros,"R$ 3.325,97"
2270,2024-04-19,Nuno Queiroz,Eletrônicos,n/a
2271,2024-11-18,Gabriela Henriques,Moda,"R$ 1.963,13"
2272  ,2023-03-30,Lucas Nogueira,Casa,"1.019,56"
2273,2019-07-24,Carla Esteves,Livros,"201,02"
2274,2024-11-12,Karina Klein,Casa,USD 2382.83
2275,10/06/2023,Ana Lopes,Moda,"R$ 4.670,06"
2276,2024-02-14,Diego Barbosa,  Eletrônicos,"4.539,31"
2277,2023-06-30,Olívia Oliveira,casa_decoracao,"R$ 2.080,74"
2278,Nov 19 2024,Carla Carvalho,Eletrônico,"977,11"
2279,2023-11-21,Felipe Barbosa,  Eletrônicos,USD 3950.22
2280,21/01/2023,Henrique Esteves,Livros,"R$ 1.450,23"
2281,May 25 2024,João Barbosa,Livros,"3.826,51"
2282,16/04/2023,Ana Oliveira,eletro,"884,98"
2283,2024-06-02,Vitória Queiroz,Eletrônicos,$ 2587.71
2284  ,2023-09-25,Lucas Nogueira,Eletrônicos,"R$ 1.038,50"
2285,2023-12-03,João Henriques,Livros,"4.286,40"
2286,15/03/2023,João Esteves,Esportes,"2.776,46"
2287,2024-01-15,Ana Nogueira,Livros,"4.658,80"
ORD-1023,23/02/2023,Paulo Barbosa,Esporte,"2.215,33"
2289,2023-07-19,Diego Ribeiro,casa_decoracao,"1.137,86"
2290,19/01/2023,Lucas  Duarte,Esporte,"4.263,40"
2291,2024-10-25,Henrique Carvalho,Moda,"R$ 1.926,51"
2292,21/01/2023,Felipe Queiroz,Casa,"4.084,88"
2293,2023-08-21 10:30:00,Bruno Oliveira,Esporte,"2.489,24"
2294,2024-05-24,Mariana Ferreira,Esporte,"401,85"
2295,2024-04-01,Diego Klein,casa_decoracao,"592,70"
2296  ,2024-10-10,Gabriela Santos,Esporte,USD 2475.40
2297,02/03/2023,Diego Santos  ,Eletrônicos,USD 973.35
2298  ,2024-03-15,Carla Vasconcelos,Livros,"  4.842,80"
2299,2024-04-09,João Pereira,Livros,"713,33"
2300,2023-06-05  ,Bruno Vasconcelos,Livros,"R$ 2.435,91"
2301,2023-01-13,João Ferreira,Eletrônicos,$ 4456.10
2302,2023-02-21,Diego Nogueira,Moda,$ 2888.76
2303,2024-08-31,João Oliveira,Esporte,USD 2316.19
2304,16/05/2024,João Queiroz,Esporte,$ 3892.07
2305,2024-13-29,  Henrique Almeida,Eletrônicos,"1.301,24"
2306,2023-06-05,Carla Carvalho,Livros,"1.399,23"
2307,02/05/2023,Olívia Carvalho,Casa e Decoração,  $ 4054.17
2308  ,17/09/2024,Diego Ribeiro,Moda,$ 1392.98
2309,2023-12-03,Henrique Vasconcelos,Moda,USD  4328.68
2310  ,2024-13-25,Nuno Ribeiro,Casa,"2.144,19"
2311,2024-04-25,Ana Lopes,Casa,"1.289,30"
2312,2019-04-29,Carla Martins,Esporte,"R$ 2.800,16"
2313,2024-09-16 10:30:00,Lucas Ribeiro,Moda,"R$ 431,92"
2314,2024-05-12,Paulo Barbosa,Esporte,"877,82"
2315,2024-06-19,Diego Duarte,Casa,"R$ 3.366,85"
2316,2023-07-29,Ana Ribeiro,Esporte,"R$ 850,59"
2317  ,2023-12-24,Paulo Teixeira,Casa,$ 1002.17
2318,2023-13-09,Felipe Vasconcelos,Eletrônicos,$ 1907.19
2319,11/06/2023,Lucas Ribeiro,Moda,"2.701,11  "
2320,2023-01-21,Lucas Gomes,Livros,"R$ 1.517,32"
2321,05/06/2024,Nuno Gomes,eletro,"2.372,72"
2322,2023-03-19,Eduarda Henriques,Esporte,"3.743,04"
2323,28/01/2024,Felipe Esteves,"","3.928,13"
2324,05/05/2023  ,Bruno Pereira,livraria,"3.267,23"
  2325,2024-01-26,Tiago Ribeiro,livraria,"3.510,74"
2326,28/10/2024,Felipe Lopes,Esporte,USD 1608.75
2327,2024-01-28,Rafael Carvalho,Eletrônicos,"R$ 4.571,23"
2328,2024-06-01,Isabela Gomes,livros,USD 4296.37
2329,2024-08-24 10:30:00,Rafael Barbosa,Moda,"3.859,48"
2330,2023-05-05,Bruno Carvalho,livros,"R$ 3.467,95"
"",2023-08-06,Carla Queiroz,Livros,""
2332  ,2024-07-18,Carla Santos,MODA,n/a
2333,2023-08-19,Bruno Almeida,Eletrônicos,"R$  1.632,40"
2334,2023-01-31,Sofia Carvalho,Casa e Decoração,"R$ 4.328,35"
2335,2023-02-19,Tiago Santos,"","3.454,95  "
2336,2023-11-30,  Bruno Klein,esporte,USD 4473.03  
2337,2024-08-23,Eduarda Klein,Livros,"2.843,36"
  2338,2024-01-06,Gabriela Henriques,Esporte,"157,64"
2339,02/10/2023,Ana Almeida,Casa,"4.212,98"
2340,2023-04-19,Vitória Almeida  ,vestuario,USD 2620.49  
2341,2024-13-15,Mariana Pereira,Casa,$ 1968.98
2342,21/12/2023,Sofia Queiroz,moda,"R$ 2.786,83"
2343,01/04/2023,Eduarda Queiroz,Esporte,"R$  340,69"
2344,2024-03-12,Lucas  Klein,Casa,$ 2255.91
2345,2024-06-18,Nuno Klein,Moda,"R$ 579,28"
2346,12/07/2023  ,Carla Pereira,Moda,"R$ 4.631,07"
2347,2024-07-21,Diego Pereira,vestuario,"150,85"
2348,2023-04-22,Bruno Nogueira,Casa  ,"R$ 1.892,16"
2349,26/10/2024,  João Henriques,Esporte,"97,64"
2350,2023-09-02,Eduarda Lopes,MODA,"3.629,76"
2351,Feb 06 2023,Felipe  Ribeiro,Esporte,"R$ 1.707,13"
2352,Oct 24 2023,"",  Livros,$ 3448.66
2353,2023-02-05,Paulo Klein,Casa,USD 2193.24
2354,09/09/2023,Karina Martins,Livros,"R$ 833,98"
2355,  2023-02-13,Vitória Carvalho,Eletrônicos  ,"R$ 4.031,84"
  2356,2024-08-14,Olívia  Nogueira,ESPORTE,USD 1783.61
2357,2023-09-14,Gabriela Pereira  ,eletronicos,"R$ 1.450,11"
2358,2023-10-21,Felipe Almeida,Casa,"R$ 1.159,89"
2359,2023-07-18,Diego Nogueira,Casa,"R$ 3.192,03"
2360,2024-11-14,Rafael Duarte,livraria,"R$ 3.964,36"
2361,09/07/2023,Felipe Oliveira,vestuario,n/a
2362,2024-04-07,Eduarda  Teixeira,Esporte,""
2363,2023-04-25,Mariana Klein,Casa,"R$ 3.457,66"
2364,2024-05-14,Sofia Duarte  ,Casa,"1.837,49"
2365,2023-11-15,Paulo Ribeiro,eletro,"R$  2.370,42"
2366,2023-03-18,Rafael Henriques,Moda,"2.844,67"
2367,13/06/2024,  Nuno Teixeira,Esporte,"R$ 2.592,02"
2368,  Mar 29 2023,Felipe Henriques,Livros,n/a
2369,2023-13-19,Diego Ferreira,misc,"R$ 1.438,79"
2370,06/05/2024,Eduarda Pereira,LIVRO,"4.381,62"
2371,26/10/2023,Nuno Teixeira,Moda,"R$ 1.233,22"
2372,2024-05-08,Rafael Martins,Esportes,"2.687,32"
2373,2024-09-26,Mariana Barbosa,casa,"1.961,44"
2374,2023-03-15,Diego Almeida,  Livros,$ 1472.57
2375,2024-09-17,Sofia Almeida,Livros  ,USD 2077.28
2376  ,2023-07-31,Henrique Esteves,eletro,"924,16"
2377,22/07/2024,Ana Queiroz,Eletrônicos,"R$  1.699,77"
2378,17/03/2024,Diego Oliveira,Eletrônicos,$ 1904.32
2379,2023-10-28,Mariana Vasconcelos,Casa,"R$ 1.977,68"
2380,2023-06-11,João Vasconcelos,Livros,USD 3526.20
2381,2024-10-16,"",Moda,"544,19"
  2382,Jun 11 2023,Vitória Gomes,Esporte,"4.697,78"
2383,2023-02-11,Karina Nogueira,Esporte,USD  3209.69
2384,2023-02-23 10:30:00,Henrique Nogueira,Livros,"4.025,80"
2385,  2023-03-23,Paulo Lopes,Livros,$ 4189.82
2386,2024-06-25,Tiago Pereira,Casa,"2.444,25"
ORD-1023,2023-08-26,Carla Klein,Moda,n/a
2388,2024-01-06  ,Karina Esteves,livraria,"3.252,48"
2389,2023-01-08,Sofia Ferreira,eletro,"3.451,68"
2390,2023-07-15,Vitória Gomes,Esporte,"4.742,98"
2391,05/04/2023,Paulo Queiroz,LIVRO,"R$ 4.256,35"
2392,2023-07-22,Nuno Esteves,Esporte,"R$ 2.023,49"
  2393,2023-09-12 10:30:00,Tiago Lopes,vestuario,$ 2712.97
2394,2019-01-13,  Tiago Ferreira,Casa e Decoração,"1.786,96"
2395,20/11/2023,João Almeida,Eletrônicos,"3.453,04"
2396,2024-08-07,Gabriela Henriques,Casa,"R$  790,11"
2397,2024-08-12,Lucas Barbosa,casa,"3.188,18"
2398,2024-03-14,Lucas Klein,eletronicos,"1.416,27"
2399,24/09/2024,Rafael Vasconcelos,Casa,"1.711,05"
2400,2024-03-08,Ana Queiroz,esporte,"1.432,60"
2401,2023-04-01,Karina Almeida,  Esporte,"3.795,11"
2402,17/03/2024,Vitória Martins,LIVRO,"R$ 25,17"
2403,11/05/2023,Karina Jesus,Eletrônicos,"R$ 3.775,09"
2404,2023-07-13,Bruno Henriques,Moda,$ 1953.62
2405,2023-06-01,João Vasconcelos,Livros,"3.462,66"
2406,23/03/2023,Rafael Ribeiro,Livros,"4.404,94"
2407,2023-01-13,Carla Santos,Livros  ,"3.838,25"
2408,2024-11-16,Mariana Pereira,"",USD 514.85
2409,2023-02-02,Bruno Queiroz,vestuario,"R$ 253,90"
2410,2023-13-14,Bruno Esteves,Casa,  USD 2398.24
2411,12/02/2024,Felipe Vasconcelos,Eletrônicos,"4.639,57"
2412,2024-12-12,Lucas Ferreira,  Livros,"R$ 2.727,08  "
2413,Aug 15 2023,Karina Ferreira  ,eletro  ,"R$ 1.927,82"
2414  ,2024-02-12  ,Gabriela Esteves,Casa,"R$ 2.380,97"
2415,Jun 18 2023,Diego Santos,Eletrônicos,$ 3309.61
2416,05/02/2024,Nuno Lopes,Casa,"4.433,37"
2417,2024-05-15,Carla Almeida,Esporte,"3.715,81"
2418,  2019-06-11,Gabriela Jesus,ELETRONICOS,n/a
2419,2024-12-26,Nuno Klein,Eletrônicos  ,$ 421.56
2420,29/06/2023,Henrique Henriques,Esporte,"4.590,84"
2421,20/04/2023,Lucas Ribeiro,"","319,03"
2422,2024-12-20,Diego Almeida,Eletrônicos,"4.995,22"
2423,07/04/2024,Ana Pereira,Livros,"2.107,06"
2424,2023-12-10,Olívia Klein,Casa e Decoração,"2.922,42"
2425,2024-01-31,Felipe  Henriques,eletronicos,"R$  3.238,80"
  2426,08/10/2024,Eduarda Henriques,outros,"1.696,81"
2427,24/08/2023,Rafael Klein,Moda,"3.423,04"
2428,2023-02-24,Gabriela Almeida,Esporte,$ 2618.87
2429,2024-13-18,Vitória Henriques,Modas,"R$ 1.950,00"
2430,25/07/2023,Rafael Henriques,Esporte  ,"877,54"
2431,2023-05-24,Gabriela Henriques,  Moda,"4.754,99"
2432,25/09/2023,Olívia Oliveira,Moda,"3.061,42"
  2433,2024-01-16,Eduarda Santos,Casa,n/a
2434,2024-03-01,Sofia Pereira,ELETRONICOS,"251,24"
2435,Jan 07 2024,Sofia Santos,Eletrônicos,"R$  1.559,52"
2436,03/02/2023,João Pereira,Esporte,USD 863.46
2437,21/11/2024,Olívia Queiroz,Livros,"1.937,73  "
2438,2023-09-16,"",MODA,"R$ 4.312,95"
2439,08/09/2023,Isabela Lopes,Livros,"2.632,33"
2440,  2024-01-09,Ana Duarte,Esporte,""
2441,May 05 2024,Eduarda Barbosa,moda,"331,20"
2442,21/06/2023,Isabela Carvalho,Eletrônicos,USD 32.89
2443,2023-06-08,Nuno Gomes,Moda,"1.016,88"
2444,2024-09-16,Henrique Henriques,Esporte,"4.462,39  "
2445,2023-12-25,Sofia Queiroz,Eletrônicos,"1.373,59"
2446,2024-10-04,Bruno Ferreira,Esporte,$ 1654.53
2447,2023-12-12,João Santos,Casa,"0,00"
2448,23/01/2023,Paulo Ferreira,Eletrônicos,"R$ 4.013,96"
2449,2023-05-31,Vitória Esteves  ,Casa,$ 3443.39
2450,2023-06-06,Felipe Klein,Casa,$ 4865.03
2451,2024-01-04,Paulo Queiroz,Casa,"1.228,91"
2452,  21/11/2024,Nuno Henriques,Livros,$ 91.39
2453,2024-03-19,Felipe Ribeiro,Livros,"R$ 1.747,87  "
2454,2024-05-27,Felipe Nogueira,Esporte,$ 894.99
2455,2023-09-29,Rafael Klein,eletronicos,"195,30"
2456,Jun 19 2024,  Mariana Duarte,Livros,"R$ 1.641,55"
2457,2024-11-14,Olívia Carvalho  ,Eletrônicos,"R$ 3.491,01"
2458,2024-09-10,Diego Jesus,Livros,"3.029,55"
2459,2024-02-05,Carla Ribeiro,Livros,"3.375,29"
2460,2024-07-31,Ana Lopes,eletro,""
2461,  06/11/2023,Vitória Martins,Livros,"4.202,22"
2462,2024-12-07,Tiago  Klein,Moda,"R$ 3.588,93"
2463,2023-04-15,  Felipe Pereira,Moda  ,"645,08"
2464,2023-03-18,Mariana Almeida,Livros,"1.053,70"
2465,2023-10-12,Mariana Ferreira,Esporte,"R$ 1.666,86"
  2466,Apr 08 2023,Gabriela Nogueira,casa_decoracao,"R$ 2.688,62"
2467  ,2023-02-06,Lucas Henriques,outros,"4.966,20"
  2468,2023-02-22,Bruno Martins,Modas,"2.554,85"
2469,16/08/2024,Bruno Martins,Livros,"1.027,86"
2470,2023-11-08,Lucas Almeida,Casa e Decoração,"3.912,41"
  2471,May 23 2024,Eduarda Ferreira,Casa e Decoração,$ 1210.30
2472,2023-09-05,Carla Carvalho,Moda,$ 2001.06
2473,2019-03-09,  Karina Klein,Casa,"R$ 131,23"
2474,2024-11-06,Isabela Henriques,Esporte,"R$ 1.181,70"
2475,2024-12-14,Nuno Queiroz,casa_decoracao,"  R$ 2.987,85"
ORD-1023,2023-02-25,Henrique Nogueira,outros,"R$ 3.611,43"
2477,2024-08-24,Karina Vasconcelos,Esporte  ,"2.727,99"
2478,2023-06-14,Henrique  Gomes,Eletrônico,USD 1702.10
2479,Dec 04 2024,Isabela Klein,Casa,"790,89"
  2480,2024-12-15,Bruno Jesus,Moda,"R$ 3.220,08"
2481,2024-06-18,Tiago Martins,Eletrônicos,"1.714,51"
2482,09/07/2023,Paulo Esteves,vestuario,""
2483,08/02/2024,João Pereira,casa_decoracao,"3.704,17"
2484,2024-11-07,"",Moda,"R$ 3.345,89  "
2485,2024-10-31,Carla Esteves,Livros,"3.933,23"
2486,2023-10-01,João Lopes,Modas,"1.139,80"
2487,01/08/2023,Lucas Esteves,casa,"0,00"
2488,Jan 09 2024,Carla Ferreira,Casa e Decoração,"R$ 2.200,88"
2489,2023-08-27 10:30:00,Ana Pereira,Eletrônicos,USD 1485.38
2490,2024-06-05,Tiago Almeida,"",USD 291.98
2491,06/08/2024,Ana Klein,vestuario,"R$ 446,10  "
2492,2019-02-15,Rafael Ribeiro,  Casa e Decoração,""
2493,2023-03-15,Ana Teixeira  ,Casa,"R$  3.432,07"
2494,Apr 27 2024,Isabela Gomes,esporte,-
2495,2023-11-22,Diego Barbosa,Livros,USD 742.03
2496,2024-03-23,Bruno Vasconcelos,esporte,"R$  513,50"
2497,2024-12-23 10:30:00,Bruno Almeida,Esporte,"R$ 4.309,05"
2498,2024-04-03,João Carvalho  ,Esporte,USD 1792.17
2499,2024-12-27,Vitória Nogueira,Casa,USD 368.79
2500,19/05/2024,Vitória Ribeiro,Livros,USD 35.06
2501,13/08/2023,  Diego Martins,MODA,"1.938,57"
  730,2023-07-22,Paulo Vasconcelos,livraria,""
2503,03/05/2024,Paulo Gomes  ,Eletrônicos,"1.049,49"
2504,2019-06-24,Rafael Almeida,Casa,"0,00"
2505,2023-02-06,Lucas Oliveira,Casa,"3.877,89"
2506,21/08/2024,Bruno Pereira,ESPORTE,"4.501,67"
2507,2024-03-29,Carla Duarte,Livros,"4.983,20"
2508,29/12/2023,Eduarda Ferreira,Eletrônicos,"R$ 198,04"
  2509,2024-01-12,Karina  Carvalho,vestuario  ,"R$ 700,19"
1969,  2024-10-02,Lucas Teixeira,Casa,""
359,2023-09-08,João Teixeira,"",$ 2700.73  
2512,2023-05-25 10:30:00,Felipe Pereira,livros,""
2513,04/07/2023,João Oliveira,Casa,"R$ 2.946,38"
2514,2024-08-22,Isabela Martins,Esporte,USD 2714.07
2515,27/03/2024,Mariana  Barbosa,Eletrônicos,"3.695,27"
2516,2023-06-12,Tiago Ferreira,Esporte,"1.490,74"
2517,2024-02-17,Rafael Vasconcelos,eletro,"3.115,32"
2518,2024-07-24,Isabela Barbosa,Casa,USD 1177.85
2519,2023-01-24,Isabela Klein,Livros,"3.971,59"
2520,2023-01-18,Vitória Duarte,Casa,"R$ 4.719,24"
2521,14/03/2023,Rafael Esteves,Casa,"R$ 1.012,24"
2522,2023-11-12,Eduarda Barbosa,Esporte  ,"R$ 4.015,78"
2523,2024-10-14,Mariana Barbosa,Livros,"R$ 358,29  "
2524,2023-11-20,Carla Jesus,Moda,"R$ 1.522,26"
2525,11/03/2023,Mariana Almeida,Casa,"R$ 4.491,90"
  2526,06/09/2024,Nuno Esteves,Moda,"R$ 2.402,60"
2527,2023-10-07,Ana Esteves,Moda,"3.861,32"
2528,16/12/2023,Isabela Almeida,Casa,"R$ 4.851,51"
2529,2023-02-20,Isabela Pereira,outros,"2.000,19"
2530,2024-11-01 10:30:00  ,Vitória Ferreira,ELETRONICOS,"3.618,27"
2531,19/08/2023,Tiago Vasconcelos,Livros,"1.365,83"
2532,2019-12-24,Rafael Nogueira,Esporte,"R$ 2.704,94"
2533,17/04/2023  ,Olívia Santos,Livros,"2.044,58"
2534,2024-05-22,João Almeida,Moda,"R$ 2.000,59"
2535,2024-08-14,Nuno Queiroz,livraria,USD 1573.48
2536,2023-02-13,Olívia Duarte,LIVRO,"R$ 2.311,55"
2537,2023-01-27,  Gabriela Klein,Moda,"R$ 660,10"
2538,Mar 09 2023,Tiago Lopes,Eletrônicos,"  R$ 149,41"
2539,2023-11-01,Sofia Gomes,Casa e Decoração,"R$ 4.804,80"
2540,2023-11-04,Olívia Lopes,ESPORTE,"4.247,53"
2541,2023-05-09,Gabriela Ferreira,outros,"R$ 1.546,57"
2542  ,2023-13-24,Nuno Henriques,Casa,"2.905,53"
2543,2023-05-23,Mariana Almeida,ESPORTE,USD 400.15
2544,2024-11-10,Felipe Barbosa,Moda,$ 709.03
2545,Feb 11 2023,  Ana Martins,Casa,"R$ 4.937,34"
2546,Dec 01 2023,Isabela Oliveira,Eletrônicos,$ 4347.64
2547,May 03 2023,Lucas Jesus  ,Esporte,"2.897,45"
2548,08/09/2024,Henrique Nogueira,Livros,"661,37"
2549,2023-01-28,Carla Oliveira,eletronicos,"3.314,25"
2550,2023-10-01,Paulo Gomes,Eletrônicos,"R$ 1.870,20"
2551,2023-06-26 10:30:00,Sofia Santos,Esporte,"106,73"
2552,2023-04-10,Tiago  Gomes,Casa e Decoração,"2.262,82"
2553,29/08/2023,Tiago Carvalho,Livros,"R$ 3.396,26"
2554,25/09/2023,Gabriela Vasconcelos,ESPORTE,"R$ 4.934,72"
2555,11/07/2024,Paulo Almeida,livros,"2.767,25  "
2556,2023-03-21 10:30:00,Isabela Almeida,Casa,"1.610,32"
2557,2023-10-10,Lucas Klein,Eletrônicos,"3.415,74"
2291,2024-10-25,"",Moda,"R$ 1.926,51"
2559,2023-09-19,Nuno Duarte,Casa,"3.522,25"
2560,2024-02-27,Tiago Klein,eletronicos,"R$ 4.885,11"
2561  ,2023-09-09,Sofia Gomes,  casa,"865,68"
329,2024-04-26,"",Livros,"R$ 2.272,65"
2563,17/05/2024,João Duarte,Casa  ,"3.710,19"
2564,2024-01-12,Nuno Jesus,casa,  $ 1540.94
2565,2023-03-19,  Olívia Ferreira,Eletrônicos  ,"182,97"
2566,2024-01-17,Gabriela Barbosa,Casa,$ 583.14
2567,24/11/2024,Lucas Lopes,esporte,"137,09"
2568,2024-06-14,Felipe Martins,Esporte,$ 1073.93
2569,14/07/2023,Nuno Ribeiro,"","0,00"
2570,12/10/2024,Bruno Duarte,Livros,"728,87"
2571,2023-11-08,Diego Oliveira,Eletrônicos,"R$ 4.400,03"
2572,2024-13-16,Carla Duarte,Livros,"R$ 318,79"
2573  ,2023-07-02,João Lopes,Esporte,"R$  2.911,55"
2574,15/04/2024,Carla Queiroz,casa,"1.316,67"
2575,2023-02-23,Sofia Nogueira,livraria,"2.639,32"
2576  ,2023-10-26 10:30:00,Eduarda Pereira,Moda,"4.150,22"
2577  ,10/10/2024,Olívia Vasconcelos,Eletrônicos,"  R$ 2.390,88"
2578,2023-09-26  ,Paulo Ferreira,ESPORTE,"R$ 1.799,32"
2579,25/05/2024,Sofia Martins,Moda,"3.800,53"
2580,2023-03-16,"",Esporte,"R$ 798,55"
2581,07/04/2024,Olívia Ferreira,Eletrônicos,"R$ 3.678,35"
865,2024-02-05,"",Eletrônicos,"  393,62"
2583,2024-08-06,Mariana Barbosa,livros,"3.487,98"
2584,2024-03-16  ,Carla Jesus,MODA,"R$ 252,31"
2585,2024-09-03 10:30:00,Rafael Teixeira,Livros,"R$ 1.999,12"
2586,2024-05-29,Rafael Barbosa,Eletrônicos,n/a
2587,2023-08-04,Karina Barbosa,  Esporte,"R$ 951,57"
2588,2024-02-10,Lucas Lopes,Moda  ,"R$ 2.862,00"
2589,2024-04-29  ,Carla Barbosa,Esporte,"R$  4.937,60"
2590,2023-02-03,Gabriela Lopes,vestuario,"1.385,32"
2591,Mar 29 2023  ,Bruno Nogueira,Livros  ,"2.032,75"
2592,2024-08-18,Vitória Klein,MODA,"1.300,76"
2593,2023-06-13,Lucas Ribeiro,Esporte,"89,91"
2594,2023-08-12,Diego Martins,Esportes,"  R$ 3.228,68"
2595,  2024-01-09,"",Livros,""
2596,2023-03-31,Diego Gomes,Casa,"R$ 1.153,49"
2597,2024-05-25,Eduarda Vasconcelos,Moda,"R$  2.563,02"
  2598,18/04/2023,Nuno Carvalho,Eletrônicos,"3.006,36"
2599,04/12/2023,Felipe Queiroz  ,Casa e Decoração,USD 3523.88
2600,06/02/2024,Tiago Gomes,Moda,"500,89"
211,2024-09-09,Gabriela Klein,"",$ 222.22
2602  ,2024-11-27,Carla Gomes,Moda,"2.874,67  "
2603,2024-12-12,Rafael Lopes,Eletrônicos,"2.113,71"
2604,2024-02-20,Felipe Esteves,Casa,"3.996,73"
2605,2023-10-31 10:30:00,Nuno Esteves,Eletrônicos,"R$ 4.504,49"
2606,06/05/2024,Rafael Carvalho,esporte,"R$ 2.278,92"
2607,29/08/2023,Diego Almeida,Moda,"R$ 1.602,39"
2608,09/10/2024,Mariana Henriques,Moda,"3.513,11"
2609,2024-05-11,Sofia Teixeira,MODA,"R$ 4.512,73"
2610,03/03/2024,Diego Teixeira,Esporte,USD 4707.38
2611,Mar 20 2024,Henrique  Oliveira,Casa,$ 4132.81
2612,2024-05-25,Paulo  Almeida,Casa,USD 2277.57
2613,2024-04-02,Bruno Jesus,livros,"R$ 546,26"
2614,18/05/2024,Ana Duarte,Moda,"R$ 2.275,69"
2615,  06/10/2023,Vitória Pereira,Livros,"4.095,42  "
2616,2023-02-27,Karina Lopes,esporte,$ 3105.27
2617,24/09/2024,Vitória Pereira,Livros,"1.970,75"
2618,2024-03-07,Rafael Queiroz,Livros,"4.307,97"
2619,2024-11-12,Vitória Lopes,Moda,"4.013,72"
2620,2024-12-18,Vitória Klein,Eletrônicos  ,$ 811.02
1415,09/09/2023,Henrique Oliveira,eletronicos,""
2622,26/08/2023,Olívia Pereira,Esporte  ,"  R$ 2.921,61"
2623,2023-10-15 10:30:00,Nuno  Duarte,eletronicos,"  R$ 2.826,07"
2624,2023-03-07,Carla Klein,livraria,"R$ 1.862,88"
2625,2023-10-27,Sofia Klein,livros,"  4.494,91"
2626,2023-07-24,Sofia Esteves,vestuario,"R$ 3.858,57"
2627,Oct 25 2023,Diego  Queiroz,MODA,"231,37"
2628,Jun 13 2023,Mariana Almeida,Moda,$ 4643.57
2629,2023-03-04 10:30:00,Henrique Santos,Livros,"R$ 3.855,57"
2630,2024-11-06,Carla Vasconcelos,Moda,"  R$ 940,12"
2631,29/09/2024,Henrique Carvalho,Casa,USD 240.93
2632,2023-12-15,Carla Almeida,livros,"1.931,87"
2633,2024-02-05,Tiago Ferreira,Esporte,"R$ 928,18"
2634,07/11/2023,Sofia Klein,Modas,USD 3643.76
  2635,2023-12-03,Bruno Esteves,  Casa,"2.656,92"
2636,2023-03-11,  Eduarda Vasconcelos,Esporte,"1.798,43"
2637,2023-08-05 10:30:00,Ana Ferreira,  Eletrônicos,"R$ 3.121,84"
2638,Dec  22 2023,Vitória Martins,Casa,"2.997,04  "
2639,Mar 25 2024,Gabriela Pereira,Moda,"2.549,54"
2640,2023-01-05,Sofia Oliveira,Eletrônicos,"R$ 2.079,05"
2641,2024-05-30,João Ferreira,Livros,"4.242,56"
95,2023-08-09 10:30:00,Bruno Barbosa,Esporte,""
2643,2024-11-19,Isabela Nogueira,Moda,"3.599,57"
1632,2023-10-28,Rafael Jesus,"",USD 4591.05
2645,  2023-12-22,Lucas Vasconcelos,vestuario,"R$ 665,94"
2646,2023-03-23,Vitória Oliveira,Livros,"499,38"
2647,2024-11-01,Isabela Barbosa,"","1.847,35"
2648,2023-11-03,Rafael Klein,ESPORTE  ,"R$ 1.371,39"
2649,Sep 12 2024,Gabriela Pereira,Livros,"4.276,33"
2650,24/08/2024,Gabriela Martins,Moda,"1.040,51"
2651,2023-03-05,  Tiago Vasconcelos,Moda,USD 1885.01
2652,2023-01-12,Henrique Martins,Modas,"3.891,94"
2653,2024-10-12,Gabriela Gomes,Esporte,"R$  3.468,97"
  2654,09/11/2024,Carla Duarte  ,Moda  ,"R$ 4.681,49"
2655,2024-05-30,Vitória Oliveira,Esporte,"4.210,71"
2656,  2023-10-16,Henrique Lopes,Livros,"R$ 2.088,14"
2657,18/01/2023,"",Moda,"R$ 505,35"
2658,08/04/2023,Paulo Jesus,eletronicos,"R$ 2.374,98"
2659,2024-05-27,Felipe Barbosa,Casa  ,"  R$ 2.442,27"
1676,2024-04-02,"",Casa,"R$ 1.578,58"
1342,06/02/2023,"",Casa  e Decoração,"1.712,45"
2662,20/10/2023,Tiago Teixeira,Casa,"R$ 2.976,49"
2663,09/05/2023,Olívia Martins,esporte,"1.640,91"
2664,2023-11-22,Eduarda Ribeiro,Esporte,"4.324,78"
2665,2023-09-01,Diego Henriques,Esporte,"R$ 1.109,27"
2666,2023-06-05,Diego Ferreira,Eletrônicos,"R$ 1.389,42"
2667,2023-03-12,Lucas Gomes,Eletrônicos,"822,51"
2668,2023-06-13 10:30:00,Ana Ribeiro,ESPORTE,"4.644,74"
2669,2024-13-14,Bruno Santos,Esporte,"R$ 3.555,06"
2670,29/08/2023,Ana Oliveira,Moda,"R$ 4.909,43"
2671,2024-10-02,"",misc,"R$ 1.469,02"
2672,24/03/2023,Olívia Henriques,Modas,USD 2587.97
2673,2024-05-12  ,Eduarda Carvalho,Moda,"2.947,87"
  1531,07/07/2023,Lucas Ferreira,"","4.138,79"
2675,2024-01-02,Bruno Duarte,Eletrônico,$ 736.53
2333,2023-08-19,Bruno Almeida,Eletrônicos,""
2677,2023-04-04 10:30:00,Sofia Jesus,Casa,"R$ 256,20"
2678,2023-12-05 10:30:00,Carla Esteves,Esporte,"R$ 3.777,21"
2679,2023-06-28,Felipe Esteves,Casa e Decoração  ,"R$ 3.524,51"
2680,31/07/2023,Henrique Martins,casa,"R$ 1.292,74"
2681,2024-10-21,Ana Jesus,Casa,"3.788,16"
2682,2024-01-20,  Paulo Carvalho,livraria,"4.021,12"
2683,Aug 02 2024,Felipe Carvalho,casa,USD 133.99
2684,2024-06-27,Henrique Lopes,Casa,"R$ 4.747,99"
2685,09/05/2024,Lucas Klein,Esporte,"R$ 1.529,76"
2686,2023-03-05,Olívia Ribeiro  ,Livros,"R$ 1.600,45"
2687,Sep 25 2023,Diego Vasconcelos,Moda,  USD 3574.43
2688,29/09/2024,Lucas  Vasconcelos,Moda,"R$  2.438,99"
2689,2023-11-16,Isabela Duarte,livraria,"R$ 373,32"
2690,20/06/2024,Isabela Barbosa  ,Eletrônicos,"3.756,32"
  2691,2024-12-15  ,Gabriela Duarte,Esporte,"R$ 2.461,34"
2692,2024-08-31,Bruno Carvalho  ,Moda,"1.918,32"
2693,2023-01-22,  Eduarda Esteves,eletro,"4.893,37"
2694,02/08/2024,Isabela Teixeira,Livros  ,"R$ 2.394,21"
2695,2023-06-05,Tiago Nogueira  ,  Moda,"R$ 2.543,65"
2696,2024-09-01,Karina Barbosa,Casa,"4.224,69"
2697,2023-12-20  ,Karina Almeida,Modas,USD 1091.75
2698,18/07/2023,Eduarda Almeida,Moda,USD 547.02
2699,2024-05-15,Paulo Gomes,Eletrônicos,"1.167,04"
2700,2023-06-10,Vitória Oliveira,Casa,"R$ 3.193,76"
2701,2023-13-25,Isabela Klein,Casa,USD 3444.86
2702,17/06/2024,Olívia Gomes,Moda,"1.615,27"
1342,06/02/2023,Carla Barbosa,"","1.712,45"
2704,2023-13-26,Gabriela Esteves,Casa,"R$ 1.758,15"
  2705,10/05/2024,João Vasconcelos,Moda,"4.208,70"
2706,  2024-04-12,Ana Duarte,eletronicos,"R$ 557,42  "
2707,Feb 19 2024,Tiago Carvalho,Esporte,USD 4436.28
2708,2024-07-24 10:30:00,Bruno Almeida  ,casa,n/a
2709,  05/10/2024,  Ana Ribeiro,Moda,"R$ 2.097,09"
2710,May 02 2024,Isabela Duarte,Moda,USD 1118.99
2711,02/06/2024,Carla Oliveira,Moda,"4.542,31"
2712,May 17 2023,Tiago Queiroz,Moda,"4.563,30"
2713,14/10/2023,Ana Almeida,Esporte,"R$ 4.186,55"
2714,2024-09-26,Mariana  Esteves,Livros,"2.840,65"
2715,20/07/2023,Felipe Martins,Moda,"R$ 1.106,32"
2716,2023-13-30,Lucas Duarte,Moda,USD 1483.68
2717,May 02 2024,Carla Henriques,ESPORTE,"R$ 437,27"
2718,2024-05-10,Nuno Jesus,Moda,"20,88"
2719,2024-12-12,Karina Duarte,Livros,USD 2957.18
2720  ,13/07/2024,Mariana Ribeiro,Casa e Decoração,"1.042,91"
2721,2023-05-09,Bruno Nogueira,Eletrônicos,"865,26"
2722,2023-04-06,Bruno Pereira,Moda,"R$ 3.246,28"
0,2023-12-12,  Olívia Queiroz,Casa e Decoração,"3.745,63"
2724  ,Sep  06 2023,Gabriela Barbosa,Casa,"R$ 4.375,42  "
2725,20/01/2023,Lucas Esteves,Eletrônicos,"4.299,51"
2726,  2023-10-06,"",Casa e Decoração,"1.067,25"
2727,2019-09-20,Mariana Gomes,esporte,"R$ 3.211,18"
2728,04/05/2024,Eduarda Duarte,eletronicos,"R$ 2.116,02"
2729,2023-05-15,Carla Lopes,Esporte,USD 3983.24
2730,2024-09-21,Olívia Klein,ELETRONICOS,"2.454,23"
2731,2023-04-06,Eduarda Lopes,Livros,"R$ 2.988,13"
2732,Jul 19 2023,Henrique Lopes,"","R$ 3.573,02"
2733,30/10/2023,Karina Klein,ESPORTE,"2.451,83"
2734,2024-04-27 10:30:00,Bruno Martins,diversos,"R$ 3.824,67"
2735,12/07/2024,Isabela Klein,LIVRO,"1.206,69"
  2471,May 23 2024,"",Casa e Decoração,$ 1210.30
  2737,2024-01-20,  Paulo Pereira,Eletrônico,"627,37"
2738,09/09/2023,Rafael Ferreira,Eletrônicos,"4.605,30"
2739,09/04/2023,Rafael Jesus,Esporte,"2.638,67"
2740,2024-08-17,Diego Klein,Eletrônicos,"2.094,87"
2741,29/12/2023,Sofia Gomes,Livros,"  4.285,21"
2742,  2023-12-05 10:30:00,Henrique Barbosa,moda,USD 3676.22
2743,2023-02-24,Tiago Oliveira,Eletrônicos,"4.709,65"
2744,2024-03-30,Eduarda Teixeira  ,Livros,"R$ 4.288,94"
2745,12/11/2024,Gabriela Klein  ,Esporte,"  R$ 4.898,72"
2746,2023-06-29,Olívia  Barbosa,casa,"R$ 1.104,00"
2321,05/06/2024,Nuno Gomes,eletro,""
2748,2023-05-17,Karina  Carvalho,Casa,"R$ 2.845,20"
2749,05/03/2024,Karina Carvalho,livros,"R$ 4.944,61"
2750,28/03/2024,Olívia Pereira,livros,"990,67"
2751,16/05/2024,Ana Esteves,Livros,$ 1397.36
2752,23/05/2024,Bruno Oliveira,Casa,"1.551,06"
2753,13/05/2024,Vitória Gomes,ELETRONICOS,"4.657,82"
2754,2023-10-21,Mariana Lopes,ESPORTE,"  109,85"
1204,2024-06-21,  Rafael Jesus,MODA,""
2756,2023-01-03,Sofia Esteves,esporte  ,USD 1593.92
2757,03/02/2024,Vitória Henriques,Moda,"2.536,70"
2758,2024-06-26,Rafael Duarte,Moda,"530,24"
  1714,25/07/2024,"",Eletrônicos,"1.115,32  "
2760,Sep 23 2024,Bruno Santos,Moda,"2.180,43"
2761,Mar 29 2024,Henrique Vasconcelos,Esporte,$ 3266.58
2762,2024-05-12,Nuno Ferreira,Moda,"773,86"
2763,23/02/2024,Carla Gomes,casa,"R$ 928,52"
2764,2023-02-05,"",Casa,"1.787,03"
2765,Dec 17 2024,Isabela Lopes,Casa e Decoração,"3.781,77"
2766,2024-01-26,Vitória Teixeira,Eletrônicos,"R$ 3.186,64"
2767,28/11/2023,Henrique Barbosa,"",USD 3879.53
2768,2024-12-10  ,Tiago Henriques,Eletrônicos,"R$ 4.355,90"
2769,2023-12-17,Bruno Almeida,Esporte,"R$ 4.424,52"
2770,2024-03-22,Gabriela Ferreira,Casa,"R$ 1.412,26"
2771,2023-08-02,Henrique Santos,Livros  ,USD 85.92
38,2024-07-30,"",Livros,"R$ 2.621,84"
2773,2024-03-27,Rafael Teixeira,Esporte,"R$ 4.808,66  "
1096,2024-05-17,Isabela Gomes,"","4.799,12"
2775,2023-09-05,Nuno Martins,livros,"4.710,76"
2776,2023-02-18,Mariana Almeida,Casa e Decoração,"R$ 4.297,26"
2777,21/01/2024,Bruno Martins,"",$ 2565.84
  2778,02/05/2024,Henrique Teixeira,Esporte,"4.383,29"
2779,Feb 01 2024,Ana Teixeira,Moda,"  374,64"
2780,2023-05-14,Nuno Esteves,livraria,USD 1111.36
2781,2024-05-17,Ana Gomes,Moda,"2.225,52"
2782,2024-11-05,Sofia Barbosa  ,misc,"3.294,13"
2783,2023-11-18,Sofia Lopes,Eletrônicos,"-50,00"
2784,  27/06/2024,Diego Martins  ,Eletrônicos,"4.444,35"
2785,2024-03-14,Lucas Klein,Casa,"R$ 3.430,48"
2786,2024-11-09,João Esteves,Esportes,"4.862,02"
2787,2023-08-28,Karina Santos,Casa,"R$ 428,51"
2788,2024-06-02  ,Gabriela  Klein,Esporte,"1.148,48"
2789,2024-06-18,Rafael Jesus,Eletrônico,"1.535,60"
1381,02/10/2024,"",Livros,"1.799,82"
2791,2024-11-09  ,Diego  Martins,Esporte,"50,09"
2792,2023-11-30  ,Henrique Queiroz,Casa,n/a
1574,31/05/2023,Tiago Carvalho,"",$ 4499.59
429,2023-09-11,"",Esporte,USD 2363.40
1509,2023-13-22,"",vestuario,"3.896,27  "
  2796,2023-09-14,Henrique Almeida,Livros,"639,19  "
2797,2023-05-23,Olívia  Ferreira,LIVRO  ,"R$ 1.323,03"
202,2024-05-25,Diego Queiroz,"",-
2799,24/08/2024,Eduarda Oliveira,outros,"3.057,47"
2800,2024-02-01,Carla Vasconcelos,Eletrônicos,"3.590,84"
2801,2023-05-11,Tiago Ferreira,Esportes,"3.087,10"
2802,2024-10-18,Paulo Lopes,Casa,"R$ 1.586,75"
2803,2024-03-14,Nuno Martins,eletronicos,$ 375.34
2804,02/07/2023,João Ribeiro,Casa e Decoração,"2.827,60"
2805,2023-10-21,Vitória Gomes,Moda,"R$ 1.772,40  "
2806,  17/10/2024,Eduarda Jesus,Casa,"R$ 105,47"
  2807,2023-12-13,Diego Ferreira,Livros,"2.785,72"
2808,27/04/2023,Karina Gomes,Eletrônicos,n/a
2809,2023-03-22,Lucas Vasconcelos,Moda,"  890,71"
1399,2024-06-21,João Barbosa,Modas,""
2811,2023-06-15,Ana Ferreira,Casa,-
2812,2024-05-08,Nuno Queiroz,Livros,"R$ 2.631,99"
2813  ,Apr 16 2024,Diego Ferreira,Eletrônicos,$ 1459.22
2814,2023-07-27,Paulo Barbosa,Esporte,"2.174,65  "
2815,2024-12-30,Mariana Martins,Eletrônicos,"1.049,30  "
2816,2024-11-09,Gabriela Barbosa,Moda,USD 4604.00
2817,2023-07-28,Felipe Gomes,Esportes,USD 1740.76
  2818,Apr 21 2023,  Isabela Barbosa,Esporte,"R$ 1.523,51"
2819,2023-06-15,Mariana Henriques,casa,"R$ 2.271,62"
2820,Feb 12 2024,"",casa,"R$ 1.396,36"
2821,2023-12-12,Felipe Pereira,Livros,"2.748,87"
2822,2024-07-03,Paulo Almeida,Esporte,"3.044,18"
2823,2023-08-07,Olívia Barbosa,Casa,"R$ 28,39"
2824,23/07/2023,Paulo Esteves,diversos,"R$ 143,44"
2825,2023-03-10,Henrique Carvalho,Casa e Decoração,"4.933,89  "
2826,2024-09-21,Gabriela Klein,Eletrônico,"995,73"
2827,2023-11-05,Felipe Ribeiro,Modas,"R$ 2.566,78"
2828,30/12/2023,Olívia Lopes,Moda,"20,51"
2829,20/03/2023,Bruno Esteves  ,Livros,""
2830,2023-07-14,Tiago Duarte,Eletrônicos,"R$ 3.149,44"
2831,Sep 25 2023,João Gomes,Livros,"R$ 4.781,16"
2832  ,2023-04-02,Gabriela Henriques,Esporte,"R$ 2.759,14"
2833,  2023-10-31,João Vasconcelos,Esporte,"R$ 2.123,42"
2386,2024-06-25,Tiago Pereira,"","2.444,25"
2835,07/04/2024,Bruno Santos,Eletrônicos,""
2836,14/03/2023,Bruno Esteves,Eletrônicos,"4.367,99"
2837,2024-10-03,Bruno  Pereira,  MODA,"R$ 767,25"
1666,2023-11-15 10:30:00,Felipe Henriques,"","993,08"
2839,2024-01-28,Nuno  Lopes,Casa,"R$ 2.307,84"
648,2024-05-07,Bruno Klein,Eletrônicos,""
2841,2024-07-16,Carla Pereira,Moda,n/a
2842,2023-09-02,Felipe Pereira,ESPORTE  ,"727,35  "
2843,2024-02-23 10:30:00,Isabela Barbosa  ,Esporte,USD 4456.71
2844,2023-02-08,Nuno Ferreira  ,Casa,"1.813,00"
2845,  26/02/2024,Isabela Oliveira,Esportes,"3.428,73"
2846,2024-11-21,Diego Duarte,esporte,$ 1440.12
2847,2024-06-06,Diego Jesus  ,esporte,"R$ 1.154,17"
2848,Jul 22 2024,Olívia Ribeiro,Livros,"1.009,54"
2849,19/09/2023,Ana Santos,misc,$  586.21
2850,2023-10-08,  João Nogueira,Esporte,"R$ 2.821,25"
2851,15/09/2024,Isabela Martins,"","R$ 464,48"
2852,2024-02-01,Diego Nogueira,Livros,"3.984,16"
2853  ,2024-06-19,Carla Ribeiro,Livros,"1.417,96"
2854,07/08/2024,Gabriela Nogueira,esporte,"2.928,76"
2855,2024-12-16,Nuno Ribeiro,Moda,"3.972,15"
2856,2023-11-09,Lucas Pereira,Moda,"1.932,37"
2857,25/04/2023,Diego Esteves,outros,""
2858,2024-01-12,Paulo Teixeira,livraria,$ 2312.41
2859,09/06/2024  ,Sofia Barbosa,LIVRO,"3.185,13"
2860,22/05/2024,Gabriela Esteves,Eletrônicos,""
2861,2023-10-15  ,"",Livros  ,"4.468,42"
2862,2023-12-27,Paulo Barbosa,Esportes,USD  4586.13
2863,Jun 12 2024,Rafael Oliveira,Esporte,USD 2941.39
2864,Apr 13 2024,Vitória Oliveira,Esporte,"3.450,18"
2865,2024-10-13,Eduarda Jesus,Moda  ,"1.820,42"
2866,24/03/2023,Sofia Santos,Livros,"R$ 4.321,57"
2867,02/11/2023,Ana Duarte,Esporte  ,"1.074,45  "
2868  ,2024-03-23,Gabriela Martins,MODA,"256,03"
2869  ,2023-07-02,Bruno  Vasconcelos,Esporte,"4.014,01"
2870,2024-10-29 10:30:00,Rafael Jesus,livros,"R$ 481,33"
2871,  2024-10-02,Eduarda Ribeiro,"","2.959,23"
2872,2024-01-27,Bruno Martins,Moda,"R$ 4.526,60"
  2873,25/11/2023,Ana Duarte,Livros,$ 4713.50
2874,2024-10-25,Paulo Martins,Livros,"R$ 4.328,60"
2242,2024-04-21,  Mariana Teixeira,"",$ 3361.74
2876  ,03/07/2023,Olívia Teixeira,Livros,"3.348,07"
2877,2024-04-23,Mariana Henriques,eletro,"R$ 2.235,33"
2878,2024-03-25,Felipe Queiroz,Esporte,"3.342,78"
2879,2019-12-18,Karina Queiroz,Casa,  USD 1061.74
2880,2023-03-15,Henrique Ribeiro,Esporte,"2.667,02"
2881,15/04/2023,Lucas Teixeira,Livros,"R$ 3.444,11"
976,27/08/2024,"",eletro  ,"R$ 1.096,54"
2883,2023-08-08,Rafael Barbosa,diversos,"276,30"
2884,10/09/2023,Gabriela Esteves,Moda,USD 3318.25
2885,12/09/2023,Rafael Almeida,Livros,"708,06"
  2886,22/04/2024,Eduarda Jesus,Livros  ,"2.717,61"
2887,2024-03-02,Nuno Klein,Casa,"R$ 2.775,28"
2888,2023-10-14,  Bruno Teixeira,Livros,"  240,41"
2889,2023-03-22,Rafael Jesus,outros,"R$ 3.351,99"
2890,2023-02-17,Felipe Oliveira,"","2.331,67"
2891,2024-10-13,Bruno Gomes,Moda,"R$ 1.302,22"
2892,2024-03-08  ,Isabela Lopes,Esporte,"R$ 483,82"
2893,2024-09-23  ,Gabriela Almeida,ELETRONICOS,"2.346,97"
  2894,10/07/2023,João Jesus,Casa,"3.276,66"
2895,04/08/2023,Bruno Esteves,Livros,"R$ 2.157,20"
546,2024-10-24,"",livros,"R$ 1.937,15"
2897,2023-11-10,Ana Ferreira,Livros,"R$ 4.210,82"
2898,2023-02-12 10:30:00,Vitória Lopes,ESPORTE,USD 4111.07
2899,2023-01-28,Carla Duarte,Esporte,"219,50"
2900  ,2024-01-03,Bruno Ribeiro,eletro,"R$ 4.181,41"
2901,13/04/2023,Paulo Gomes,Livros,"2.663,07"
2902,2023-09-02,Lucas Barbosa,Casa,"R$ 4.835,99"
1065,2024-04-14,Mariana Klein,"","R$ 1.805,25"
2904,2024-06-01,Ana Almeida,Eletrônicos  ,"R$ 4.815,95"
2905,2023-07-04,Sofia Henriques  ,Livros,"723,38"
2906,2024-03-07,Nuno Carvalho,misc,$ 1770.04
2907,2023-08-09,Gabriela Klein,esporte,"R$ 3.217,21"
2908,2024-10-26,"",Livros,$ 3453.49
2909,2024-07-04,Isabela Nogueira,casa_decoracao,"R$ 1.237,55"
2910,2024-02-17,  Karina Pereira,outros,"R$ 4.806,71"
2911,2024-08-01,Felipe Queiroz,Eletrônicos,"841,59"
2912,2019-12-22,Diego Ribeiro,LIVRO,"519,45"
2913,2024-03-17,Lucas Santos,Eletrônicos,"R$ 3.460,80"
2914,2024-06-12,Diego Queiroz,Livros,"3.304,03"
2915,2023-06-06,Karina Ribeiro,Eletrônico,"3.544,94"
2916,Feb 10 2023,Lucas Henriques,Esporte,USD 3047.05
2917,2023-08-03,  Paulo Teixeira,moda,  $ 3316.80
2918,  2023-08-13,Paulo Klein,  casa_decoracao,"R$  3.200,73"
2919,10/10/2023,Tiago Almeida,  ELETRONICOS,"R$ 2.861,56"
2920,2023-10-23,Olívia Oliveira,Casa,"R$ 4.410,83"
2921,  2024-02-11,Vitória Pereira,Eletrônicos,"R$  1.471,31"
2922,2024-06-18,Mariana Martins,Esporte,"1.904,99"
2923,11/06/2023,Olívia Pereira,Esporte,"1.787,92"
2924,2024-09-06 10:30:00,Olívia Queiroz,Moda,"97,94"
2925,  2023-08-18,Isabela Pereira,Eletrônicos,"R$ 2.820,09"
2125,2024-03-28  ,Karina Santos,Esporte,""
2927,2023-12-21,Paulo Nogueira,MODA,"  2.203,92"
2928,27/03/2023,João Henriques,Casa,"R$ 4.465,80"
2929,2023-06-12,Rafael Lopes,livros,"4.869,35"
2930  ,2024-04-11,Ana  Ribeiro,Moda,$ 3571.72  
2931,2023-10-02,Vitória Teixeira,Moda,"  0,00"
2932,2024-07-22,Mariana Barbosa,Moda,"R$ 3.176,61"
2933,20/12/2023,Karina Carvalho,Moda,"1.714,11"
2934,2024-12-07,Gabriela Henriques,Casa,$  4686.53
  523,2024-01-06,Paulo  Gomes,diversos,""
2936,2024-03-19,Tiago Carvalho,casa,"R$ 997,47"
2937,2024-12-29,Mariana Martins,vestuario,USD 3098.14
2938,2023-09-29 10:30:00,Ana Vasconcelos,Esporte,"R$ 4.649,56"
2939,2024-02-05 10:30:00,Tiago Henriques,Esporte,"573,19"
2940,Aug 05 2023,"","","2.668,81"
2941,2024-05-20,Paulo Pereira,Esporte,"R$ 492,35"
2942,2023-08-03,Carla Martins,livraria,"3.596,67"
2943,2023-04-17,Olívia Queiroz,Livros,"  882,26"
2944,2023-01-05,Nuno Klein,Livros,"R$ 1.103,86"
2945,2023-03-22,Isabela Duarte,Moda,"R$ 2.716,08"
2946,2023-03-21,"",Casa,n/a
2947,2023-10-03,Henrique Jesus,Eletrônicos,"45,59"
2948,26/11/2023,Ana Oliveira,Casa,""
2949,2023-05-08,João Santos,Modas,$ 603.21
2950,2023-02-22,Sofia Barbosa,Eletrônicos,"2.977,33"
2951,30/08/2024,Eduarda Gomes,Casa  ,  USD 800.71
2952,Jun 23 2023,Sofia Esteves,Livros,"R$ 4.502,36"
2953,2023-07-02,João Barbosa,Livros,-  
2954,2024-01-26,"",  Esporte,"R$ 4.776,98"
2955,2024-01-28,Ana Teixeira,Livros,"565,57"
1711,15/02/2024,"",Esporte,""
2957,05/10/2024,Karina Klein,Moda,"R$ 3.817,18"
2958  ,2024-11-18,Paulo Barbosa,diversos,USD 3227.49
2959,26/04/2024,Isabela  Almeida,Eletrônicos,"2.725,01"
2960,2023-04-23,João Esteves,Eletrônico,"4.473,50"
2961,  09/03/2024,Diego Jesus,Moda  ,$ 3826.48
2962,2023-10-05,Mariana Martins,Esporte,"3.046,47"
2963,2023-04-26,Henrique Nogueira,Eletrônicos,"R$ 3.019,56"
2964,13/03/2023,Ana Oliveira,Livros,"1.095,11"
  2965,2023-01-18  ,Henrique  Barbosa,Eletrônicos,"R$ 3.283,60"
2966,30/11/2023,Ana Santos,Moda,"3.458,36"
2967,20/09/2023,Henrique Jesus,esporte,"2.749,97"
2968,02/09/2023,Carla Vasconcelos,moda,"1.262,59"
2969,2024-03-26,Diego Martins  ,ESPORTE,"R$ 1.330,69"
2970,2024-03-30  ,Karina  Queiroz,Casa e Decoração,"2.212,90"
2971,2024-11-06,Ana Teixeira,Casa,"R$ 2.865,28"
2972,11/08/2023,Bruno Pereira,Livros,"4.236,45"
2973,2023-01-10,Lucas Santos,moda,"R$ 1.183,93"
2974,2024-03-04,Gabriela Vasconcelos,Casa e Decoração,""
2975,2023-07-28,Nuno Duarte,Casa,"R$ 4.412,56"
2976,28/02/2023,Karina Henriques,misc,"R$ 104,91"
2977,2023-10-30,Henrique Lopes,Moda,"R$ 2.313,99"
  2978,2023-12-19,Tiago Oliveira,Esporte,"R$ 3.253,65"
2979,2023-04-08,Carla Lopes,Casa,USD 686.32
2980,2024-10-29,Tiago Carvalho,casa_decoracao,"4.415,34"
2981,15/04/2023,Eduarda Barbosa,Casa,"3.166,99"
2982,2019-03-08,Felipe Esteves,LIVRO,"R$ 3.316,41"
2983,09/03/2023,Karina Esteves,esporte,"4.656,19"
2984,30/04/2023,Carla Queiroz,moda  ,"0,00"
2985,2023-12-15,Nuno Santos,casa,"1.068,30"
2986,09/01/2023,Gabriela Ferreira,Esporte,$ 3868.51
2987,2024-09-02,Sofia Teixeira,livros,"1.490,96"
2988,2024-06-05,Olívia Santos,Eletrônicos,"3.573,33"
2989,2023-12-30,Mariana Vasconcelos,Casa,"901,82"
2990,2023-07-27,Carla Jesus,Esportes,"593,81"
2991,2023-12-10,Diego Gomes,Eletrônicos,"R$ 4.305,47"
2992,2024-02-09,Paulo Lopes,Moda,USD 3302.63
2993,  04/08/2023,Karina Almeida,Esporte,"R$ 1.711,43"
2994,2024-10-11,Carla Queiroz,Livros,"R$ 901,96"
2995,2023-13-27,Isabela Teixeira,  casa,"R$ 3.752,19"
2996,Dec 04 2024,Rafael  Klein,moda,"1.240,01"
284,  2023-06-24,"",moda  ,"R$ 3.846,99  "
486,2023-03-18,"",Eletrônicos  ,"583,70"
2999,2023-07-13,Felipe Lopes,Moda,"R$ 1.128,51"
3000,2023-07-07,Vitória Jesus,Casa,"113,56"
3001,18/07/2024,Lucas Lopes,"","R$ 1.439,65"
3002,2024-07-27,Tiago Teixeira,  ESPORTE,"2.803,45"
3003,2023-07-04 10:30:00,João Klein,Eletrônicos,"2.137,25"
3004,2024-10-15,Isabela Esteves,Eletrônicos,"R$ 4.273,90"
3005  ,2024-03-29,Sofia Ribeiro,Eletrônicos,"4.692,03"
3006,2023-02-15,João Queiroz,casa_decoracao,"R$ 2.600,02"
3007,18/05/2023,Gabriela Pereira,esporte,"R$ 3.377,30"
3008,2024-10-18,João Duarte  ,ESPORTE,"R$ 4.723,14"
3009,27/03/2024,Nuno Gomes,Eletrônicos,$ 4915.85
  3010,2024-05-21,Rafael  Queiroz,Esportes,"R$ 3.702,52"
3011,02/10/2023,Carla Jesus,ELETRONICOS,"0,00  "
3012,2023-04-09,Isabela Esteves,ESPORTE,"4.021,44  "
3013,2024-06-13,Lucas Pereira,Moda,"R$ 908,49"
3014,13/02/2024,Vitória Esteves,Eletrônicos,"762,41"
3015,Dec 09 2024,João Jesus,Esporte,"2.753,12"
3016,2023-02-17,Sofia Klein,Moda,"3.301,23"
3017  ,2024-04-13,Isabela Klein,Eletrônicos,"850,10"
3018,2024-11-30,"",Moda,"2.418,44"
"",2023-06-24,Rafael Santos,Esportes,"3.871,67"
3020,2023-03-15,Mariana Barbosa,Esporte,USD 3791.28
3021,2023-06-30,João Oliveira,livraria,$ 2550.86
3022,2024-12-10 10:30:00,Felipe Carvalho,Casa,"R$ 673,29"
3023,2023-13-27,Felipe Ferreira,Esporte,USD 2467.72
3024,2023-02-21,Bruno Nogueira,ESPORTE,"4.774,57"
3025,2023-11-21 10:30:00,Henrique Henriques,Moda,"R$ 4.832,18"
3026,2024-08-31,Olívia Nogueira,ESPORTE,USD 3720.05
3027,2023-06-13,Eduarda Pereira,  Eletrônicos,"R$ 2.243,63"
3028,2024-02-05,João Queiroz,eletro,"1.499,17"
3029,2024-10-04,  Rafael Barbosa,Moda,"694,81"
3030,04/05/2023,Karina Almeida,Moda,"1.164,14"
3031,22/04/2023,Tiago Martins,Eletrônicos,"3.141,54"
3032,2023-05-22,Tiago Esteves,Livros,USD 2618.69
3033,2023-02-01,Nuno Pereira,Moda,"4.260,11"
3034,04/07/2024,Isabela Jesus,ESPORTE,USD 1727.97
3035,2023-13-17,Eduarda Lopes,Moda,""
3036,17/01/2024,Lucas Ferreira,moda,"R$ 357,42"
3037,2024-04-21,Diego Teixeira,Casa,"R$ 1.519,63"
3038,26/08/2023,Sofia Oliveira  ,Esporte,"R$ 3.787,28"
3039,2024-09-03,"",Esporte,USD 179.03
3040,2024-13-23,  Isabela Carvalho,Livros,"0,00"
3041,2023-09-22 10:30:00,Lucas Jesus,Casa,"R$ 2.420,89"
3042,03/12/2024  ,Carla Pereira,Livros,"3.857,34"
3043,2024-04-08,  Sofia Esteves,Esporte,"R$ 167,90"
3044,2023-06-15,Gabriela Lopes,  Esportes,$ 4800.15
  3045,03/06/2024,João Henriques,Moda  ,"1.285,30"
  3046,2024-13-07,Diego Esteves,Esporte,"3.311,00"
3047,2023-13-25,Paulo Oliveira,Esporte,$ 3688.39
3048,11/03/2023,Ana Ribeiro,Casa,"R$ 3.950,16"
3049,18/08/2024,Isabela Barbosa,eletro,USD 2274.40
3050,25/11/2023,Felipe Lopes,Eletrônicos,"R$ 2.384,51"
3051,08/04/2024,Sofia Esteves,Livros,"  1.887,87"
3052,2023-07-05,Paulo Vasconcelos,Eletrônicos  ,"R$ 211,36"
3053,2023-10-20,Lucas Klein,Moda,"R$ 1.923,56"
3054  ,2023-05-10,Karina Nogueira,diversos,"4.877,26"
3055,07/07/2024,Lucas Santos,  Eletrônicos,"R$ 1.328,70"
3056,Feb 04 2023,Isabela Lopes,Eletrônicos,"R$ 4.866,87"
3057,2023-11-24,Paulo Teixeira,Livros,"R$ 2.140,27"
3058,2023-10-20,Paulo Gomes,  Eletrônicos,"R$ 1.627,85"
3059,2023-12-14,  Rafael Gomes,Casa,"R$ 1.173,27"
3060,2023-02-22,Lucas Nogueira,Livros,"2.707,78"
3061,08/03/2024,Isabela Oliveira,misc,"3.898,90"
3062,21/08/2023,Isabela Teixeira,Moda  ,"R$ 2.897,64"
  3063,2024-09-17,Carla Barbosa,eletronicos,""
3064,2024-06-07,Isabela Klein,Esporte,"4.766,93"
3065,2023-03-05,Eduarda Esteves,esporte,"4.933,00"
3066,2023-06-21,Vitória Gomes,eletronicos,"R$ 3.416,41"
3067,2024-01-20  ,Diego Queiroz,Eletrônicos,"R$ 493,72"
3068,2024-05-16,Ana Henriques,eletro,"R$ 2.053,13"
3069,Oct 25 2024,Rafael Nogueira,misc,"4.218,71"
3070,2024-09-06,Tiago  Carvalho,Esporte,"R$ 4.426,71"
  3071,2024-09-30,Isabela Martins,Esporte  ,$  4649.35
3072,2023-10-22,Carla Esteves,Eletrônicos,""
0,2023-07-10,Paulo Queiroz,"",USD 3218.42
3074,2023-04-01,"",Livros,USD 1097.90
ORD-1023,2024-06-12,Eduarda Henriques,Esporte,"955,53"
3076,2023-11-08,Ana Barbosa,Moda,"665,98"
3077,2023-06-09,Mariana Ferreira,casa  ,"1.193,14"
3078,2024-01-08,Ana Henriques,Esporte,"R$ 443,57"
3079,2023-10-10 10:30:00,Gabriela Gomes,diversos,USD 2912.37
3080,2024-05-07,Mariana Ribeiro,Esporte,"R$ 794,11"
3081,28/10/2023,Eduarda Teixeira,Livros,"R$ 4.021,71"
3082,2024-01-30,Lucas Ferreira,Eletrônicos,"R$ 3.450,75"
3083,2023-02-21,Henrique Ribeiro,Moda,"R$ 4.600,05"
3084,11/08/2023,Nuno Lopes,Casa,"R$ 4.955,55"
3085,21/07/2024,Henrique Almeida,Livros,"4.655,11"
3086,2024-12-28,Sofia Pereira,Esportes,n/a  
  3087,02/10/2024,Sofia Ribeiro,Esporte,USD 2782.35
659,Aug 04 2023,Eduarda Lopes,"","802,28"
3089,18/12/2023,  Karina Esteves,Esporte,"3.030,45"
3090,2024-12-14,Henrique Esteves,Livros,USD 920.83
3091,2024-12-30,Gabriela Carvalho,Eletrônicos,"R$ 4.927,83"
  3092,2023-03-10,Paulo Santos  ,Moda,"1.489,62"
3093,2024-05-26,Diego Henriques,Eletrônicos,$ 4493.20
74,03/06/2023,"",Casa,"2.982,67"
3095,2023-12-22,Rafael Jesus  ,casa,"4.896,61"
  3096,2023-10-18,Isabela Martins,Eletrônicos,"2.453,62"
3097,2024-05-16,Rafael Jesus,Livros,"R$ 942,52"
3098,2024-13-05,Rafael Gomes,Casa,"150,68"
3099,2024-05-18,Henrique Queiroz,Casa,"R$ 2.464,98"
3100,Feb 04 2023,Ana Esteves,casa,"2.733,48"
3101,2023-11-18,Nuno Henriques,Livros,"959,58"
3102,25/11/2023,Diego Henriques,Casa e Decoração,"R$ 824,58"
3103,2024-10-24  ,Mariana Duarte,Livros,"3.968,07"
3104,  2023-01-06,Isabela Teixeira,Casa,"3.221,45"
3105,03/09/2024,Olívia Martins,casa_decoracao,"2.077,41"
3106,2023-06-08,Gabriela Barbosa,Casa,n/a
3107,2024-07-15,Henrique Klein,Casa,"2.914,99"
3108,18/08/2023,Gabriela Lopes,Moda,"R$ 3.806,73"
3109,20/06/2024,Rafael Pereira,Eletrônicos,"R$ 2.031,08"
3110,  31/05/2024,Olívia Barbosa,casa_decoracao,"R$ 4.761,79"
3111,  Sep 08 2024,Karina Duarte,LIVRO,$ 4471.23
3112,02/08/2024,Gabriela Pereira,"","1.740,99  "
2041,13/10/2023,"",esporte,"R$ 3.756,22"
3114,2023-03-15,"",  Livros,"663,71"
3115,01/02/2024,Rafael Ferreira,Casa,"R$ 2.523,03"
3116,2023-10-17  ,Felipe Carvalho,Casa,-
3117,03/08/2023,Diego Henriques,Esporte,$ 1614.82
3118,2023-02-15,Bruno Teixeira,LIVRO,"1.238,84"
3119,2024-07-21,Nuno Pereira,Livros,"R$ 1.548,05"
3120,30/07/2024,Mariana Almeida,Esporte,"R$ 575,75"
3121,07/02/2024,Olívia Ribeiro,"",$ 382.27
3122,10/02/2023,Nuno Lopes,Livros,"R$ 3.750,27"
3123,2023-06-30,Bruno Klein,MODA,"4.836,99"
3124,  05/04/2023,Gabriela Lopes,Esporte,"3.155,75"
3125,2023-01-25,Gabriela  Pereira,"","4.413,15"
3126,22/03/2023,Carla Henriques,Esportes,"  3.122,91"
3127,2023-09-13  ,Henrique Oliveira,Moda,"R$ 4.710,78"
3128,02/07/2024,Diego Carvalho,"","1.456,16"
3129,17/05/2024,Tiago Lopes,Esporte,"228,55"
3130,2023-05-26,Paulo Klein,Livros,$ 4452.37
3131,2024-05-12,Isabela Vasconcelos,Eletrônicos,"R$  2.387,70"
3132,2023-03-12,Carla  Almeida,Moda,"4.053,65"
3133,2023-02-17,Mariana Gomes,Livros,"R$ 1.422,08"
771,2023-12-01  ,Paulo Ribeiro,"","3.311,13"
3135  ,Mar 06 2023,Ana Ribeiro,Moda,  $ 255.58
3136  ,10/06/2024,Bruno Klein,Livros,"R$ 2.827,64"
3137,Sep 23 2023,Bruno Klein,Eletrônicos,"R$ 4.112,22"
3138,2024-11-26,Sofia Barbosa,eletro,  USD 726.71
3139,14/01/2024,Bruno Ribeiro,ESPORTE,"R$ 1.333,72"
3140,25/10/2024,  Tiago Esteves,Casa,"R$ 2.114,69"
3141,19/12/2024,Carla Ribeiro,Esporte,$ 4366.94
3142,06/08/2024,Isabela Henriques,moda,"R$ 3.081,58"
3143,10/06/2023,Ana Santos,"","3.781,41"
3144,2023-07-08  ,Isabela Nogueira  ,Esportes,"R$ 1.289,63"
3145,2024-04-05,Carla Oliveira,Eletrônicos,"R$ 1.117,36"
3146,2024-01-04,Henrique Vasconcelos,Casa e Decoração,USD 4920.98
3147,18/02/2023,Karina Teixeira,Casa,"R$ 210,62"
3148,2024-13-14,Rafael Jesus  ,Moda,"209,30"
3149,2024-02-01,Isabela Klein,Esporte,"3.067,73  "
3150,11/01/2024,Olívia Almeida,Casa,"R$ 75,21"
3151,12/06/2024,João  Henriques,Livros,"R$ 3.160,05"
3152,2023-04-29,Ana Queiroz,Esporte,USD 4261.47
3153,2023-09-25,Paulo Lopes  ,Eletrônicos,"744,29"
3154,2023-01-30,Eduarda Queiroz,LIVRO,"2.184,78"
3155,2023-06-20,Henrique Esteves,livraria,"720,00"
3156  ,2023-02-21,Henrique Duarte,"","1.411,07"
3157,2023-06-30,Paulo Jesus,Eletrônicos,"4.961,17"
3158,2023-02-09,Carla Klein,Eletrônico,"R$ 3.623,97"
3159,2024-07-16,Isabela Duarte,Casa,USD 2799.68
3160,15/03/2024,Eduarda Santos,Eletrônicos,USD 3791.15
3161,Oct 28 2024,Eduarda Martins,"","1.149,75"
3162,2023-04-25,João Nogueira,livros,"R$ 1.046,21"
3163,2024-02-18,Karina Queiroz,Casa,"R$ 2.462,15"
3164,2023-10-14,Vitória Gomes,ESPORTE,"1.412,21"
3165,2023-04-18,João Esteves,LIVRO,USD 2636.83  
3166,2024-02-01,Felipe Esteves,Livros  ,"2.956,13"
3167,2024-03-29 10:30:00,Mariana Teixeira,Livros  ,USD 2005.47
3168,2024-06-27,Felipe Gomes,Esporte,"3.778,02"
3169,29/01/2024,Tiago Ribeiro,Moda,"1.778,84"
3170,03/01/2023,João Pereira,Casa,"R$ 834,95"
3171,2024-12-20,Bruno Santos,Moda,"1.176,67"
3172,  May 12 2023,Mariana Almeida,"","R$ 75,55"
3173,2023-03-09,Eduarda Santos,Eletrônicos,"R$ 79,76"
3174,Jun 28 2023,Carla Oliveira,Eletrônicos,USD 4452.61
98,2023-12-11,Rafael Santos,esporte  ,""
1494,15/09/2024,Mariana Jesus,"","R$ 3.232,28"
3177,2023-09-26,Olívia Almeida,casa,"0,00"
3178,  2024-08-31,Paulo Duarte,Eletrônicos,USD 1176.56
3179,23/02/2023,Ana Almeida,Moda,"R$ 1.101,25  "
  3180,16/02/2024,Diego Esteves,Eletrônico,"R$ 151,04"
3181,2024-02-03,Vitória Santos,Casa,USD 3004.58
3182,2024-11-10,Diego Klein,Eletrônicos,"2.560,23"
3183,2024-08-12,Sofia Duarte,vestuario,"R$ 2.900,28"
3184,2024-12-28 10:30:00,  Rafael Pereira,Esporte,$ 3228.70
3185,2024-12-10,Vitória Lopes,Casa,"R$ 3.213,43"
3186,2019-01-16,Carla Jesus,vestuario,"R$ 3.059,30"
3187,2023-02-04 10:30:00,Sofia Nogueira,livraria  ,"2.817,22"
1548,2024-02-27 10:30:00,Isabela Oliveira,Moda,""
3189,13/02/2024,Olívia Jesus,outros,"206,27"
2003,2023-10-02,Henrique Nogueira,Livros,""
3191,2024-10-18,Eduarda Esteves,MODA,"R$ 1.049,97"
3192  ,2023-06-18,Gabriela Barbosa,Esporte,"R$ 708,12"
3193,2023-09-05,Bruno Esteves,livraria,"R$ 2.216,43"
  3194,2024-13-23,Lucas Lopes,Moda,"R$ 2.990,89"
3195,2023-04-18,Carla Duarte,Moda,"R$ 2.607,37"
1880,2024-09-09,Paulo Klein,Casa,""
3197,2023-11-10,Sofia Queiroz,Esporte,"3.208,97"
3198,05/02/2023  ,Lucas Vasconcelos,Casa,"2.640,78"
3199,Dec 04 2023,Felipe Teixeira,Moda,"R$ 321,68"
3200,04/04/2024,Diego Henriques,  Moda,"3.789,75"
3201,2023-04-10,Diego Carvalho,Casa,"R$ 2.580,51"
3202,2023-01-04,Henrique Queiroz,Esporte,  USD 3106.12
3203,2023-11-12,Felipe Klein,"",$ 807.62
3204,Nov 14 2023,Carla Jesus,eletronicos,USD 813.89
982,2023-09-17,"",Livros,"52,24"
3206,2023-11-08,Rafael Queiroz,Eletrônicos,"4.111,33"
3207,2023-12-08,Rafael Ribeiro,Modas,"R$ 4.173,74"
3208,2024-05-18,Tiago Ferreira,ELETRONICOS,USD 1978.82
3209,Sep 16 2023,Ana Martins,Livros,USD 435.49
  3210,09/06/2023,Sofia Barbosa,livraria,"256,54"
3211  ,2024-02-09,Mariana Klein,Eletrônicos,"4.467,07"
3212,2024-04-18,Mariana Nogueira,Esporte,"R$ 4.555,83"
3213,2024-07-05,Nuno Duarte,esporte,"2.923,82"
3214  ,2024-08-19,Bruno Oliveira,eletro,"R$ 3.621,56"
3215,2023-09-30,Ana Nogueira,Casa,"4.580,83"
3216  ,Jan 27 2023,Diego Martins,Esportes,"1.510,57"
3217,2024-01-25,Ana Nogueira,Moda,"R$ 2.708,88"
3218,2024-08-25,  João Martins,Esporte  ,"4.197,00"
3219,2024-02-13  10:30:00,Nuno Almeida,Esportes,"1.071,20"
474,2023-05-03,Diego Queiroz,ESPORTE,""
3221,2024-03-20,Tiago Duarte,Livros,"  4.608,39"
3222,2023-08-16,Mariana Klein,Modas,"R$ 3.221,30"
3223,2023-03-08 10:30:00,Karina Martins,Eletrônicos,"1.926,34"
3224  ,2024-07-11,Vitória Nogueira,Casa,USD 1475.61
3225,2023-04-25,Vitória Oliveira,Esporte,"R$ 4.029,62"
3226,2024-07-20,João Klein,Esportes,"R$ 4.129,08"
3227,2024-07-20,Karina  Oliveira,Esporte,"R$ 2.655,91"
3228,2023-08-09 10:30:00,Carla Nogueira,ESPORTE,"R$ 4.113,60"
3229,2024-06-30,Carla Queiroz  ,vestuario,"4.525,40"
3230,2023-10-14,Bruno Esteves,Esportes,"R$ 2.177,36"
3231,  02/09/2023,Felipe Nogueira,livraria  ,"R$ 1.536,44"
3232,2024-04-14,Lucas Oliveira,Casa,"382,90"
3233,2024-01-27,Ana Queiroz  ,Casa e Decoração,"R$ 1.748,93"
3234,2023-12-10,Eduarda Esteves  ,eletro,"3.400,37"
3235,2019-05-27,Ana Nogueira,Esporte,$  2507.33
3236,Jul 25 2024,Paulo Vasconcelos,eletro,$ 222.65
3237,21/11/2024,Diego Oliveira,Casa,"R$ 2.120,69"
3238,Dec 02 2024,Diego Henriques,casa_decoracao  ,"R$ 3.018,72"
3239,2024-13-25,Olívia Klein  ,"","4.284,92"
3240,02/04/2023,Vitória Nogueira,MODA,"  R$ 1.879,61"
3241,2023-12-14,Rafael Almeida,livraria,USD 3477.99
297  ,23/09/2024,Karina Gomes,"",USD 4014.88
3243,  2023-03-22,Olívia Nogueira,Livros,"R$ 799,68"
3244,29/12/2023,Tiago Vasconcelos,Modas,"1.370,97"
3245,2023-07-01,Eduarda Barbosa,Livros,"R$ 2.710,52"
3246,2023-06-30,Diego Queiroz  ,Casa,"R$ 2.567,93  "
3247,2023-08-18,João Pereira,Moda,USD 4456.34
3248,2024-05-19,  Paulo Teixeira,Eletrônicos,"4.765,60"
3249,  2024-13-06,Nuno Carvalho,Eletrônicos,"R$ 2.497,22"
3250,20/01/2023,Tiago Carvalho,Moda,"  4.041,32"
3251,2023-06-21,  Paulo Henriques,Esporte,"4.085,03"
3252,2023-01-24,Ana Almeida,Livros,"1.422,62"
3253,2024-08-24,Carla Gomes,Casa,"R$ 4.310,00"
3254,2023-10-15,Henrique Gomes,Eletrônico,"66,20"
3255,2023-11-29,Karina Vasconcelos,Esporte,"75,25"
3256,2024-06-07,Sofia Duarte,Livros,$ 2367.91
3257,2024-05-06,João Oliveira,moda,"  R$ 4.180,43"
3258,Dec  16 2023,Mariana Klein,moda,"344,54"
3259,2023-11-24,Nuno Pereira,Modas,"1.009,62"
3260,02/08/2023,Vitória Martins,ELETRONICOS,"2.053,72"
3261,2024-09-23,Rafael Gomes,Livros,"R$ 3.804,44"
3262,  2023-04-24,Vitória Oliveira,Casa,"3.002,92"
3263,11/12/2024,João  Almeida,Esporte,"  R$ 1.713,13"
3264,16/05/2024,Gabriela Teixeira,Moda,$ 165.17
3265,22/02/2024,Carla Santos,Eletrônicos,"4.143,18"
3266,2024-07-07,Lucas Carvalho,casa_decoracao,"R$ 1.783,41"
3267,2024-06-23,Nuno Henriques,Moda,"44,27"
3268,2023-04-19,Sofia Ferreira,esporte  ,"R$ 120,86"
3269,2023-02-22,Mariana Esteves,Modas,"R$ 3.544,16"
  3270,Oct 08 2023,Eduarda Vasconcelos,Livros,"R$ 1.054,37"
  3271,2024-10-29,Henrique Barbosa,Moda,"R$ 2.972,38"
3272,2024-11-03,João Nogueira,Livros,"3.165,08"
3273,2023-09-03,Lucas Jesus,Modas,"R$ 1.946,84"
3274,2023-06-07  ,Vitória Henriques,Eletrônicos,"4.343,39"
3275,2019-05-09,Lucas Jesus,Esporte,"  4.526,11"
3276,2023-03-25,Karina Esteves,Eletrônicos,-
3277,2023-04-22,Felipe  Barbosa,MODA,-
3278,2023-08-05,Henrique Pereira,Eletrônicos,"R$ 515,60"
3279,2024-11-30,Felipe Lopes,Moda,"R$ 2.860,68"
3280,2023-10-21,Sofia Ribeiro,Livros,"611,60"
3281,2024-05-23,Paulo Teixeira,Eletrônicos,USD 2737.49  
3282,05/07/2023,Vitória Nogueira,LIVRO,"  4.434,31"
3283,2023-11-12,Felipe Pereira,Casa,USD 1393.79
1185  ,2023-03-25,"",Esporte,"3.387,03"
3285  ,2023-07-22,Diego Oliveira,Eletrônicos,"966,81"
3286,2024-10-03,Gabriela Carvalho,Eletrônicos,$ 4820.86
3287,2024-04-01,Sofia Vasconcelos,ESPORTE,"4.619,11"
3288,2023-07-20,Nuno Lopes,misc  ,"R$ 348,65  "
3289,2023-10-14,Vitória Ribeiro,Casa,"R$ 1.255,41  "
3290,13/01/2024,Tiago Oliveira,ELETRONICOS,USD 74.23
3291,2024-06-03,  Lucas Martins,casa_decoracao,"4.494,84"
3292,2024-05-21  ,Ana Jesus,eletronicos,"R$ 3.227,61"
3293,2024-02-19,Lucas Esteves,vestuario,"53,18"
  3294,2023-07-16 10:30:00,Sofia Santos,esporte  ,USD 901.05
3295,15/01/2024,Paulo Santos,casa,"R$ 1.449,09"
  3296,2024-12-27,Bruno Klein,Livros,"R$ 449,33"
3297,03/08/2024,Carla Esteves,Moda  ,$ 4400.62
3298,2023-02-17,Rafael  Queiroz,misc,"866,03"
3299  ,Feb 04 2024,João Nogueira,Casa,"R$ 1.261,70"
3300,30/12/2023,Sofia Carvalho,Livros,"  1.932,89"
3301  ,2023-06-19,  Isabela Teixeira,Casa,""
3302,12/10/2023,Paulo Gomes,diversos,"R$ 4.743,30"
3303,28/03/2024,Henrique Gomes  ,"","1.325,55"
3304,2023-12-28  ,Carla Pereira,Esporte,"2.181,69"
3305,2024-12-08,Karina Gomes  ,Esporte,$  1424.25
3306,2023-01-14,Vitória Jesus,Eletrônicos,"R$ 2.000,96"
3307,13/12/2024,Diego Duarte,livraria,"R$ 3.709,90"
3308,Mar 19 2024,Tiago Ribeiro,Livros,"R$ 608,67"
3309,2024-09-18,Bruno Carvalho,Casa,"3.338,36"
3310,2024-05-16,Sofia Queiroz,Esporte,"3.493,75"
3311,2023-01-25,Diego Gomes,Casa,"3.072,25"
  3312,28/12/2023,Bruno Duarte,Casa,USD 1368.77
3313,2024-07-04,João Pereira,eletro,"R$ 3.691,90"
3314,2024-03-28  ,Diego Almeida,Esporte,"664,27"
3315,2024-08-14,Ana Henriques,Moda  ,"4.132,73"
3316,2023-05-06,Bruno Jesus,Livros,USD 3605.48
3317,30/01/2023,Olívia Esteves,"","2.696,83"
3318,26/03/2024,Carla Lopes,  Casa,"454,42"
3319,Feb 06 2023,Felipe Lopes  ,casa,"556,95"
3320,17/07/2024,Bruno Lopes,Casa,"R$ 677,24"
3321,2024-05-20,Sofia Klein  ,livros,USD 2694.88
3322,2024-13-18,João Esteves,  Esporte,"R$ 4.838,05"
3323,2024-10-14,Diego Santos,LIVRO,USD  2930.04
3324,2023-01-20,Mariana Gomes,casa,$ 1298.86
1010,Jan 26 2024,Ana Queiroz,livraria,""
3326,2023-10-01,Ana Gomes,Casa,"R$ 399,17"
3327,2023-01-26,Sofia Carvalho,Livros,"R$ 4.132,07"
3328,2023-09-29,Paulo Barbosa,Casa,  USD 656.31
3329,2024-12-23,Felipe Jesus,Moda,"R$ 3.575,31"
3330,2023-02-15,Henrique Martins,Livros,"3.104,98"
267,Sep 01 2024,Bruno Teixeira,"","2.182,35"
3332,26/11/2024,João Esteves,livros,"1.590,25"
3333,2023-10-27  ,Bruno Lopes,Eletrônicos,"R$ 1.038,15"
3334,2024-01-02,Tiago  Lopes,diversos,"R$ 4.811,49"
3335  ,05/12/2024,Sofia Lopes,Eletrônicos,USD 3963.76
3336  ,02/10/2023,Olívia Duarte,Casa,"249,29"
3337,2024-07-04,Carla Klein,ESPORTE  ,$ 2103.25
3338,2023-07-02,Diego Queiroz,Eletrônico,"R$ 4.426,59"
3339,  2023-04-20,Gabriela Carvalho,Moda,"R$ 1.909,84"
3340,2023-10-10,Isabela Almeida,Eletrônico,$ 672.76
3341,2023-03-05,João Ribeiro  ,Moda,"R$ 4.803,33"
3342,2023-12-25,Sofia Esteves,casa_decoracao,"3.734,51"
3343,2023-01-03,Ana Queiroz,Eletrônicos,"R$ 653,78"
  3344,2023-08-07,Mariana Ferreira,livraria,"R$ 2.456,61"
3345,Aug 21 2023,Felipe Pereira,Esporte,"2.671,74"
1632,2023-10-28,Rafael Jesus,"",USD 4591.05
3347,2023-11-29,Mariana Santos,Moda,"3.338,03"
3348,2024-09-27,  Eduarda Teixeira,Esporte,"R$ 1.296,68"
3349,2024-05-31,Mariana Martins,Livros,"2.590,26"
3350,Apr 16 2024,Tiago Martins,Eletrônicos,$ 3622.66
3351,2023-04-30,Olívia Almeida,vestuario,"1.776,93"
3352,2024-10-16 10:30:00,Ana Jesus,Esporte,"4.337,00"
3353,  Nov 12 2023,Lucas Oliveira,Moda,"R$ 3.921,31"
3354,2024-01-21,Felipe Duarte,MODA,"2.581,06"
3355,2024-11-29,Felipe Jesus,Casa e Decoração,"1.179,86"
3356,2024-01-02,Felipe Vasconcelos,Livros,n/a
3357,2023-06-11,Karina Klein,Esporte,USD 3926.32
3358,23/11/2024,Henrique Pereira,"","R$ 747,44"
3359,2024-13-03,Gabriela Esteves,Casa,"648,57"
3360,2024-05-18,Ana Gomes,Moda,"R$ 288,29"
3361,2023-08-20,Carla Santos,Livros,"  R$ 2.580,34"
3362,2024-01-18,Sofia Ferreira,  livros,"R$ 2.951,95"
3363  ,2024-11-07,Bruno Queiroz,Eletrônicos,"R$ 1.453,30"
3364,2024-07-27 10:30:00,Felipe Barbosa  ,esporte,"4.871,36"
3365,27/12/2023,Eduarda Gomes,Eletrônicos,"3.442,15"
  3366,  13/01/2023,Sofia Barbosa,Eletrônicos,"R$  318,21"
3367,15/10/2023,Vitória Almeida,Esporte,"R$ 1.619,57"
3368,24/03/2023,Isabela Carvalho,Esporte,"R$ 2.754,24"
3369,2024-10-27,Nuno Ribeiro,LIVRO,"1.356,17"
3370,18/05/2024,Tiago Oliveira,ELETRONICOS,"1.298,39"
3371,2024-04-10,Rafael Jesus,Eletrônicos,"310,44"
3372,2024-11-22,Sofia  Oliveira,"",$ 1264.32
3373,13/08/2023,Bruno Duarte,Casa,"1.399,89"
3374,2023-04-02,Carla Teixeira,casa,""
3375,17/10/2024,Carla Oliveira,Eletrônicos,"4.334,51"
3376,20/04/2023  ,Olívia Pereira,Moda,"3.948,60"
3377,  2024-05-19,Olívia Oliveira,Eletrônicos,"1.199,17"
3378,06/11/2024,Tiago Henriques,Esporte,"R$ 358,60"
3379,2024-08-24,Vitória  Ribeiro,ELETRONICOS,"R$ 3.757,75"
3380,2024-11-05,Olívia Barbosa,Casa e Decoração,"R$ 3.585,63"
3381,12/05/2024,Felipe  Santos,Moda,"R$ 1.061,99"
3382,19/11/2024,Rafael Ferreira,casa_decoracao,"R$ 1.342,08"
3383,2024-02-17 10:30:00,Rafael Teixeira,Esporte,"R$ 4.919,38"
3384,04/08/2023,Sofia Martins,Casa,"1.305,54"
3385,2024-03-10,Mariana Klein,livros,"98,92"
3386,Feb 09 2024  ,Rafael  Almeida,Esporte,"3.767,40"
3387,2023-03-05,Henrique Almeida,Esporte,"774,35"
3388,Dec 14 2024,Nuno Barbosa,Casa  ,"-50,00"
3389,2024-05-23,Tiago Ferreira,Moda,"R$ 1.613,89"
2069,2023-10-01,Eduarda Gomes,Esporte,""
ORD-1023,2023-03-22  10:30:00,Vitória Gomes,  Casa,""
3392,2024-07-05,Mariana Ferreira  ,eletro,$ 336.39
  3393,2024-09-19,Eduarda Teixeira,Livros,"R$ 3.871,60"
3394,05/11/2023,Gabriela Nogueira,Moda,"3.306,04"
3395,2023-06-13,Carla Vasconcelos,Moda,USD 1943.37
3396,  2024-04-17,Olívia Martins,Casa,n/a
3397,2024-01-30,João Carvalho,Moda,"R$ 4.429,59"
3398,19/09/2023,  Felipe Ribeiro,ELETRONICOS,"756,32"
3399,2023-04-12,Henrique Duarte,Moda,"R$ 4.343,81"
3400,Oct 09 2024,Eduarda Carvalho,eletronicos,"R$ 3.319,26"
3401,2024-10-26,Vitória Santos,Livros,-
3402,13/10/2024,Diego Jesus,Casa,"R$  2.605,56"
3403,12/05/2024,Tiago Oliveira,Livros,$ 1411.43
3404,06/10/2023,Ana Teixeira,livros,"R$ 4.537,08"
3405,2023-11-05,Sofia Teixeira,Moda,"R$ 3.776,10"
3406,2023-09-10,Sofia Jesus,Casa,"R$ 4.420,29"
3407,15/03/2023,Lucas Teixeira,Eletrônicos,"1.956,71"
3408,2024-05-09,Diego Duarte,Eletrônicos,"3.208,83"
3409,2024-08-24,Lucas Almeida,Casa e Decoração,""
3410,09/02/2024,Carla Santos,Casa,"R$ 2.625,27"
3411,2024-05-02,Henrique Barbosa,Casa,"R$  2.335,95"
3412,2023-12-13,Ana Duarte,Modas,"3.735,99"
3413,2024-05-28,Lucas Henriques,Eletrônicos,$ 3398.30
3414,Feb 17 2023,Rafael  Lopes,Esporte,USD 179.17
3415,2023-08-21,Bruno Carvalho,ESPORTE,"R$ 3.619,54  "
3416,16/04/2023,Diego Teixeira,Moda,$ 2085.99
3417,25/06/2024,Sofia Gomes,Casa,"R$ 1.677,36"
3418,2023-07-26,Vitória Santos,"","2.130,83"
3419,2023-08-13  ,Tiago Teixeira,eletronicos,"4.587,31"
  3420,  Feb 03 2023,Eduarda Ribeiro,Casa,"R$ 2.514,42"
3421,14/06/2024,Nuno Almeida,Esporte,"R$ 1.963,75"
3422,2023-02-02,Paulo Teixeira,Eletrônicos,"4.679,15"
3423,2024-12-17 10:30:00,Carla Almeida,Moda,$ 3720.58
3424,2023-09-16,Nuno Gomes,Modas,n/a
3425,2023-01-12,Lucas Teixeira,livros,-
3426,Dec 25 2024,Rafael  Ribeiro,eletro,$ 1376.93
3427,2023-08-17,Karina Henriques,Casa,"R$ 79,21"
3428,2019-04-05,Paulo Barbosa,ELETRONICOS,"R$ 103,83"
ORD-1023,2023-02-25,Henrique Nogueira,"","R$ 3.611,43"
3430,2024-01-28,Ana Ribeiro,  livros,"28,95"
3431,2023-08-18,Felipe Teixeira,ELETRONICOS,"806,97"
3432,Jun  03 2024,João Ferreira,casa,"4.682,92"
3433,05/04/2023  ,"",Esporte,"4.068,25"
  3434,29/12/2024,João Duarte,Esporte,"R$ 451,54"
3435,2023-08-03,Nuno Pereira,Eletrônicos,"4.695,50  "
3436,2023-05-30,Ana Almeida,Moda,"R$ 3.837,34"
3437,22/02/2023,Karina Nogueira,Livros,"2.233,99"
3438,10/04/2023,Lucas Teixeira,Casa,"1.560,91"
3439,  2024-07-18,Diego Teixeira,Eletrônicos,USD 3478.49
3440,  2024-13-03,Bruno Duarte,Livros,"2.712,08"
3441,16/07/2024,Paulo Barbosa,Livros,"R$ 4.219,38"
3442,2023-13-19,João Gomes,"","2.278,94"
3443,2023-06-06,Lucas Nogueira,Esporte,"277,81"
3444,2023-09-07,Lucas Barbosa,Casa,"1.517,57"
3445,2024-01-10,Vitória Carvalho,esporte,"R$ 2.859,61"
3446,10/08/2024,Rafael Pereira,casa_decoracao  ,"1.113,07"
3447,28/12/2024,Nuno Gomes,Moda,$ 3610.35
3448,2023-10-17,Henrique Duarte,Livros,"R$ 4.193,39"
3449,2023-11-24,Bruno Carvalho  ,casa_decoracao,"R$ 4.916,52"
3450,2023-05-30,Gabriela Vasconcelos,Moda,"3.505,80"
3451,2024-04-19,Ana Nogueira,Livros,$ 596.47
3452,2024-08-21,Eduarda Henriques,Moda,"R$ 1.591,10"
  3453,2024-05-26,Henrique Henriques,eletro  ,"2.399,24"
3454,13/04/2023,Lucas Klein,Esporte,"1.975,50"
3455,2024-04-07,João Oliveira,eletro,"R$ 861,10"
3456  ,2024-04-12,Mariana Lopes,Livros,USD 4565.49
3457,2024-01-18,  Nuno Carvalho,Livros,"3.720,91"
3458,2023-07-20 10:30:00,Tiago Jesus,Casa,"R$ 2.980,76"
3459,2024-08-15,Karina Queiroz  ,Eletrônicos,"R$ 3.809,34"
"",24/10/2024,Bruno Santos,Eletrônicos,"306,24"
3461  ,30/03/2023  ,Gabriela Almeida,Esporte  ,"2.784,81  "
3462,2023-13-11,Ana Nogueira,Casa,"458,81"
3463,2024-10-30,Isabela Teixeira,  Livros,"R$ 3.608,90"
3464,2024-08-04,Karina Klein,Casa,"4.528,34"
3465,2024-09-06,Mariana Carvalho,  Casa,"R$ 4.152,54"
3466,2024-03-24,Nuno Henriques,livros,"1.772,88"
3467,2023-04-28,Bruno Henriques,Eletrônicos,"R$ 1.021,49"
3468,27/06/2023,"",Livros,$ 3206.19
3469,04/04/2024,Isabela Martins,Casa,$ 4216.01
3470,2024-04-21,Henrique Lopes,Esporte,"4.661,56"
3471  ,2024-02-03,"",eletronicos,"R$ 1.080,71"
3472,2024-13-09,  Vitória Barbosa,Eletrônico,USD 745.87
3473,2023-04-13 10:30:00,Nuno Ribeiro,Moda,$ 1575.60
3474,2024-01-31 10:30:00,Paulo Oliveira,Livros,$ 151.01
3475,03/10/2023,Karina Almeida,Moda,"4.499,59"
3476,26/06/2023,Tiago Jesus,  Esportes,"4.008,69"
3477,02/07/2024,Olívia Martins,Moda,"  2.957,27"
3478,05/07/2023,Tiago Ribeiro,Livros,"4.279,62"
3479,09/01/2023  ,Lucas Gomes,LIVRO,"4.679,41"
3480,20/12/2024,Lucas Esteves,Casa,"R$ 1.448,92"
3481,21/12/2023,Paulo Nogueira,  Livros,"346,12"
3482,16/11/2023,Diego Almeida,livros,$ 1397.02
822,24/04/2023,Ana Oliveira,"","R$ 633,54"
3484,2023-10-09,Tiago Ribeiro,Casa,$ 3397.65
  3485,29/06/2024,Bruno Ribeiro,Moda,n/a
3486,2024-05-17,Felipe Esteves,Livros,"R$ 3.595,92"
3487,2024-05-30 10:30:00,Diego Jesus,Livros,"R$ 598,98"
3488,2024-02-08,Diego Carvalho,esporte,"1.416,52"
3489,2023-08-19,Sofia Santos,livraria,"322,50"
0,05/10/2024,Vitória Ferreira  ,Livros,"1.592,46"
3491,2023-11-11,Gabriela Gomes,Moda,"  4.199,40"
3492,2024-04-23,Vitória Teixeira,vestuario,"R$ 4.088,44"
3493,2023-11-17,Rafael Pereira,"",$  805.76
1961,25/06/2024,"",Moda,USD  4789.18
3495,2024-05-22,Gabriela Pereira,livros,"R$ 4.752,48"
3496,2023-05-13 10:30:00,Olívia Santos,Moda,"3.856,09"
3497,28/04/2024,Sofia Carvalho,Livros,"460,14"
3498,2024-05-30,Carla Teixeira,Eletrônicos,"R$ 900,33"
3499,15/02/2023,Karina Oliveira  ,esporte,"40,48"
3500,  2024-04-15,Felipe Gomes,ESPORTE,"570,90  "
3501,Dec 19 2024,Felipe Vasconcelos,Livros,"R$ 279,82"
3502  ,2023-05-31,Rafael Nogueira,ESPORTE,""
3503,2023-12-24,Felipe Oliveira,Casa,"R$ 2.656,16"
3504,2023-05-04,Eduarda Gomes,Esporte,"931,52"
3505  ,  2023-10-16,Karina Klein,Casa e Decoração,"2.116,18"
3506,13/01/2023  ,Diego Queiroz,Livros,"3.702,67"
3507,2024-01-14,Gabriela Pereira,Livros,"R$ 1.021,29"
3508,Nov 19 2023,João Henriques,Moda,"0,00"
3509  ,2023-05-18 10:30:00,Ana Ribeiro,casa_decoracao,$ 2187.21
3510,17/05/2024,Eduarda Jesus,Eletrônicos,"R$ 3.238,56"
3511,2024-12-06  ,Diego  Lopes,esporte,"3.174,30"
3512,26/09/2024,Henrique Pereira,Eletrônicos,"2.798,21"
3513,2023-10-25,Carla  Oliveira,Moda,$ 2681.50
3514,2024-03-01,Eduarda Santos,Livros,USD 3376.22
3515,Apr 29 2024,Nuno Duarte  ,ESPORTE,"204,20"
3516,2024-05-28,Carla Teixeira,Eletrônicos,-
3517,2024-11-01,Sofia Barbosa,casa,"3.218,20"
3518,2024-03-10,  Nuno Ribeiro,MODA,"R$ 2.139,07"
3519,2024-06-22,Sofia Barbosa,Eletrônicos,USD 3134.55
3520,2024-03-29,Isabela  Lopes,Eletrônicos  ,$ 4593.03
3521,27/11/2023,João Duarte,Moda,"R$ 585,19"
3522,2024-08-02,Paulo Henriques  ,  Livros,"1.217,95"
3523,  2023-05-04,Karina Oliveira,Esporte,"R$ 2.705,86"
1576,09/07/2024  ,Diego Duarte,"","R$ 2.607,72"
3525,  2024-10-24,Isabela Barbosa,Casa,"R$ 519,59"
404,2024-08-08  ,Rafael Esteves,Casa,""
3527,2024-05-27,Vitória  Pereira,Eletrônicos,"2.814,65"
3528,2024-03-25,Rafael Duarte,casa_decoracao,"R$ 3.018,18"
3529,2023-08-22,Henrique Gomes,Esporte,"R$ 1.698,74"
3530,2024-06-30,Nuno Duarte,livros,USD 4112.79
3531,  2024-12-26,Tiago Ferreira,moda  ,"2.369,81"
3532,2023-10-06,Mariana Nogueira,"","2.092,58"
3533,Jun 17 2024,Vitória Pereira,Esportes,"R$ 592,71"
1805,2023-09-01,"",Casa,"283,47"
2124,2024-03-28  ,"",Moda,"R$ 1.202,94"
3536,04/05/2023,Mariana Martins,outros,"R$ 3.543,52"
3537,2023-05-27,Diego Lopes,Livros,"4.613,98"
529,14/11/2024,Nuno Gomes,Livros,""
1054  ,2023-04-09,"",Casa,"4.496,83"
3540,2024-12-06,Nuno Oliveira,Livros,"446,97"
3541,06/04/2024,Lucas Lopes,Livros,"600,95"
3542  ,2023-10-04 10:30:00,Isabela Klein,Eletrônico,"2.975,41"
3543,2024-08-18,"",Esportes,"R$ 323,62"
413,2023-10-14,Gabriela Vasconcelos,Casa,""
  3545,2023-04-09,Ana Vasconcelos,LIVRO,"4.570,67"
3546,2023-09-24,Nuno Martins,Casa,-
3547,2024-04-07,João Martins  ,eletronicos,"2.769,75"
1777,2023-10-23,Henrique Queiroz,Esportes,""
3549,2023-03-28,Carla Gomes,Eletrônicos,"2.074,80"
3550,2023-10-31,Felipe Klein,Eletrônicos,"R$ 4.297,28"
3551,2023-06-28,Carla Queiroz,livraria,"R$ 1.447,09"
3552,2023-01-12,  Tiago Martins,Casa,$ 267.11
3553,2024-10-11,Olívia Nogueira,casa_decoracao,"2.895,50"
3554,2024-10-25,João Ribeiro,Livros,"  593,93"
3555  ,  08/09/2024,Isabela Queiroz,  eletro,"R$ 4.651,90"
3556,2024-09-18  ,Karina Vasconcelos,"","R$  868,94"
3557,2024-07-15,Carla Esteves,livraria,"R$ 4.393,54"
3558,29/05/2024,Carla Santos,Casa,$ 2488.25
3559,29/01/2024,Gabriela Lopes,Moda,$ 4097.59
3560,2023-11-09,Felipe Nogueira,misc,"R$ 766,51"
542  ,12/08/2024,Olívia Klein,livraria,""
3562,2024-11-06,Diego Ferreira,Moda,"703,85"
3563,12/09/2024,Henrique Oliveira,Esporte,"1.730,85"
1211,2024-04-15,João Ferreira,"","R$ 3.902,26"
3565,2024-08-31,Carla Duarte,Livros,"R$ 2.111,68"
3566,2024-05-05,Vitória Carvalho,Moda,"R$ 1.842,52"
3567,2023-02-26  ,Henrique Jesus,Moda,USD 4674.39
3568,10/02/2023,Mariana Santos,Esporte,"R$ 23,55"
3569,  Sep 17 2024,Olívia Lopes,Esporte,"3.810,12"
3570,2023-07-14,Tiago Henriques,Livros,"3.040,24"
3571,2023-01-14,Karina Gomes,Moda,"  R$ 4.830,88"
3572,2024-13-30,Isabela Oliveira,  Esporte,"1.886,38  "
"",2023-02-11,Rafael Ribeiro,Esporte,"R$ 2.824,16"
3574,2023-08-06 10:30:00,Rafael Vasconcelos,Moda,""
3575,2024-03-07,Bruno Carvalho,"","758,21"
3576,17/10/2024,Diego  Martins,Eletrônicos,"3.004,91"
3577,13/04/2024,Mariana Oliveira,moda,"R$ 1.683,29"
3578,2023-09-02,Carla Jesus,Livros,"84,44"
3579,2024-11-09,João Jesus,  Eletrônicos,"R$ 3.335,68"
3580,2024-12-29,  Ana Queiroz,Modas,"R$ 2.662,01"
3581,2019-10-19,Olívia Santos,Moda,"3.393,62"
3582,22/08/2023,Eduarda Esteves,Eletrônico,"722,55"
3583,21/04/2023,Eduarda Martins,LIVRO,USD 1569.26
3584,21/03/2024,Isabela  Nogueira,esporte  ,"4.325,70"
ORD-1023,2023-07-23,"",eletronicos,"R$ 2.631,81"
3586,2023-06-13,Olívia Klein,Casa,"R$ 1.468,57"
3587,2024-05-17,Rafael Henriques  ,Moda,"R$ 1.187,66"
3588,2023-03-10,Bruno Lopes,LIVRO,"4.437,94"
3589,2024-08-01,Ana Carvalho,Eletrônicos  ,"R$ 2.522,48"
3590,2023-02-22,Carla Vasconcelos,casa_decoracao,"R$ 4.463,47"
3591,2024-12-30 10:30:00,Carla Nogueira,Moda  ,"  4.571,41"
3592,2024-06-25,Bruno Almeida,"","R$ 1.742,11"
3593,2024-11-01,Gabriela  Lopes,Moda,"R$ 4.818,62"
1112,10/01/2023,  Felipe Gomes,Livros,""
3595,20/08/2024,Tiago Gomes,Casa,"R$ 1.955,58"
3596,2023-12-11 10:30:00,Olívia Klein  ,Eletrônicos  ,"3.173,09"
3597,27/12/2024,Carla Oliveira,ELETRONICOS,"1.627,45"
3598,2024-01-19,Diego Nogueira,Casa  ,"807,07"
3599,2024-05-13,Tiago Jesus,Livros,"R$ 165,22"
3600,2024-12-13,Felipe Esteves,  Esporte,USD 2389.75
3601,2023-04-26  ,Olívia Vasconcelos,Livros,USD 1564.82
3602,2024-08-18,Eduarda Martins,Moda,USD 4536.60
3603,2024-01-29,Rafael Martins,Moda,"4.498,69"
3604,15/10/2024,Olívia Esteves,livros,  $ 918.91
3605,22/06/2023,Gabriela Carvalho,Casa,"363,24"
3606,2023-05-18,Vitória Gomes,Eletrônicos,"414,81"
3607,2024-09-30,Tiago Santos,MODA,""
3608,2024-12-26,Rafael Jesus,Eletrônicos  ,"2.826,58"
3609,2024-06-24  ,Isabela Ferreira,Eletrônicos,USD 3769.07
3610,01/06/2023,Bruno Carvalho,Moda,USD  2088.57
3611,2024-10-23,Bruno Pereira,Eletrônicos,"R$ 112,01"
3612,2023-01-24 10:30:00,Eduarda Oliveira,livros,"R$ 2.235,54"
2456,Jun 19 2024,  Mariana Duarte,"","R$ 1.641,55"
3614  ,2023-05-29,Tiago Jesus,  Esporte,USD 4113.73
3615,2024-05-01 10:30:00,Sofia Oliveira  ,  Casa,"3.049,31"
3616,2024-01-29,Henrique Queiroz,livraria,  $ 4712.14
3617,2024-09-10,Vitória Teixeira,Casa,$ 3426.07
3618,Apr 05 2023,Isabela Lopes,Esportes,"R$ 4.595,07"
3619,29/01/2024,Gabriela Barbosa,"","999,03"
3620,2023-03-07,Ana Pereira,Esportes,"1.467,14"
3621,2023-03-05,Eduarda Oliveira,Esporte  ,"R$ 929,42"
3622,20/12/2023,Vitória Queiroz,Casa,""
3623,  2023-10-17,Felipe Pereira,casa,"4.064,80"
1425,19/03/2024  ,Carla Jesus,"","4.757,00"
3625,2024-08-05,  Diego Pereira,Casa,"R$ 4.634,98"
302,Mar  21 2024,Lucas Carvalho,Esporte,""
3627,Mar 27 2024,Ana Pereira,Livros,"3.508,96"
3628,  25/10/2023,Paulo Henriques,Livros,"2.573,79"
3629,2023-11-24,João Klein,eletronicos,"R$ 1.942,86"
3630,16/03/2024,"",Casa,"R$ 1.500,66"
3631,2024-05-04,Vitória Queiroz,Livros,"R$  1.284,95"
3632,2024-12-20,"",Moda,"R$ 4.136,92"
3633,18/07/2023,Rafael Duarte,Esporte,"4.337,07"
  353,  2023-01-14,Paulo Duarte,"",USD 2014.65
3635,2023-02-25,Felipe Duarte,Moda,"R$ 444,10"
3636,2023-08-13,Nuno Queiroz,Casa,"R$ 1.309,04"
3637,2024-10-27,Ana Oliveira,Livros,"R$  82,79"
3638,2024-09-14,Eduarda Queiroz  ,Eletrônicos,"R$ 2.539,25"
3639,2023-09-30,Karina Carvalho,Moda,"R$ 2.946,17"
3640,27/07/2024,Paulo Oliveira,livros,"  1.549,08"
417,02/08/2024,Vitória Teixeira,esporte,""
3642,2023-01-29,Mariana Jesus,eletronicos,"3.896,02"
3643,2024-09-07,  Carla Jesus,Eletrônicos,"3.140,01"
3644,2023-06-25,Paulo Lopes,"","R$ 1.483,31"
3645,2024-12-19,  João Barbosa,Esportes,"4.921,22"
3646,2023-12-03,Bruno Almeida,casa_decoracao,"R$ 3.372,68"
3647,2023-13-18,Paulo Oliveira,Esporte,"R$ 929,43"
3648,2023-07-20,João Lopes,Eletrônicos,USD 3209.39
3649,06/03/2024,João Henriques,Eletrônicos,"R$ 343,79"
3650,2023-04-16,Vitória Esteves,Eletrônicos,"3.405,65"
3651,2023-01-13,Isabela Klein,Eletrônicos,"1.152,49"
3652,26/08/2023  ,Karina Queiroz,Moda,"2.985,39"
3653,2023-05-18,João Duarte,Livros,"245,45"
3654,2019-03-19  ,Karina Klein,Eletrônicos,$ 1806.19
3655,Apr 01 2024,Carla Jesus,Eletrônicos,"R$ 2.689,32"
3656,01/10/2024,Eduarda Nogueira,"",USD 3702.45
3657,2023-05-29,Sofia Duarte,Modas,"R$ 4.728,45"
3658,2024-12-21 10:30:00,Vitória Pereira,Moda,"2.454,80"
3659,28/09/2024,Sofia Carvalho,livraria,USD 3433.50
3660,09/01/2023,Ana Gomes,Esporte,$ 64.65
2108,2023-03-29,"",Modas,USD 2742.45
3662,10/11/2024,Tiago Lopes  ,  Esporte,n/a
1802,2024-12-05,"",Moda,"1.171,80"
3664,06/03/2024,Sofia Pereira,Livros,"4.917,22"
3665,  2024-06-23,Diego  Lopes,livros,"R$ 3.968,20"
  3666,09/12/2023,Henrique Henriques,Casa,"R$ 2.448,54"
3667,08/07/2023,Gabriela Nogueira,moda  ,"R$ 701,65"
3668,2023-12-20 10:30:00,Mariana Teixeira,ELETRONICOS,"R$ 898,44"
3669,01/06/2023,Eduarda Jesus,eletro,"975,95"
3670,2024-12-12,Tiago Ferreira,Esporte,"  R$ 2.486,00"
3671,2024-03-14,Rafael Oliveira,esporte,"R$ 2.371,81"
3672  ,2023-06-09,Nuno Gomes,casa,USD 336.70
3673,2023-05-22,Isabela Duarte,livros,"R$ 4.359,59"
3674,2024-06-14,Vitória Queiroz,Moda,"1.628,81"
3675,  Dec 14 2024,"",Eletrônicos  ,"3.678,23"
3676,2024-04-22,João Jesus,Eletrônico,"468,69"
3677,2023-11-01,Lucas Barbosa,Moda,"R$ 2.133,10"
3678,2024-10-23,Felipe Ferreira,LIVRO,"R$ 1.732,65"
3679,2023-12-30 10:30:00,Rafael Lopes,ESPORTE,"330,67"
  3680,2023-12-09 10:30:00  ,Vitória  Duarte,eletronicos,"741,32"
3681,2024-08-11,Diego Almeida,  Esporte,"R$ 489,03"
3682,Sep 17 2024,Sofia Queiroz  ,Eletrônicos,USD 3919.99
3683,2023-08-02,Mariana Esteves,Moda,"1.936,72"
  3684,2023-05-27,"",Esporte,"R$ 768,13  "
3685,2024-09-12,Felipe Gomes,  Eletrônicos,"2.271,00"
3686,2024-06-15,Eduarda Esteves,Casa,"335,15"
3687,2024-07-07,Paulo Nogueira,Eletrônicos,"R$ 4.092,61  "
3688,2024-08-11,Tiago Jesus,Casa,"1.695,56"
301,04/03/2023,"",Eletrônicos,"1.471,32"
  3690,2024-05-28,Mariana Ribeiro,Eletrônicos,"2.629,06"
3691,May 02 2024,Lucas Esteves,Moda,"R$ 4.820,84"
3692,22/04/2024,Paulo Oliveira,diversos,"R$ 299,25"
3693,06/10/2024,Bruno Gomes,Esportes,"R$ 2.337,30"
3694,2024-07-15,Diego Pereira,casa,"4.850,77"
3695,2023-08-27,Diego Jesus,Livros,USD 1279.07
3696,2024-04-11,Diego Ferreira,esporte,"4.339,25"
3697,2024-10-01  ,Diego Ribeiro,  Casa,"1.047,12"
3698,19/10/2024,Bruno Teixeira,Eletrônicos,"R$ 993,82"
  3699,2023-01-21,Paulo Barbosa,Moda,"2.089,16"
3700,2023-09-24,Vitória Jesus,livraria,"2.452,01"
3701,  2023-01-30,Bruno Santos,ESPORTE,"3.384,78"
3702,17/10/2023,Olívia Oliveira,Livros,"4.685,91"
3703,2024-11-06,Paulo Queiroz  ,livros,"R$ 2.385,57"
3704,2023-11-17,Eduarda Carvalho,Eletrônicos,USD 4263.32
3705,2019-12-16,Carla Esteves,Casa,"R$ 1.549,78"
3706,29/08/2023,Felipe Henriques,Moda,"142,04"
3707,2023-07-16,Karina Ribeiro,Eletrônicos,"R$ 3.803,96"
3708,2023-01-14,  Mariana Carvalho,Esporte,"R$  4.149,64"
3709  ,2019-12-20,Eduarda Teixeira,Livros,"R$ 2.978,42"
3710  ,2023-11-08,Lucas Martins,Esportes,"R$ 2.447,74"
2342,21/12/2023,Sofia Queiroz,moda,""
3712,2023-01-20,Rafael Esteves,Eletrônicos,USD 3839.58
3713,2024-05-03,Felipe Lopes,Esporte,"R$ 2.004,26"
3714,15/04/2023,Rafael Martins,Esportes,"1.159,46"
3715,12/06/2024,Nuno Pereira,Esporte,USD 1661.65
3716,2024-01-12 10:30:00,Olívia  Ferreira,diversos,"2.086,29"
3717,09/09/2023,Felipe Barbosa,Livros,USD 4375.10
3718,2023-04-21 10:30:00,Paulo Barbosa,Moda,USD 4829.51
3719,18/08/2024,Nuno Queiroz,Eletrônicos,"792,41"
3720,2024-03-30,Rafael Duarte,Eletrônico,"1.595,94"
3721,2024-04-14,Olívia Almeida,Casa,"R$ 3.273,43"
3722,2023-01-13,Paulo Carvalho,diversos,"3.452,13"
3723,18/12/2023,Gabriela Jesus  ,Livros,"1.438,09"
3724,2024-09-20,Carla Teixeira,Eletrônicos,$ 3703.60
3725,2024-11-22,Tiago Henriques,Esporte,"R$ 998,66"
3726,Jun 15 2023,Tiago Ribeiro,Casa,"R$ 2.596,43"
3727,07/07/2023,Bruno Barbosa,livros,"318,13"
3728  ,2023-05-25,Isabela Pereira,  Moda,"R$ 2.869,33"
3729,Oct 04 2023,Tiago Duarte,Esporte,  n/a
3730,2023-03-13,  Nuno Ferreira,Moda,"377,60"
3731,11/03/2023,Nuno Almeida  ,Eletrônicos,"2.916,12"
3732,  25/12/2023,Gabriela Nogueira,Esporte,$ 4698.32
3733,06/08/2023,Sofia Carvalho,Livros  ,"R$ 1.176,67"
1367,2024-07-16  ,Sofia Martins,"","R$ 4.706,18"
3735,2024-05-08,Felipe Esteves,Moda,"575,80  "
3736,2024-01-03,Karina Almeida,Livros,"905,90"
3737,04/04/2023,Isabela Klein,"","2.447,92"
3738  ,2023-01-14,João Oliveira,Eletrônicos,"913,64"
3739,2023-01-23,Felipe Esteves,Livros,""
3740,2023-13-25,Eduarda Klein,Esporte,$ 129.40
3741,2024-01-28,Isabela Nogueira,eletronicos,"R$  154,15"
3742,Jun 17 2024,Eduarda Almeida,ESPORTE,"R$ 1.268,42"
ORD-1023,2023-04-08,Lucas Jesus,casa_decoracao,"3.169,92"
3744,2024-13-03,Diego Ferreira,"",USD 4319.00
3745,2024-09-29,João Barbosa,  Esporte,"R$ 2.462,49"
3746  ,2024-02-22,"",livraria,"R$ 1.537,91"
3747,May 12 2024,Rafael Esteves,Moda,"R$ 1.422,31"
3748  ,2023-09-01,Rafael Henriques,Livros,"960,12"
1084,15/10/2024,Rafael Ribeiro,Livros,""
  3750,22/11/2024,Ana Barbosa,moda,n/a
737,2024-06-26,Lucas Esteves,"","4.723,04"
3752,2024-11-11,Isabela Henriques,Eletrônicos,"R$ 951,98"
3753,  2023-02-24,Sofia Duarte,  Casa,"3.864,23"
3754,13/06/2023,João Carvalho,Esportes,"R$ 2.767,50"
  3755,2023-09-07,Karina Pereira,Esporte,"1.122,93"
3756,2024-06-12  ,Ana Henriques,Eletrônicos,"R$ 1.352,78"
3757,Sep 12 2023,Gabriela Almeida,Livros,"269,70"
3758,2024-05-27,Felipe Duarte,livros,"R$ 1.084,07"
3759,2023-07-25,Eduarda Nogueira,Esporte,"R$ 1.548,95"
3760,Jun 26 2024,Ana Carvalho,Livros  ,"R$ 4.941,98"
3761,15/04/2024  ,Ana Pereira,Esportes,  $ 2147.98
3762,2024-05-14,Mariana Pereira,Eletrônicos,"R$ 3.471,24"
76,2024-11-08,"",MODA,USD 1833.78
3764,10/02/2024,Vitória Ferreira,Eletrônicos,"R$ 638,75"
3765,08/05/2023,Mariana Esteves,ESPORTE,"R$ 4.597,09"
3766,2024-11-08,Mariana Gomes,  eletronicos,"189,42"
3767,2024-08-18,Paulo Queiroz,Livros  ,"4.660,41"
3768  ,2024-05-04 10:30:00  ,Rafael Klein,"",USD 329.24
3769,14/04/2023,Mariana Nogueira,MODA,"R$ 247,47  "
3770,2024-01-12,Tiago Oliveira  ,Casa,"R$  3.815,23"
3771,2023-06-17,Carla Esteves,"","R$ 4.157,46  "
473,2023-02-04,"",Esporte,"3.464,42"
3773,2023-12-18,Eduarda Pereira,Eletrônico,$ 2672.66
3774,2023-04-19,Isabela Jesus,Livros,"R$ 848,09"
3775,Jul  21 2023,Henrique Gomes,Moda,"2.339,54"
3776,2024-01-10,Paulo Teixeira,Livros,"R$ 4.187,24"
3777,2024-13-22,Diego Nogueira,Moda,"  2.389,90"
3778,2023-04-06,Eduarda Nogueira,Eletrônicos,"271,33"
3779,2023-12-21,Felipe  Pereira,Esportes,$ 3555.64
3780,2024-02-18,Diego Vasconcelos,Esporte,"4.558,56"
3781,2024-12-10,Mariana Lopes,  eletro,$ 3853.01
3782,03/10/2024,Vitória Henriques,Esportes,"R$ 4.536,70"
3783,2024-03-15,Eduarda Teixeira,Livros,"2.962,21"
3784,2023-06-01,Ana Almeida,Moda,"3.768,35"
3785,2024-11-16,Henrique Nogueira,Moda,$ 2962.72
3786,11/12/2023,Rafael Lopes,livros,"1.924,65"
3787,2024-08-16 10:30:00,"",Moda,"R$ 1.152,33"
3788,13/07/2023,Nuno Martins,misc,""
  3789,2024-02-01,Vitória Barbosa,Eletrônicos,"4.701,72"
3790,2023-05-29,Paulo Klein,Livros,"4.906,96"
3791,2024-03-03,Vitória Queiroz,livraria,"528,83"
3792,Jul 24 2023  ,Tiago Teixeira,Moda,"R$ 4.609,32"
3793,  2024-02-02,Felipe Vasconcelos,Esporte,"4.642,26"
3794,07/12/2023,Ana Duarte,Esporte,"-50,00"
3795,10/01/2023,Henrique Lopes,Eletrônicos,$ 2903.43
3796,Dec 25 2024,  Paulo Klein,casa_decoracao,"R$ 1.883,73"
3797,2023-09-22,Tiago Queiroz,Esporte,"649,22"
3798,14/06/2023,Diego Klein,Eletrônicos,$ 77.58
3799,2024-07-14,Paulo Santos,Casa e Decoração,  $ 2936.10
3800,05/05/2023,Rafael Santos,Esporte,"R$ 2.183,54"
3801,2023-08-22,Rafael Klein,Casa,"R$ 3.795,25"
3802,2023-01-11,Isabela Klein,Eletrônicos,"1.302,88"
  3803,04/06/2023,Rafael Duarte,Livros  ,"R$ 4.573,73"
3804,2023-10-26,Bruno Oliveira,Eletrônicos,"3.574,73"
3805,2023-09-25,Sofia Vasconcelos,Eletrônicos,"3.817,27"
3806,22/05/2024,Sofia Martins,vestuario,"R$ 1.007,13  "
3807,2024-01-28,  Lucas Oliveira,Esporte,"R$ 4.087,77"
  3808,16/03/2023,Karina Jesus,Livros,$ 1100.70
3809,2024-05-25 10:30:00,Lucas Lopes,Livros,"R$ 2.507,00"
3810,Aug 03 2023,Nuno Almeida,Casa,"3.431,17"
3811,  14/12/2024,Carla Jesus,misc,"  R$ 4.092,04"
3812,2024-09-04,Felipe Esteves,Livros,"313,64"
3813,05/04/2023,Vitória Carvalho,  Casa,"1.403,82"
3814,Feb 22 2023,Nuno Santos,Moda  ,""
3815,27/08/2023,Isabela Barbosa,Livros,"2.227,08"
3816,2024-08-04,Sofia Pereira,Casa,"R$ 3.853,27"
3817,2024-06-03,Ana Jesus,Esportes,$ 2286.87
3818,13/07/2023,Sofia Queiroz,Moda,$ 144.45
3819,2024-03-13,Olívia Barbosa,Casa,"1.704,72"
3820,07/06/2024,Henrique Esteves  ,  Esportes,"R$ 196,14"
3821,2024-10-15,Henrique Gomes,ESPORTE,"R$ 1.383,70"
3822,07/12/2024,Diego Vasconcelos,Livros,"1.590,39"
3823,Jun 20 2023,Felipe Ferreira,Livros,"R$ 2.370,74"
892,2024-12-07,Henrique Oliveira,Livros,""
3825,2024-08-23,Carla Ferreira,Esporte,"962,34"
3826,2024-03-01,Karina Duarte,Casa,$ 901.56
3827,2024-08-06,Carla Esteves,esporte,"R$ 1.501,36"
3828,2024-05-09,Rafael Barbosa,Casa,"R$ 927,78  "
3829,2023-11-25,Ana Vasconcelos,Casa,"925,69"
3830,2023-04-20,Isabela Oliveira,LIVRO,USD 2230.63
3831,2024-06-15,João Pereira  ,Livros,"R$ 1.840,60"
3832,2024-13-18,Lucas Esteves,Casa,"2.280,87"
3833,03/09/2023,Bruno Klein,Casa,$ 2022.00
3834,29/05/2023,  Carla Pereira,Livros,"2.513,87"
3835,2023-10-06,Nuno Henriques,livraria,"1.716,21"
3836,2024-05-31,Isabela Duarte,Livros,"R$ 2.555,93"
3837,2024-05-10,Nuno Jesus,eletro,"3.371,83"
3838,2024-11-08,Olívia Vasconcelos,Eletrônicos,"R$ 1.500,34"
3839,2023-12-20,Nuno Martins,  Livros,"3.127,05"
3840,2024-11-21 10:30:00,Ana Lopes,Eletrônicos,"1.891,09"
3841,2023-03-26  ,  Sofia Santos,Moda,$ 4166.45
3842,2023-09-11,João Almeida,Esporte,"R$ 3.934,94"
3843,2023-06-24,Bruno  Carvalho,  vestuario,"2.430,28"
3844,2024-07-19,Diego Oliveira,Esporte,USD 4014.42
3845,Dec 04 2023,Sofia Jesus,casa_decoracao,"1.405,71"
3846,2023-05-17,Carla Klein,ESPORTE,"3.058,96"
3847,09/01/2023,Ana Duarte,Eletrônicos,"R$ 2.005,50"
3848,2023-02-27  ,Bruno  Oliveira,Eletrônicos,"2.427,61"
3849,2023-01-25,Nuno  Henriques,Esporte,$ 4732.08
3850,2023-03-08,Mariana Gomes,Esporte,$ 2726.38
3851,05/12/2023,Carla Queiroz,  Modas,"1.836,35"
3852,2023-09-27,  Eduarda Martins,Casa,"3.052,95"
ORD-1023,2024-10-13,Henrique Almeida,ELETRONICOS,"R$ 3.674,59"
3854,24/08/2023,"",esporte,"3.207,56"
  3855,2023-07-31,Gabriela Klein,Moda,"  R$ 2.570,89"
  3856,2023-03-27,Gabriela Queiroz,casa,"4.785,68"
3857,Oct 22 2023,Lucas Pereira,Moda,"R$ 4.223,03  "
3858,2023-05-12,  Vitória Vasconcelos,  livraria,USD 3028.53
3859,28/09/2023,Tiago Teixeira,Livros,"R$ 1.803,87"
3860,2023-08-04,Bruno Henriques,ESPORTE,$ 849.81
3861,2023-03-04,João Ferreira,livros,"3.418,24"
3862,2024-12-12,Lucas Nogueira,Eletrônicos,"827,06"
3863,2019-04-27,Vitória Oliveira,Livros,""
  3864,30/11/2023,Henrique Vasconcelos,Livros,"461,43"
3865,2023-11-13,João Almeida,Esporte,"825,30"
3866,Jul 11 2023,João Almeida,  Esporte,"R$ 2.069,25  "
3867,2024-07-21,Lucas Carvalho,Casa,"4.591,45"
3868,2024-11-13,Sofia Santos,Moda  ,"R$ 1.339,69"
3869,28/07/2023,Mariana Esteves,Casa,"R$ 1.831,26"
3870,May 06 2024,  Isabela Santos,Esporte,"R$ 2.903,13"
3871,2023-10-25,Ana Oliveira,Livros  ,$ 801.01
3872,2023-10-31,Eduarda Gomes,Casa,"4.035,13"
3873,15/11/2023,Karina Jesus,ELETRONICOS,"R$ 4.955,52"
3874,17/11/2023,Carla Santos,Livros,"R$ 3.304,35"
3875,2024-04-05,Rafael Martins,Livros,"3.854,00"
3876,Jul 23 2023  ,Sofia  Pereira,LIVRO,"1.073,97"
3877,2024-02-06,Felipe Santos,Eletrônicos,"4.442,52"
3878,2023-04-22,Henrique Carvalho,eletronicos,"1.726,01"
  3879,2023-06-01,Bruno Ribeiro,Livros,"R$ 651,99"
  3880,04/11/2024,Sofia Gomes,casa,"R$ 4.423,34"
3881,2023-05-27,Vitória Duarte,ELETRONICOS,"1.426,86"
3882,2024-11-22,Bruno Barbosa,Casa,$ 139.57
3883,2023-02-05,Tiago Jesus,Eletrônicos,"3.046,69"
3884,16/02/2024  ,Carla Martins,Livros,"3.351,56"
  3885,2024-06-14 10:30:00,Mariana Queiroz,ESPORTE,"R$ 4.793,84"
3886,2023-05-01,Diego Carvalho,Livros,"R$ 1.613,32"
3887,2024-08-15,Carla Almeida,vestuario,USD 373.33
3888,03/09/2024  ,Ana Lopes,Livros,"81,26"
3889,2024-07-24,Karina Duarte,casa,"4.653,52"
3890,  2023-07-30,  Bruno Nogueira,Livros  ,"1.426,17"
3891,27/12/2023,Mariana Duarte,Casa,USD 3306.37
3892,24/02/2023,Diego Duarte,Esporte,"R$ 1.757,75"
3893,2024-10-18,Mariana Jesus,Esportes,$ 2147.77
3894,19/06/2023,Lucas Gomes,Casa,"204,80"
3895,2023-06-05,Vitória Nogueira,Livros,"4.440,95"
3896,2024-05-23,Bruno Nogueira,Modas,"R$ 4.977,22"
3897,19/01/2023,Carla Teixeira,Livros,""
3898,Jul 07 2024,"",moda,""
3899,25/11/2023,Sofia Klein,Casa,"4.563,47"
3900,2024-06-18,Gabriela Ferreira,Livros,USD 3507.37
3901,  30/08/2024,Nuno Barbosa,Moda,USD 3709.55
3902,2024-12-24,João Henriques,Casa,"  R$ 2.491,07"
3903,08/12/2023,Henrique Ribeiro,  Eletrônicos,"R$ 1.744,06"
3904  ,2024-04-17,João Klein,Eletrônicos,USD 3781.91
3905,Aug 02 2023,Henrique Vasconcelos,Moda,"R$ 1.787,17"
3906,  01/09/2023,Karina Gomes,Casa,"R$ 4.204,59"
3907,2023-07-28,Mariana Henriques,ELETRONICOS,"R$ 1.020,15"
3908,Jan 01 2024,Diego Santos,casa,"R$ 1.723,15"
3909,2023-06-10,Ana Henriques,  Moda,USD 3912.07
3910,02/12/2024,Lucas Barbosa,  Livros,"R$ 1.005,71"
3911,2023-03-13 10:30:00,João Nogueira,Esporte,"1.043,68"
3912,31/01/2023  ,Carla Pereira,Esporte,$ 4820.12
3913,2024-05-20 10:30:00,Carla Pereira,Esporte,-  
3914,2024-04-20,Ana Oliveira,Casa,"2.372,90"
3915,29/08/2024,Felipe Esteves,Eletrônicos,"R$ 62,25"
  3916,2024-05-15,"",Esporte,"R$ 1.138,91"
3917,2024-09-12,Diego Teixeira,Livros,"R$ 2.708,52"
3918  ,09/02/2024,Felipe Martins,ESPORTE,"R$ 3.944,96"
3919,2023-10-17 10:30:00,Felipe Santos,Casa,"  R$ 2.245,29"
3920,2023-05-02,Felipe Almeida,Eletrônicos,"R$ 347,64"
3921,22/02/2024,Vitória Queiroz,Eletrônicos,"R$  889,05"
3922,2024-01-01,Lucas Teixeira,casa_decoracao,"1.335,43"
3923,2024-11-02,Rafael Nogueira,livraria,"4.263,47"
3924,2024-07-17,Bruno Gomes,Casa,"R$ 1.598,17"
3925,2023-12-30,Ana Pereira,Casa,"2.894,91"
3926,2024-11-13 10:30:00,João Esteves,ESPORTE,  USD 823.88
3927,2023-09-05,Eduarda Vasconcelos,casa,USD  2949.10
3928,2024-09-13,Karina Duarte,esporte,"503,71"
3929,2024-04-06,Carla Martins,Livros,"4.666,78"
3930,May 30 2024,Bruno Gomes,Esporte,"R$ 3.379,32"
3931,2024-06-16,Felipe Ferreira,ESPORTE  ,$ 4381.32
3932,22/06/2024,Paulo Pereira,Eletrônicos  ,"1.660,65"
3933,2023-09-22,  Lucas Nogueira,Casa e Decoração,"4.842,05"
3934  ,2023-04-08  10:30:00,Vitória Martins,Casa,"R$ 1.636,79"
  3935,2023-09-29,Lucas Esteves,Eletrônicos,"1.618,03"
465,19/04/2023,"",Casa,"R$ 1.302,66"
3937,2024-03-26,Nuno Duarte,Casa,USD 4550.55
3938,2023-03-31,Gabriela Ferreira,Casa,"R$ 163,30"
3939,2024-10-30,Diego Santos,Eletrônicos,"R$ 691,25"
3940,2023-06-06,Paulo Martins,Livros,"1.430,62"
  3941,Apr  14 2023,João Almeida,  Livros,"R$ 1.165,95"
3942,27/02/2023,Nuno Henriques,LIVRO,USD 277.76
3943,2024-12-03,Bruno Nogueira,Casa,"3.815,15"
3944,2024-09-23,Rafael Nogueira,Casa e Decoração,"R$ 1.478,35"
3945,2023-04-22 10:30:00,Felipe Lopes,Eletrônicos,"R$ 4.549,48"
3946,2023-13-08,Rafael Lopes,Esporte,USD 1848.58
  3947,2023-11-08,Lucas Vasconcelos,Esporte,""
3948,2023-06-30 10:30:00,Mariana Duarte,Eletrônico,""
3949,2024-10-09,Olívia Duarte,  Eletrônicos,USD  1882.96
3950,21/03/2024,Lucas Esteves,Livros,"68,69"
3951,03/09/2024,Sofia Gomes,Esporte,"R$ 4.853,73"
3952,15/12/2024,João Queiroz,Eletrônicos,""
3953,2024-08-29,Gabriela Henriques,Casa,"R$ 3.917,57"
  3954,Apr 08 2024,Eduarda Queiroz,livros,USD 4881.95
3955,2024-05-24,Diego Queiroz  ,Eletrônicos,"R$ 3.743,24"
3956,  2023-04-24 10:30:00,Bruno  Ribeiro,Esporte,"R$ 1.606,40"
3957,2023-09-11,Paulo Teixeira  ,Casa e Decoração,"R$ 524,11"
3958,05/09/2024,Mariana Henriques,Esporte,"R$ 1.708,80"
3959,08/08/2024,João Lopes  ,ESPORTE,"R$  949,59"
3960,24/03/2024,Isabela Oliveira,misc,"1.285,84"
  3961,08/12/2024,Karina Teixeira,Casa,"1.555,04"
3962,2024-05-24,Lucas Vasconcelos,livraria,"R$ 4.125,14"
3963,2024-04-26,Olívia Lopes,Esporte,"1.155,66"
3964,2024-05-10  ,Carla Nogueira,Esporte,"2.303,01"
3965,2024-03-19,Mariana Henriques  ,Eletrônicos,""
  3966,2024-10-02,Bruno Barbosa,Esporte,"1.088,38"
2437,21/11/2024,Olívia Queiroz,"","1.937,73  "
3968  ,2024-12-05,Karina Klein,eletro,USD  41.13
3969  ,2023-08-18,Bruno Oliveira,Modas,"R$ 415,98"
3970,2023-08-21  ,Diego Oliveira,Livros,"4.877,63"
3971,27/10/2024,Henrique Martins,Moda,USD 1101.17
3972,2024-06-23,Paulo Teixeira,LIVRO,$ 2345.65
3973,2023-01-17,Rafael Klein,Esporte,"R$ 3.253,90"
3974  ,2023-12-04,Felipe Almeida,Moda,USD 2710.47
3975,2023-08-21,Gabriela Ribeiro,Casa,"3.374,04  "
3976,2024-07-23,Diego Almeida,Eletrônicos,$ 1386.06
3977,2024-06-24,  Ana Oliveira,casa_decoracao,$ 3240.12
3978,2024-06-24,Ana Carvalho,Livros,"413,56"
3979,2024-10-24,Henrique Carvalho,Moda,"R$ 1.176,72"
3980,2024-12-29,Felipe Oliveira,Casa,"3.730,27"
3981,23/07/2023,"",Moda,"1.448,01"
3982,  2019-12-30,Mariana Pereira,Eletrônicos,"3.540,95"
  3983,2023-09-24,Ana Almeida,Casa,"R$ 1.284,47"
3984,2024-01-14 10:30:00  ,Gabriela Almeida,Eletrônicos,"R$ 4.660,30"
3985,2023-12-06,Paulo Teixeira,Moda,""
3986,2024-07-03,João Lopes,Eletrônicos,"4.091,74"
3987,2023-02-23,"","","4.957,99"
3988,2023-09-21,Vitória Nogueira,Moda,"4.119,80"
3989,17/08/2024,João Ribeiro,Casa,"R$ 1.816,61"
3990,2024-12-05,Tiago Klein  ,Casa,"197,38"
3991,2024-07-07,Bruno Barbosa,Eletrônicos,"2.601,57"
3992,2023-08-29,Eduarda Martins,Esporte,"R$ 1.816,20"
3993,Oct 21 2023,Vitória Ribeiro  ,moda,$ 1567.76
3994,10/05/2024  ,Rafael Martins,ELETRONICOS,"R$ 1.468,52"
3995,06/05/2023,Olívia Barbosa,Moda,$ 4655.61
3996,2023-04-23,Lucas Pereira,Casa  ,  $ 501.68
3997,09/09/2023,Carla Santos,Eletrônicos,USD 3980.89
607,2024-07-13 10:30:00,Olívia Henriques,  Eletrônicos,""
3999,29/02/2024,Bruno Pereira,eletronicos,"R$ 445,17"
4000,  2023-07-23,Isabela Lopes  ,Livros,$ 704.56
4001,2024-01-27,Felipe Henriques,livraria,"R$ 1.104,24"
4002,2024-08-17  ,Ana Martins,Casa,USD 4317.93
4003,2024-11-07,  Lucas Gomes,MODA,"R$ 1.202,91"
4004,15/01/2023,Nuno Jesus,livraria,"3.973,73"
4005,24/06/2023,Tiago Oliveira,Esporte,"R$ 73,90  "
  4006,2023-06-22,Vitória Jesus,ESPORTE,"R$ 974,46"
4007,2024-03-25,Olívia Ferreira,Livros,n/a  
4008,2023-07-04,Bruno Klein  ,Eletrônicos,"R$ 501,97"
4009,2023-01-23,Ana Jesus,vestuario,"2.477,67"
4010,2024-02-01,Diego Lopes,casa,"4.632,20"
4011,2023-05-23,  Vitória Henriques,Modas,"2.499,39"
  4012,17/05/2023,Isabela Klein,eletronicos,"R$ 775,97  "
4013,2023-02-08,Gabriela  Ribeiro,Casa,"2.132,41"
ORD-1023,2023-01-30,João Nogueira,Casa e Decoração,"2.746,18"
4015,14/10/2024,Karina Henriques,Moda,"3.700,27"
4016,Sep 07 2023,Rafael Vasconcelos  ,"","3.743,30"
4017  ,2024-10-19,  Paulo Santos,Livros,"2.510,81"
4018  ,2023-13-20,Paulo Almeida,Casa,"R$ 537,35"
  4019,2024-09-14,Henrique Santos,Casa,"R$ 441,88"
1627  ,14/03/2023,Isabela Oliveira,Esporte,""
4021,2023-11-23,Sofia Ferreira,Livros,"4.675,29"
4022,2023-05-24,João Teixeira,Livros,$ 900.04
4023,2023-11-01,Diego Vasconcelos,Livros,USD 2012.90
4024,2024-08-11,Sofia Queiroz,Moda,"2.344,81"
4025,01/12/2023,Mariana Esteves,livros,"1.274,20"
4026,2024-09-21,Carla Duarte,Moda,"921,40"
ORD-1023,2023-01-06,Lucas Almeida,  casa_decoracao,"R$ 2.456,09"
4028,2024-04-25,Lucas Queiroz,Esporte,"1.750,38"
4029,17/09/2023,Diego Oliveira,  LIVRO,"612,37"
4030,2024-07-02,Karina Duarte,"","186,27"
4031,  2023-08-16 10:30:00,"",Livros,"2.409,25"
4032,31/10/2023,Rafael Barbosa,Esporte,"3.538,34"
4033,2024-03-09,Olívia Jesus,Esporte,"R$ 3.305,64"
4034,Feb 01 2023,Sofia Esteves,  Moda,"R$ 763,29"
4035,2023-04-29  ,Carla Vasconcelos,Casa,"3.808,87"
4036,2023-07-24,Lucas Carvalho,Moda,"2.687,97"
4037,2023-01-02,Tiago Henriques,Casa,"R$ 1.075,09"
4038,2024-03-07,Carla Queiroz,Moda,"4.049,59"
"",2024-01-23,Tiago Barbosa,"",$ 2920.40
4040,2023-08-06,Nuno Almeida  ,Livros,"R$ 4.683,59"
4041,06/10/2024,Felipe Barbosa,Casa,"3.146,54"
4042,2024-06-06,João Esteves,casa,"R$ 859,07"
1515,2024-12-21,Ana Carvalho,"","2.003,32"
4044,2024-06-28 10:30:00  ,Isabela Klein,Livros,"R$ 1.692,45  "
4045,  2024-07-12,Vitória Nogueira,Eletrônicos  ,$ 1002.39
4046,2023-13-22,Karina Carvalho,Eletrônicos,"4.163,99"
4047,2024-07-08,Rafael Lopes,ESPORTE,"R$ 3.385,69"
4048,2024-13-28,Isabela Queiroz  ,  Esporte,"R$ 437,66"
4049  ,Sep 30 2024,"",Esporte  ,"3.494,23"
4050,2023-05-15,Gabriela Queiroz,Livros,$ 4851.81
4051,2024-07-10 10:30:00,Karina Teixeira,  Eletrônicos,"R$ 325,22"
4052,2023-07-16,Sofia Pereira,Livros,$ 549.78
4053,  2023-13-19,Bruno Vasconcelos,Casa,$ 2956.94
4054,2024-05-02,Eduarda Esteves,Casa,USD 3683.42
1686,05/02/2023,"",Casa,"R$ 2.468,16"
  4056,2023-08-11,Karina Ribeiro,Casa e Decoração,"935,89"
4057  ,2023-04-07,João Pereira,misc,"R$ 4.567,14"
4058,27/10/2023,Vitória Ferreira,Livros,USD 142.34
4059,  05/12/2024,Mariana Pereira,Moda,$ 4707.90
1473,08/03/2023,Lucas Martins,"",USD 1547.58
4061  ,2023-04-09,Tiago Teixeira,Moda,"1.948,25"
4062,2024-05-28,Olívia Teixeira,Casa,"  3.915,71"
4063,  2019-01-26,Diego Ferreira,esporte,"2.542,28"
4064,2023-01-01  ,Sofia Teixeira,Eletrônicos,"R$  3.527,39"
4065,Jul 18 2024,Mariana Santos,Eletrônicos,"R$ 101,35"
4066,  13/07/2024,Mariana Henriques,LIVRO,"R$ 3.470,35"
4067,2023-12-11,Nuno Pereira,Casa e Decoração,"3.891,60"
  4068,18/02/2024,Eduarda Klein,Moda,"4.647,55"
4069,2024-03-06,Vitória Ribeiro,Eletrônicos,USD 3475.32
4070,2024-02-08,Rafael Esteves,ESPORTE,"4.038,73"
4071,23/01/2023,Bruno Santos,casa_decoracao,"2.109,20"
4072,2024-07-23,Rafael Jesus,vestuario,"R$ 2.280,76"
4073,2023-04-06,Mariana Teixeira,misc,"1.229,92"
4074  ,2023-01-01 10:30:00,Felipe Ferreira,Eletrônicos,"2.054,27"
4075,2023-05-31,João Duarte,Esporte,"R$ 4.611,13"
4076,Dec 08 2024,João Duarte,casa,"R$ 2.385,72"
4077,2023-12-23,Karina Carvalho,Casa,$ 1015.74
57,2024-03-05 10:30:00,Eduarda Oliveira,Livros,""
4079,2024-06-09 10:30:00,Nuno Vasconcelos,Casa,"2.381,27"
4080,17/12/2024,Mariana Duarte,Moda,"1.165,47"
4081,Jul 06 2024,Bruno Almeida,livros,"3.286,72"
4082,2024-07-12,Paulo Vasconcelos  ,moda,"1.979,38"
4083,22/02/2023,Carla  Jesus,Esportes,"R$ 235,51"
4084,26/05/2024,Karina Queiroz,moda,"4.410,86"
4085,2024-09-09,"",Esporte,"3.040,18"
4086,2024-12-21,Mariana Klein,Casa,"R$ 1.481,53"
4087,14/05/2023,Nuno Jesus,Moda,"4.643,79  "
4088,10/11/2023,Nuno Oliveira,Casa,"3.401,91"
4089  ,2023-08-17,Diego Queiroz,Livros,"  2.009,07"
1211,2024-04-15,"",Casa e Decoração,"R$ 3.902,26"
4091,2024-06-18,Vitória Lopes,eletronicos,USD 3055.63
4092,2024-01-05,Ana Vasconcelos,Eletrônicos,"2.934,82"
4093,2023-06-09,Rafael Esteves,Casa,"4.932,73"
4094,2023-12-14,Sofia Ribeiro,Esporte,"4.087,91"
4095,2023-10-29,Vitória Queiroz,"","1.819,35"
4096,2024-05-29,Tiago Lopes,Livros,"R$ 2.639,79"
4097,2023-02-15,Sofia Carvalho,outros,"1.547,48"
4098,2024-01-02,Felipe  Henriques,Moda,"R$ 3.541,86"
1263,2023-08-19,Gabriela Lopes  ,"","3.833,60  "
4100,2023-07-23,"",outros,"2.384,08"
4101,17/07/2024,Rafael Henriques,Eletrônicos,"0,00"
4102,14/03/2023,Mariana Duarte,Moda,$ 2857.00
4103,2024-03-20,Nuno Santos,Casa,"R$ 3.056,15"
4104,2024-04-19,Olívia Klein,Esporte,"R$ 3.979,59"
4105,2023-02-23,Karina Almeida,Eletrônicos,"R$ 2.804,36"
391,22/01/2023,"",Moda,"4.609,31"
4107,2023-03-11,Nuno Carvalho,Esporte,USD 1097.01
4108,Jun 14 2023,Nuno Almeida,Livros  ,USD 2245.65  
4109,2024-01-15 10:30:00,Vitória Esteves,Modas,"2.160,13"
4110,2023-05-24  ,Olívia Jesus,Esporte  ,"R$ 2.480,68"
4111,2023-05-25,Ana Santos  ,Eletrônico,"2.262,20"
4112,2023-06-25,Eduarda Esteves,esporte,"R$ 866,39  "
4113,2024-10-13,Gabriela Gomes,vestuario,USD 277.86
4114,Oct 21 2024,Lucas Henriques,ESPORTE,"R$ 4.236,69"
4115,23/07/2024,Lucas Martins,casa_decoracao,"R$ 1.276,50"
4116,2024-05-11,Eduarda Queiroz,livros,USD  2186.51
  4117,2024-07-11,Olívia Vasconcelos  ,Moda,"1.136,58"
4118,2023-09-28,Karina Vasconcelos,ELETRONICOS,"  R$ 3.286,98"
4119,Nov 28 2023,"",Eletrônicos,"4.479,21"
4120,May 03 2024,Diego Oliveira,casa,"R$ 1.615,39"
4121,28/05/2024,Gabriela Queiroz,Esporte,USD  3611.37
4122,17/02/2023,Felipe  Queiroz,"","R$ 1.397,90"
4123,2024-05-25,Paulo Martins,Moda,"R$ 4.780,84"
4124,11/12/2023,Rafael Gomes,Esporte  ,USD 4706.23
4125,03/07/2023,Diego Esteves,Esporte,"R$ 581,00"
4126,25/11/2023,Sofia Esteves,Moda  ,"2.191,27"
4127,2023-03-02,"","","3.541,99"
4128,2023-08-09,  Bruno Almeida,Moda,"2.799,22"
4129,2023-06-21,Carla Martins,Moda  ,"R$  3.971,11"
4130,2024-02-23,Felipe  Teixeira,Moda,$ 1692.67
4131,2023-11-26,Mariana Santos,Livros,"R$ 2.739,43"
4132,2024-11-01,Vitória Almeida,Moda,"1.212,95"
4133  ,20/12/2024,  Rafael Queiroz,  livros,"2.974,71"
4134,2024-01-14,Bruno Duarte,Esporte,$ 2089.66
4135,2024-06-22,Gabriela Esteves,Livros,"3.666,75"
1121,2024-03-12,"",Moda,USD 3621.81
4137,05/12/2024,Ana Duarte,Casa,n/a
4138,10/08/2023,Olívia Esteves,misc,$ 3233.13
4139,Feb 20 2023,Lucas Santos,esporte,"R$ 2.329,00  "
4140,2023-09-08,  Isabela Henriques,Esportes,"2.612,57"
4141,2024-13-15,Diego Martins,Casa,"813,82"
4142,26/10/2023,Karina Almeida,Casa e Decoração,"3.519,93  "
779,Jan 25 2024,Isabela Gomes,Livros,""
4144,  11/12/2023,Mariana Henriques,casa,"R$ 365,35"
4145,22/10/2024  ,Mariana Duarte,Livros,"3.210,09"
1733,2024-04-28,"",Livros,USD  659.73
4147,2024-11-16,Olívia Lopes,Livros,"2.217,12"
4148,2024-04-17,Vitória Almeida,Esporte,"84,86  "
4149,13/09/2023,João Carvalho,Eletrônicos,$ 1134.31
4150,  13/07/2023,Vitória Vasconcelos,Moda,USD 994.75
1040,2024-05-12 10:30:00,Gabriela Pereira,Eletrônicos,""
4152,2024-12-08,Ana Ferreira,Moda,"128,09"
4153,19/03/2024,Vitória Esteves,Moda,$ 3677.26
4154,2023-07-10,Isabela Vasconcelos,misc,"R$ 729,88  "
4155,28/06/2024,Felipe Pereira,Livros,"R$ 3.870,97"
4156,2024-01-26,Carla Oliveira,casa,"R$ 3.372,24"
4157,2023-01-16  ,Eduarda Jesus,Eletrônicos,"2.600,83"
4158,2024-05-01,Henrique Vasconcelos,ELETRONICOS,USD 809.79
4159,2023-01-02,Paulo  Almeida,  livros,"R$  2.606,23"
1759,30/09/2023,"",MODA,"3.922,47"
4161,Jun 30 2023,Eduarda Vasconcelos,Casa,"2.860,39"
4162,2024-11-08,Eduarda Ribeiro,Eletrônicos,"R$ 1.659,84"
4163,  2023-11-16,Vitória Jesus,moda,$ 550.27  
4164,15/04/2024,Isabela Henriques,"","4.528,75"
4165,2023-12-25,Carla Martins,  Esporte,USD 1189.13
4166,Aug 03 2024,Tiago Almeida,Livros,"2.854,43"
4167,12/04/2023,Diego Oliveira,esporte,"R$ 1.981,23"
4168,10/08/2024,Henrique Esteves,casa_decoracao,n/a
4169,2019-07-20  ,Eduarda Oliveira,livros,"1.510,22"
4170,2024-12-01,Rafael Oliveira,casa,"4.684,92"
4171,2023-03-01,Mariana Ferreira,Casa,"4.367,76"
4172,2023-05-13,Rafael Lopes,Casa e Decoração,"336,63"
4173,Apr 18 2023,Olívia Ferreira,Casa,"R$ 2.132,51"
4174,04/05/2023,Sofia Duarte,LIVRO,"3.203,20"
4175,2023-02-20,Sofia  Almeida,moda,"R$ 321,76"
4176,Aug 22 2024,Eduarda Pereira,eletro,"R$ 65,13"
4177,18/11/2024,Bruno Nogueira,Casa,"R$ 2.849,04"
4178  ,2024-10-15,Gabriela Nogueira,Moda,"4.927,93"
4179,2023-11-17  ,"",Livros,"4.559,34"
4180,2024-07-08,Isabela Jesus,moda,$ 755.82
"",2023-08-05,Ana Ferreira,  Eletrônicos,"3.506,47  "
4182,Mar 29 2023,Isabela Jesus,  Moda,"2.459,41"
4183,  Nov 28 2023,João Almeida,Casa e Decoração,"R$ 2.709,72"
4184  ,2023-01-21,Vitória Barbosa,Livros,"R$ 4.984,73"
4185,2023-01-22,Paulo Carvalho,livros,"981,38"
4186,2023-06-03,Eduarda Lopes,Livros,"  R$ 882,97"
4187,2024-02-10,Vitória Almeida,Casa,"R$ 2.596,09  "
4188,2024-05-29,Felipe Barbosa,  Livros,"R$ 4.968,67"
50,2024-08-02,Felipe Ferreira,"","R$ 4.564,97"
4190,2023-12-29,Gabriela Klein,Esporte,"4.003,86"
4191,2023-06-30,Sofia Ferreira,Esporte,"R$ 2.301,42"
4192,2024-10-14,Paulo Esteves  ,Livros,"2.946,41"
4193,Apr 24 2024,Bruno Nogueira,Esporte,"R$ 27,31"
4194,2023-04-28,Tiago Almeida,esporte  ,"3.467,33"
4195,Jan 21 2024  ,Mariana Henriques,Esporte,"0,00"
4196,07/05/2023,Carla Vasconcelos,vestuario,-
1123,2023-07-01,"",Casa,$ 458.62
4198,16/04/2024  ,Tiago Carvalho,vestuario,"R$ 4.219,94"
4199,2024-06-06,Mariana  Vasconcelos,ELETRONICOS,"R$ 2.955,67"
4200,2023-04-22,Henrique Carvalho  ,Livros,"2.975,63"
4201,2024-08-15,Carla Oliveira,Esporte,"R$ 629,42"
4202,2023-04-13,Felipe Duarte,Moda,"R$ 158,40"
4203,2023-02-21,Carla Lopes,Moda,$ 2368.07
4204,26/02/2023,Diego Ribeiro,Esporte,"4.460,33"
4205,2024-06-02  ,Lucas Oliveira,ELETRONICOS,USD 1722.59
4206,2024-05-01,Paulo Vasconcelos,Esporte,"4.441,77"
4207,2023-09-08,Paulo Pereira,Eletrônicos,"  4.375,94"
4208,2024-13-16,Gabriela Teixeira,Moda,"R$ 302,33"
1756,2024-09-30,Ana Henriques,casa,""
1718,2024-03-16,"",Eletrônicos,"3.172,99"
4211,Apr 09 2023,Vitória Vasconcelos,livraria,-
4212,2023-10-26,Lucas Carvalho,Esporte  ,"908,09"
4213,2023-03-21,Sofia Almeida,Eletrônicos,"  3.625,29"
4214,2024-05-10,Henrique Santos,eletronicos,"164,98"
4215,2024-04-15,Karina Gomes,"",USD 2467.87
4216,2024-03-08,Bruno Vasconcelos,ESPORTE,"R$ 1.865,51"
4217,  26/12/2024,Eduarda Santos,  Eletrônicos,"2.787,72"
4218,2024-06-15,Karina Barbosa,Casa,USD 4880.17
4219,  2023-06-02,  Carla Barbosa,Eletrônicos,"4.179,01"
4220,2023-07-25,Rafael Duarte,Casa e Decoração,"R$  4.015,83"
4221,06/09/2023,Diego Ferreira,Moda,"R$  3.291,30"
4222,2023-06-22,Gabriela Nogueira,ESPORTE,"3.717,87"
4223,Jun 30 2023,Mariana Ribeiro,Eletrônicos,"0,00"
4224,2023-05-31  ,Lucas Klein,Livros,USD 2741.75
4225,  02/03/2023,Nuno Ribeiro,Eletrônicos,"3.152,84"
4226,17/05/2024,Henrique Ribeiro,  Casa,"4.501,71"
4227,2023-08-11,Olívia Santos,Moda,"547,80"
4228,2023-01-05,Sofia Teixeira,livros  ,"R$ 3.649,44"
4229,2023-12-22,Henrique Oliveira,Eletrônicos,"R$ 4.599,08"
4230,2024-04-23,Karina Martins  ,"","R$  1.415,71"
4231,2024-12-02,João Oliveira,Esporte,"R$ 2.776,81"
4232,10/12/2023,Bruno Esteves,Eletrônicos,"R$  2.982,78"
4233,2024-09-30,Bruno Oliveira,Esporte,"R$  1.426,44"
4234,13/03/2023,Mariana Henriques,Esporte,"2.141,36"
4235,Mar 30 2023,  Carla Vasconcelos,"","R$ 3.294,45"
4236,2023-09-18,Mariana Vasconcelos,Moda,USD 2225.76
4237,Oct 03 2024,Karina Duarte,Esporte,-
4238,2024-06-28,Tiago Esteves,casa,"3.694,65"
1144  ,2024-05-27,"",  Livros,"R$ 3.328,91"
4240,26/01/2023,Ana Lopes,Livros,"1.440,03"
4241,  2024-08-04,Henrique Barbosa,  Esportes,"R$ 3.679,19"
4242,2023-11-27,Carla Santos,casa,$ 603.50
4243,2024-05-26,Mariana Teixeira,eletronicos,"R$ 542,62"
4244,2023-03-14,Lucas Esteves,casa_decoracao,"R$ 3.991,63"
4245,2024-03-25  ,Ana Lopes,Casa,USD 3335.26
4246,23/05/2023,Vitória Vasconcelos  ,Esporte,"R$ 2.067,11"
4247,2023-01-13,  Henrique Queiroz,  livros,"R$ 4.377,89  "
4248,07/05/2024,Sofia Henriques,"","1.542,10"
4249,24/10/2023,Eduarda Almeida,Moda  ,"R$ 4.962,10"
4250,2024-07-27,Isabela Queiroz,Livros,USD 1961.68
4251,2024-11-03,Tiago Nogueira,outros,"R$ 4.955,88"
4252,2023-09-26,João Teixeira,Eletrônicos,"R$ 4.183,27"
4253,2023-08-26,Bruno Carvalho,Esporte,"3.750,00"
4254,2024-10-01,Mariana Santos,Casa,"R$ 404,33"
4255,2023-06-07,Gabriela Nogueira,Esporte,"3.083,61"
4256,May 29 2023,Olívia Vasconcelos,Moda,USD 2524.09
4257,2023-05-21,Carla Pereira,Livros,"1.285,44"
4258,2023-03-24,Nuno Lopes,vestuario,"R$ 3.022,53"
4259,2023-10-04,Diego Ferreira,Esporte,"R$ 1.271,56"
4260,  2023-06-02,Diego Martins,Eletrônicos,"R$ 2.719,34"
4261,07/05/2024,  Carla Pereira,Moda,"R$ 2.547,00"
4262,2024-09-16,Eduarda Queiroz,casa_decoracao,"R$ 1.021,33"
4263  ,13/03/2023,Karina Esteves,  Eletrônicos,USD 4202.69
4264,17/12/2023,Olívia Ferreira,Casa,"  1.123,62"
4265,18/09/2023,Mariana  Almeida,Livros  ,$ 3042.95
4266,2024-03-17,  Nuno Ferreira,Esporte,$ 80.48
4267,2023-03-04,Carla Ribeiro,Casa,$ 3874.37
4268,2023-03-31,Vitória Ferreira,eletronicos,"4.801,95"
4269,2023-12-18,Olívia Ferreira,Moda,"1.684,13"
4270,2024-01-20,Olívia Esteves,Livros,"R$ 2.433,33"
4271,2024-05-02,Bruno Martins,"",$ 2999.09
4272,2024-06-17,Karina Carvalho,Eletrônicos,"R$ 4.102,35"
  4273,2024-11-27,Henrique Klein,MODA,"R$ 2.237,60"
4274,2023-01-10,Ana Jesus,  Casa e Decoração,"862,46"
4275,2023-09-26,Felipe Almeida,Esporte,"4.121,58"
4276,2024-07-24,Felipe Queiroz,Livros,"  3.870,89"
4277,  2019-12-15,Olívia Carvalho,diversos,"R$ 3.245,81"
4278,31/01/2024  ,Tiago Lopes,Livros,"1.682,68"
1455,  2023-05-06,Lucas Carvalho,"","4.978,33"
4280,  2023-11-24,Bruno Martins,Casa e Decoração,"1.549,16"
4281,29/07/2024,Mariana Ribeiro,Livros,"3.488,79  "
4282,2023-01-31,Rafael Oliveira,ESPORTE,""
4283,2024-09-08  ,Henrique Klein  ,livraria,"R$ 2.296,68"
516,2024-02-05,"",esporte,n/a
4285,  06/05/2024,Felipe Teixeira,Casa,"R$ 4.041,83"
4286  ,12/08/2024  ,Gabriela Vasconcelos,Esporte,"3.133,61"
4287,2023-03-25,Sofia Teixeira  ,Casa,"R$ 271,12"
4288,10/10/2023,Diego Carvalho,Moda,"R$ 786,68"
4289  ,2023-01-23,  João Esteves,Moda,USD 1545.85
4290,2024-10-22,Ana Duarte,ELETRONICOS,"4.647,39"
4291,2024-12-03,Diego Vasconcelos,Casa  ,"2.590,75"
4292,2024-02-20,Isabela Barbosa,Eletrônicos,"R$ 89,18"
4293,2023-01-09,Gabriela Martins,Eletrônicos,"3.904,35"
4294,09/04/2024,Mariana Teixeira,Eletrônicos,"2.064,05"
4295,09/06/2024,Vitória Pereira,Livros,USD 1864.52
4296,2023-11-28,Rafael Klein,Casa  e Decoração,"2.076,51"
  4297,14/06/2024,Gabriela Ferreira,Casa,USD 4727.55
4298,2024-05-02,Ana Jesus,Livros,"R$ 3.398,33"
4299,2024-12-01,Vitória Lopes,eletronicos,USD 1150.39
4300,2023-06-10,Carla Queiroz,Esporte,""
4301  ,09/09/2023,João Duarte,  eletronicos,"4.690,15"
4302,2023-01-14,Bruno Teixeira,Casa  ,"26,00"
4303,06/10/2023,Carla Duarte  ,LIVRO,"984,66"
4304,2024-01-25,Lucas Martins,Esporte,"319,91"
4305,2023-04-24,Isabela Almeida,Moda,"R$ 287,52"
4306,  14/03/2024,Henrique Queiroz,Esporte,"R$ 1.608,07"
4307,29/11/2024,Rafael Santos,Livros,"4.759,80"
4308,  2023-08-25,Felipe Lopes,Livros,"R$ 752,12"
4309,2024-08-29 10:30:00,Henrique Duarte,Eletrônicos,$ 3648.46
2307,02/05/2023,Olívia Carvalho,Casa e Decoração,""
4311,2023-07-15,Isabela Teixeira,Eletrônicos,"2.263,00"
4312,2024-01-22,Tiago Duarte,diversos,"2.223,97"
4313,2019-09-10,Carla Vasconcelos,Esportes  ,"R$ 812,89"
4314,2024-06-26  ,Karina Lopes,Eletrônico,USD 4494.00  
4315,2023-07-22 10:30:00,João Ferreira,Livros,"1.751,77"
4316,2023-10-03,Karina Vasconcelos,Esporte,"R$ 3.949,62"
4317,  2024-03-12,Felipe Queiroz,vestuario,"416,17"
4318  ,01/05/2023,  Diego Carvalho,Livros,USD 4730.76
4319,2024-03-29,Mariana Pereira,ESPORTE,"R$ 1.386,72"
4320,2023-03-25,Rafael Klein,Esporte,"R$ 1.494,71"
4321,2023-06-27,Isabela Carvalho,Casa e Decoração,"R$ 3.349,76"
4322,2024-03-06  10:30:00,Isabela Teixeira,Eletrônicos,"2.267,62"
4323,2023-12-13,Isabela Nogueira,Moda,"R$ 420,13"
4324,18/04/2023,Nuno Pereira,Eletrônicos,$ 2715.09
4325,2023-04-18,Sofia Klein,Eletrônicos,"2.316,68"
4326,2024-13-18,Nuno Duarte,Moda,"R$ 3.501,45"
310,29/06/2024,"",Esporte,""
4328,  26/12/2024,Vitória Klein,Esporte,"R$ 1.524,77"
4329,2024-08-29,Diego Queiroz,Casa,"R$ 3.662,14"
4330,22/07/2024,Nuno Henriques,Eletrônicos,"R$ 2.858,05"
4331,2023-12-06  ,Mariana Lopes,livraria,"R$ 2.830,84"
4332,2024-12-11,Felipe Esteves,Livros  ,"R$ 4.047,99"
2074,2023-01-15,"",Esporte,""
931,2023-02-02,João Jesus,"","334,48"
4335,2023-02-18,Carla Teixeira,Esporte,"R$ 1.720,50"
4336,2024-03-24,Paulo Teixeira,Casa e Decoração,"469,76"
4337,2023-06-25,Mariana Gomes,Casa,"4.082,59"
4338,30/07/2024,Isabela Vasconcelos,Eletrônicos,$ 71.41
4339,2024-09-24,Olívia Duarte,Moda,"1.923,90"
4340,2023-01-05  ,Isabela  Queiroz,Eletrônicos,"R$ 1.659,44"
4341,2023-06-06  ,Paulo Jesus,Livros,"469,58"
4342,2024-12-04,Felipe Santos,Moda,"760,77"
4343,  2024-05-25,Bruno Santos,Eletrônico,"R$ 3.329,44"
512,2023-05-24,"",Casa,$ 573.91
1067  ,2024-11-26,Mariana Nogueira,Esporte,""
4346,05/01/2024,Mariana Carvalho,Livros,"4.075,46"
4347,25/11/2024,Carla Ferreira,Casa,"R$ 186,80"
515  ,2023-08-05  ,João Gomes  ,"","2.826,81"
4349,2024-01-05,Bruno Queiroz,Eletrônicos,-
4350,2023-02-01,Tiago Lopes,Casa,  $ 640.67
4351,29/07/2023,Sofia Barbosa,"","3.046,83"
4352,2023-07-28,Olívia Almeida,livraria,"R$ 319,53  "
4353,22/12/2024,Carla Santos,misc,"  2.823,29"
4354,22/07/2024,Karina  Carvalho,Casa,n/a
4355,2024-07-15,Isabela Carvalho,Esporte,USD 2086.42
4356,10/01/2024,Nuno Santos,  Livros,"R$ 2.782,11"
4357,2023-12-13,Vitória Esteves,ESPORTE,$ 1452.79
4358,26/05/2024,Olívia Queiroz,Esporte,$ 4986.70
4359,2023-10-03,Rafael Klein,Livros,"643,11"
4360,2024-08-31,  Paulo Henriques,Moda,"R$ 603,29"
4361,2023-10-12,Nuno Pereira,Livros,"3.519,95"
4362,2024-05-19,Sofia Barbosa,eletronicos,"592,81"
4363,06/02/2023,Vitória Vasconcelos,MODA,"1.814,14  "
4364,2024-08-30,Eduarda Gomes,Esporte,"3.326,13"
1362,22/12/2023,Henrique Carvalho,"","3.377,52"
4366,2023-13-31,Rafael Esteves,Casa,"R$ 2.568,24"
4367,03/05/2024,Diego Almeida,Livros,USD 3489.37
4368,2023-10-15,Isabela Martins,Esporte,"R$ 4.348,72"
4369,09/07/2023,Henrique Jesus,Moda,"2.550,42"
4370  ,2024-02-22,Henrique Martins,Eletrônicos,"1.893,46"
4371,  2024-08-31 10:30:00,Diego Ferreira,"","R$ 2.570,35"
  4372,2023-03-08,Eduarda Oliveira,LIVRO,USD 1041.15
4373,2023-08-12,Tiago  Barbosa,Livros,"  2.498,82"
4374,Nov 29 2024,Carla Nogueira,Casa,"4.328,36"
4375,24/12/2024,Rafael Queiroz,Eletrônicos,"R$ 499,69  "
4376,2024-13-27,Henrique Ribeiro,Livros,"R$ 2.578,29"
4377,2024-03-10,Lucas Lopes,Casa,"2.597,69"
4378,2023-08-20  ,Felipe Vasconcelos,Esporte,"R$ 979,77"
4379,21/12/2024,Sofia Nogueira,  Livros,USD 2356.20
4380,Jul 02 2023,Olívia Vasconcelos,casa_decoracao,USD 1186.00
  4381,2024-08-20,Felipe Barbosa,Esporte,"3.990,85"
4382,2024-08-31,Sofia Lopes,casa_decoracao,"R$ 1.758,16"
4383,03/04/2023,Isabela Esteves,"","214,51"
  1053,2024-10-29,"",eletro,$ 3446.46
4385,10/02/2023,Sofia Santos,misc,USD 4801.17
2166,2024-11-29,"",casa,"4.564,25"
4387,2023-02-02,Lucas Carvalho,moda  ,"-50,00"
4388,2024-10-17,Eduarda Jesus,Casa e Decoração,USD 4470.61
191,2023-04-01,Nuno Oliveira,Livros,""
4390,2024-07-23,Olívia Gomes,Eletrônicos,"R$ 4.963,50"
4391,2023-13-22,Rafael Nogueira  ,vestuario  ,"2.170,53"
4392,2023-03-07 10:30:00,  Paulo Santos,Moda,"R$ 4.477,96"
4393,2023-08-14,Olívia Esteves,Moda,"R$ 3.696,59"
4394,2023-12-13,Ana Almeida,Livros,USD  4267.81
4395,Oct 09 2024,Olívia Barbosa,Casa,$ 2351.22
4396,2024-12-19 10:30:00,Felipe Gomes,Moda,"854,01  "
4397,  2024-13-20,João Martins,Eletrônicos,"-50,00"
4398,04/03/2023,Felipe Ferreira,ESPORTE,$ 3748.82
4399,2024-01-26,Carla Martins,Livros,"  4.743,74"
4400,28/01/2023,Lucas Teixeira,Esporte,"R$ 4.298,49  "
4401,2023-04-17,Felipe Esteves,  Livros,USD 566.38
  4402,2023-04-12,Mariana  Santos,Eletrônicos,"4.971,55"
4403,2024-04-26,Carla Almeida,Eletrônicos,"R$ 3.742,93"
  4404,  2024-01-15,Eduarda Santos,Eletrônicos,$ 2726.94
4405,2023-02-11 10:30:00,Felipe Queiroz,Livros,"3.895,33"
4406,20/02/2024,João Ribeiro,Livros,"R$ 1.155,76"
4407,2023-07-14 10:30:00,Diego Jesus,Moda,"R$ 3.948,28"
4408,Apr 09 2023,Henrique Queiroz,livraria,USD 1897.77
392,2024-10-30 10:30:00,"",Casa,"R$ 882,73"
4410,  24/07/2023,Tiago Pereira,Esporte,"3.516,37"
4411,2024-09-14,Bruno Oliveira,esporte,"R$ 475,18"
4412,23/05/2023,Carla  Gomes,Moda,"764,28"
4413,2024-01-29,Tiago Klein,Casa,"3.838,87"
4414,2023-09-09,Karina Queiroz,Casa,"R$ 3.185,77"
4415,2023-03-03,Diego Carvalho,Livros,"2.877,89"
4416,07/04/2024,Bruno Vasconcelos,Livros,"R$ 515,53"
4417,2024-13-24  ,Carla Pereira,Livros,"R$ 679,85"
4418,2024-05-03,Paulo Pereira,Moda,"3.910,75"
4419,03/03/2023,Eduarda Santos,LIVRO,"4.718,53"
4420,2024-01-11,Lucas Carvalho  ,Livros,"2.586,02"
4421,2024-01-27,Vitória Martins,livros,"R$ 3.238,62"
1649,2024-11-02,Felipe Ribeiro,"","2.168,35"
4423,18/12/2024,Sofia Teixeira,Eletrônicos,"3.639,54"
4424,2024-07-16,  Gabriela Oliveira,Livros,$ 3152.71
4425,2023-10-13,Carla Oliveira,Casa,"R$ 153,53"
4426,2024-02-14,Nuno Almeida,esporte,"R$ 164,49"
4427,2023-09-17,Eduarda Nogueira,"","R$ 4.661,50"
4428,09/08/2024,"",outros,"4.533,69"
4429,2023-05-14,Rafael Carvalho,Eletrônicos,"R$ 2.346,31"
4430,2024-02-17,Olívia Gomes,Modas,"R$ 2.829,39"
4431,2024-12-23 10:30:00,Eduarda Santos,Livros,"4.738,23"
4432,2024-08-30 10:30:00,Paulo Pereira,Eletrônicos,"2.496,58"
  4433,2023-02-17  ,Sofia Nogueira,Eletrônicos,"R$ 2.991,07"
4434,21/09/2023,Diego Vasconcelos,Moda,"3.787,35"
381,2024-12-25,Olívia Jesus,Eletrônicos,""
4436,2023-12-09,Bruno Nogueira,casa_decoracao,"427,66"
4437,2023-11-03,Carla Carvalho,Casa e Decoração,"1.511,27"
4438,2024-06-13,Karina  Vasconcelos,Esporte,"2.112,31"
4439,2023-06-07 10:30:00,Felipe Klein,Casa,$ 2072.63
4440,2023-10-10,Bruno Nogueira,Casa,"  R$ 43,29"
4441,21/04/2023,Diego Oliveira,Moda,"R$ 3.681,94"
4442,2024-11-02  ,Olívia Almeida,Esporte,"4.786,79"
4443,2024-12-11,Felipe Martins,Livros,"1.833,00"
4444,04/05/2023,Ana Santos,Casa,"R$ 88,26"
4445,2023-10-12,  Karina Duarte,Livros,USD 4991.18
4446,2019-02-22,Bruno Ferreira,casa_decoracao,"3.467,74"
4447,2023-02-28,Eduarda Vasconcelos,Livros,"  R$ 2.667,17"
  4448,2023-02-18,Paulo Barbosa,livros,"R$ 482,07"
4449,2024-08-06 10:30:00,Lucas Oliveira,Esporte,"1.145,80"
4450,18/05/2024,  Tiago Oliveira,livros,"R$ 175,36"
4451,2023-03-25,Vitória Ribeiro,livraria,"2.409,20"
587,2023-06-03,"",Casa,"R$ 2.915,18"
259,2023-09-27,"",Esporte,USD 4286.14
4454,Jun 22 2023,  Ana Lopes,Casa,"R$ 333,43"
4455,  2024-01-28,Carla Lopes,Casa,"R$ 4.826,43"
4456,2024-09-10  ,Bruno Carvalho,Moda,"R$ 4.150,05"
4457,2023-09-12,Isabela Vasconcelos,Esporte,"R$ 4.375,36  "
4458,2023-02-28,Carla Nogueira,eletro,"3.980,08"
4459,2024-12-13,Carla Gomes,Eletrônicos,"2.597,70"
4460,14/07/2023,Nuno Duarte,Moda,"R$ 208,44"
4461,07/01/2023  ,Isabela Nogueira,Esportes,"2.916,37"
4462,2024-08-06,Sofia Santos,moda,"R$ 2.781,06"
4463,2024-10-13,Tiago  Nogueira,casa_decoracao,"R$ 4.146,19"
4464,26/01/2024,Diego Oliveira,Esporte,"2.764,06"
4465,19/06/2024,João Teixeira,Casa e Decoração,"R$ 110,36"
4466,2023-08-09,Gabriela Ribeiro,casa_decoracao,"R$ 4.075,40"
4467,22/07/2023,Felipe Gomes,Eletrônicos,"1.454,00"
4468,2024-10-26 10:30:00  ,Bruno Esteves,Casa,"2.915,15"
4469,2024-01-01,João Teixeira,Esporte,"R$ 159,08"
4470,Dec 01 2024,Olívia Teixeira  ,Eletrônicos,"752,37"
4471,2023-01-26,Bruno Almeida,outros,"R$ 3.237,64"
4472,2023-13-21,Sofia Jesus,casa,"4.554,46"
4473,May 21 2024,Paulo Gomes,Esporte,"4.068,14"
4474,2023-02-19,Nuno Lopes,Moda,"1.793,28"
4475,08/02/2024,Paulo Duarte,Moda,"3.696,46"
4476,2023-02-04,Ana Ferreira,ELETRONICOS,"4.935,02"
4477,2023-09-28,Bruno Ferreira,eletronicos,"4.085,89"
4478,2024-08-31,Bruno Martins,diversos,$ 4333.26  
4479,2024-04-19,Ana Ribeiro,Esporte,"4.602,31"
4480,2024-08-18,Felipe Queiroz,Livros,"R$ 171,69"
4481,Feb 29 2024  ,Olívia Carvalho,Moda,USD 3398.28
4482,2024-01-12,Eduarda Pereira,ELETRONICOS,"1.033,29"
4483,2024-02-01,Olívia Ribeiro,"","R$ 2.047,54"
4484,2024-01-31,Carla Pereira,Eletrônicos,$ 3400.26
4485,2024-04-27,Tiago Teixeira,Esporte,"2.701,46"
4486,10/03/2023,Henrique Carvalho,LIVRO,USD 4358.70
4487,2024-08-30 10:30:00,  Diego Lopes,livraria,USD 823.13
4488,24/05/2024,Diego Duarte,Casa,USD 1332.70
4489,2024-02-09,Diego Esteves,Esporte,"4.566,97"
4490,2023-10-09,Paulo Esteves,Moda,"1.029,28"
4491,29/03/2024,Karina Oliveira,Moda,"R$ 720,63"
4492,05/04/2024,Diego Ribeiro,Livros,"4.191,47"
4493,2023-05-01,Henrique Duarte,Modas,"  4.609,92"
4494,2023-05-03 10:30:00,Carla Barbosa,esporte,$ 2953.75
4495,  2024-11-14 10:30:00,Mariana Ferreira,casa,"1.110,15"
4496,2024-05-14,Sofia Teixeira,MODA,"3.544,54"
4497,2023-09-22,Diego Oliveira,Casa,"501,49"
4498,26/09/2024,Lucas Vasconcelos,Casa,"R$ 4.475,54"
4499,10/06/2024,Rafael Esteves,Moda,"R$ 2.514,93"
4500,2023-03-30,Diego Esteves,Casa,"2.772,43"
4501,2024-10-04,Lucas Queiroz,"","R$ 2.318,02"
4502,21/04/2024,Karina  Queiroz,LIVRO,"  R$ 1.421,60"
4503,26/03/2023,Tiago Oliveira,Moda,$ 685.65
4504,17/05/2023,Lucas Ferreira,Eletrônicos,"2.509,89"
4505,2024-11-22,Paulo Santos,Livros,"R$ 813,70"
4506,2019-05-24,Rafael Gomes,Moda,$ 1709.48
4507,2023-04-25,Nuno Lopes,diversos,"288,91"
4508,2024-05-10,Diego Esteves,Livros,"  R$ 1.344,60"
  4509,2023-11-03,Eduarda Ferreira,Moda,"R$ 144,87"
4510,2023-13-19,Mariana Duarte,ELETRONICOS,"  4.531,42"
4511,21/07/2023,Karina Ribeiro,LIVRO,$ 1462.28
4512,2023-12-24,Carla Carvalho,Moda,""
4513,2023-06-29,João Oliveira,moda,"R$ 2.416,64"
4514,29/03/2023,Tiago Almeida,Eletrônicos,$ 3170.39
4515,19/03/2023,João Henriques,Moda,"R$ 4.164,96"
4516,09/06/2024,Eduarda Ribeiro,Casa,$ 1955.41
4517,2023-03-07,Paulo  Henriques,Casa,"R$ 1.201,69"
4518,2024-09-29,Paulo Santos,outros,"3.790,44  "
4519,Aug  03 2023,Felipe Henriques,esporte,USD 2345.55
4520,2023-11-20,Felipe Gomes,Eletrônico,"450,20"
4521,2024-04-10,Eduarda Gomes,Livros,"R$ 222,05"
4522,Mar 12 2024,Paulo Jesus,Casa,"R$ 3.925,98"
1369,2024-10-15,Olívia Santos,"",$ 1179.60
4524,2024-11-13,Eduarda Esteves,Livros,USD 3920.94
4525,2024-11-23  ,Vitória Barbosa,  Esporte,"R$ 827,05"
4526,2024-11-23,Vitória Nogueira,Livros,"58,67"
4527,2023-02-26,Lucas  Teixeira,Casa,"R$ 2.085,23"
4528,24/10/2024,  Gabriela Martins,Eletrônicos,"R$ 3.008,03"
4529,2024-08-13,Felipe Oliveira,MODA,"R$ 3.690,06"
4530,2024-08-24,Mariana Martins,casa_decoracao,USD 1434.99
4531,2023-07-22,Nuno Ribeiro,Esporte,"783,51"
4532,2024-06-28 10:30:00,Rafael Almeida,Casa,"R$ 4.374,63"
4533,2023-11-24,Tiago Esteves,Livros,"R$ 1.138,24"
4534,2024-09-07,Lucas Gomes,Livros,"  1.468,92"
4535,2023-10-21,Ana Henriques,Esporte,"4.997,19"
4536,2024-08-09,Rafael Ferreira,LIVRO,"  3.224,13"
4537,2024-04-22,Ana Barbosa,Moda,"683,58"
4538,2023-01-30,Isabela Nogueira,Moda,"R$ 1.415,29"
4539,2024-05-26,Carla  Klein,Eletrônicos,"4.593,91"
4540,Jul 11 2024,Vitória Pereira,Moda  ,"R$ 2.059,68"
4541,2023-09-29,Henrique Pereira,Moda,"R$ 4.617,48"
4542,2023-02-27 10:30:00,Diego Ribeiro,Casa e Decoração,"1.412,70"
4543,25/11/2023,Olívia Ferreira,Casa,"850,81"
4544,2024-09-28,Tiago Teixeira,casa,USD 4013.76  
4545,2023-11-18,Gabriela Ribeiro,Livros,"R$ 2.619,46"
4546,2023-06-03,Diego Ribeiro,  Casa,"R$ 3.528,87"
1596,Dec 03 2023,"",Livros,"R$ 4.414,03"
4548,09/11/2024  ,Bruno Gomes,Livros,"R$ 1.694,26"
  4549,2024-09-23,Mariana Nogueira,Moda,USD 2724.56
4550,2023-03-01,Isabela Teixeira,vestuario,"R$ 3.257,28"
4551,03/05/2023,Tiago Henriques,vestuario,USD 4043.17
4552,2024-02-12,Henrique Lopes  ,Eletrônicos,"4.842,82"
4553,2023-01-28,Diego Duarte,Moda,"3.385,53"
4554,24/01/2024,João Martins,Livros,"R$  992,52"
4555,11/02/2023,  Bruno Queiroz,Livros,"R$ 3.116,96"
4556,2023-04-25 10:30:00,Vitória Ferreira,Livros,"R$ 3.777,94"
4557,17/06/2023,Tiago Gomes,ESPORTE,"R$ 3.421,16"
4558,2023-10-25,Felipe Almeida,Moda,"R$ 1.118,96"
4559  ,Mar 13 2024,Carla Martins,Casa,USD 4790.12
1578,2023-01-24,Gabriela Lopes,"",""
4561,2023-05-23,Vitória Martins,Esporte,"949,34"
4562,2023-02-20,Felipe Pereira,casa,"R$ 1.042,41"
4563,2024-04-11  ,Sofia Ferreira,Casa,"1.176,35"
4564,17/01/2024,João Gomes,Casa,"R$ 2.428,92"
4565,2023-09-18,Felipe Queiroz,  Eletrônicos,"R$ 330,19"
4566,2024-04-14,Lucas Oliveira,Casa,"  3.642,44"
4567,Apr 23 2023,Vitória Nogueira,LIVRO,""
4568,28/03/2023,  João Teixeira,casa,$ 1159.36
4569,2024-08-02,Karina Ribeiro,Casa,"R$ 4.287,71"
4570,2024-12-08,Mariana Pereira,Eletrônicos,"R$ 3.538,87"
4571,2024-12-05,  Olívia Pereira,Moda,"R$ 4.357,01  "
4572,2024-07-26,Henrique Pereira,livraria,"  R$ 2.009,73"
4573  ,2024-10-09,Nuno Henriques,Esporte,"R$ 2.259,09"
4574,  Sep 28 2024,João Almeida,vestuario,"1.118,69"
4575,2023-03-03,Karina Henriques,Moda,""
4576,10/10/2024,Henrique Nogueira,Livros,"3.901,50"
4577,2023-09-29,Henrique Klein,Eletrônicos,"R$ 4.018,23"
4578,2023-11-30,Paulo  Oliveira,Esporte,$ 4343.11
4579,2023-01-20 10:30:00,Rafael Duarte,Casa,"R$ 4.412,67"
  4580,May 13 2024,Olívia Pereira,LIVRO,"359,05"
4581,25/03/2024,  Felipe Lopes,Livros,"R$ 2.508,16"
4582,2024-03-30,  Eduarda Barbosa,ESPORTE,"2.078,13"
4583,2023-04-05  ,Karina Santos,vestuario,"2.002,58"
4584,  2023-03-01,  Paulo Henriques,Moda,USD 4700.85
4585,2024-10-25,Eduarda Almeida,Casa,"R$ 1.481,88  "
4586,2023-11-03,Eduarda Queiroz,casa,"2.813,13"
4587,02/11/2024,Rafael Pereira,"","2.995,91"
4588,18/04/2023,Nuno Teixeira,Eletrônicos  ,"R$ 2.490,85"
4589,2024-03-29,Tiago Jesus,ESPORTE,"R$ 3.861,25"
4590,2023-02-21,Lucas Queiroz,ELETRONICOS,$ 517.82
4591,24/01/2024,João  Esteves,Esporte,"1.733,30"
4592,2023-01-27,Ana Teixeira,Eletrônicos,"1.063,95"
4593,2024-07-22,Tiago Gomes,Esporte,"  3.880,05"
4594,  04/04/2024,Karina Gomes,Moda,"R$ 4.866,44"
4595,2023-01-10,Mariana Teixeira,Moda,"R$ 1.422,64"
4596,2019-10-05,Diego Duarte,casa_decoracao,"R$ 3.779,51"
4597,Dec 31 2024,Lucas Santos,Livros,"R$ 589,54"
4598,06/10/2024,Paulo Barbosa,Moda,"R$ 2.169,33"
  4599,2023-09-17,Gabriela Barbosa,Esporte  ,"R$ 1.882,73"
4600,Feb 02 2023,Ana Pereira,  Moda,"R$ 642,15"
4601,Jan 27 2024  ,Eduarda Klein,diversos,"4.139,67"
4602,2024-04-17,Vitória  Pereira,casa,USD 1393.13
4603,2023-11-11,Carla Vasconcelos,Eletrônicos,USD 104.55
4604,2023-07-06 10:30:00,Nuno Queiroz,Moda,"4.589,64"
4605,2023-11-11,Sofia Queiroz,Esporte,"4.879,40"
458,2023-05-27,Gabriela Nogueira,"",USD 367.65
4607,2024-08-30,Diego Henriques,"","3.454,43"
4608,05/11/2024,Carla Klein,Livros,"484,76"
4609,19/06/2023,Felipe Ribeiro,Moda,"942,83"
4610,2023-12-08,Sofia Almeida,Esporte,$ 3884.95
4611,30/01/2024,Vitória Barbosa,Esporte  ,$ 515.87
4612,Jan 02 2024,Mariana Martins,Eletrônicos,"1.109,98"
4613,2023-12-02,Isabela Ferreira,  Livros,"3.812,05"
4614,2024-03-16,Rafael Barbosa,Livros,USD 2093.86
4615,2024-13-05,Diego Ribeiro  ,Livros,"276,79"
4616,  2023-09-14,Olívia Duarte,livraria,"R$ 1.266,10"
4617,2023-09-30,Diego Henriques,Eletrônicos,$ 2786.69
4618,2024-10-04 10:30:00,  Carla Pereira,Moda,"1.598,43"
4619,03/10/2023,Olívia Ribeiro,Moda,"R$ 875,84"
4620,2023-12-18,Paulo Santos,Esporte,"R$ 2.617,30"
4621,2023-11-15,  Olívia Martins,Esporte,"R$ 2.342,64"
4622,2023-03-06,Tiago Barbosa,Livros,"R$ 3.143,65  "
4623,2024-01-05,Bruno Carvalho,Esporte,"3.290,69"
4624,2024-04-03,Nuno Queiroz,Moda,"4.407,45"
4625,13/06/2024,Bruno Santos,Moda,$ 1767.89
4626,2023-06-20,Isabela Barbosa,Livros,"3.896,11"
4627,28/12/2024,Gabriela Ribeiro,"",USD 4265.22
4628,2023-12-27,Diego Gomes,eletro,"R$ 778,46"
4629,22/02/2024,Diego Gomes,Casa e Decoração,"R$ 3.297,28"
4630,08/06/2024,Carla Queiroz,  Esporte,"763,02"
"",2023-08-05,Henrique Vasconcelos,casa_decoracao,USD  4117.72
  4632,2023-07-22,  Mariana Nogueira,Casa,"R$ 4.458,38"
4633,2023-01-08,Felipe  Klein,Eletrônicos,$ 1410.13
4634,2024-10-10,Rafael Martins,Esporte,"  485,10"
4635,2024-07-09,Carla Duarte,Esportes,"  1.615,93"
4636,  2023-06-29,Mariana Duarte,Eletrônicos,"R$ 3.199,95"
4637,Aug 20 2023,Isabela Duarte,"","R$ 4.566,64"
4638,17/04/2023,Mariana Carvalho,Eletrônicos,"213,48"
4639,2023-06-09,Gabriela Oliveira,Eletrônicos,"3.587,77"
4640,24/10/2024,Henrique Queiroz,Livros,"R$ 1.959,83"
4641,2023-05-09,Felipe Pereira,Casa,"1.990,03"
4642,05/10/2024,Karina Jesus,Casa,"1.498,68"
4643,05/03/2024,Bruno Lopes,  Esporte,"4.653,04"
4644,Jun 06 2024,Bruno Esteves,Eletrônicos,"-50,00"
4645,23/02/2024,Paulo Santos,Eletrônicos,$  1236.20
4646,2024-04-26,  Ana Klein,Casa,USD 2495.50
4647,2024-06-29,Vitória Santos,Esporte,"R$ 2.406,94"
4648,07/02/2023,Sofia  Gomes,Casa,"R$ 322,70"
1237,2023-02-05  ,Karina Ferreira,"","3.208,08"
4650,2024-09-19,Rafael Gomes  ,Eletrônicos,"788,79"
0,  Apr 03 2024,Paulo  Santos,Esporte,USD 2204.35
"",2023-08-06,Carla Queiroz,"",""
4653,2024-03-11 10:30:00  ,Gabriela Henriques,Casa e Decoração,"3.810,86"
4654,Jun 15 2024,Henrique Esteves,Eletrônicos,$ 4886.82
4655,2024-03-31,Mariana Queiroz,Eletrônicos,""
4656,07/03/2023,Ana Santos,Moda,USD 1682.82
4657,2023-04-11,Nuno Gomes,Casa,"1.424,22"
4658,2024-10-21,Paulo Nogueira,Eletrônicos,"1.530,25"
4659,2023-12-20,Lucas Henriques,Casa,"R$ 4.185,62"
4660,11/08/2023,Nuno Teixeira,livraria,"863,03"
4661,2023-12-08,Bruno Teixeira,Casa,"R$ 638,90"
4662,2024-09-19,Carla Santos,Eletrônicos,"R$ 2.018,94"
4663,2024-04-18,Mariana Ferreira,Eletrônicos,"3.676,53"
4664,2023-11-02,Sofia Duarte,Esporte,"560,29"
4665,04/10/2024,Mariana Ferreira,Modas,"R$ 3.359,55"
4666,2023-10-03,Tiago Lopes,"","2.005,20"
4667,2023-04-15,Gabriela Santos,Moda  ,"R$ 3.434,82"
4668,13/04/2024,Carla Martins,Esporte,"  R$ 30,38"
4669,Jun 01 2024,Nuno Gomes,Casa,$ 4945.15
4670,2024-10-10,Isabela Oliveira,Casa e Decoração,"1.919,76  "
4671,2023-05-01,Lucas Jesus,vestuario,"2.430,04"
4672,Jul 18 2023,Tiago Esteves,Livros,"664,14"
4673,2024-06-04,Nuno Santos,Casa,""
4674,31/05/2023,Sofia Henriques,Modas,"4.898,14"
4675,2023-01-03,Rafael Klein,Moda,"1.855,09"
4676,2024-08-05,Gabriela Ferreira,Eletrônico,USD 1407.38
4677,04/04/2024,Henrique Klein,Casa,"300,55"
4678,2024-02-27,Bruno Santos,Moda,"R$ 508,06"
4679  ,Dec 11 2023,Mariana Barbosa,Casa,"R$ 1.861,56"
4680,2024-05-13 10:30:00,Mariana Santos,Livros  ,"R$ 2.795,77"
4681,2024-07-10,Diego Martins,Casa,  $ 873.52
4682,2023-03-23,Olívia Oliveira,livraria,"4.821,03"
4683,2023-01-09,Lucas Santos,Casa,"R$ 2.376,08"
4684  ,2024-01-03,Vitória Vasconcelos,Eletrônicos,"R$ 3.773,63"
4685,2023-02-01,Bruno Almeida,Livros,"2.823,16"
4686,  2023-04-02,Mariana Oliveira,Eletrônicos,"2.855,48"
4687,2023-07-09,Vitória Queiroz,ELETRONICOS  ,"2.217,41"
4688,  2024-06-24,  Mariana Martins,Eletrônicos,"2.178,50"
4689,Apr 17 2024,  Lucas Pereira,livraria,"2.654,76"
4690,2024-11-17,Bruno Jesus,Eletrônicos,"3.005,63"
4691,2024-13-27,Mariana Ribeiro,LIVRO,"2.579,66"
4692,2024-02-02,Eduarda Martins,Livros,"1.007,22"
4693,2023-11-19,  Olívia Carvalho,Esporte,"4.271,03"
4694,Feb 21 2023,Eduarda Teixeira,Casa e Decoração,"R$ 855,35"
4695,09/10/2023,Ana Barbosa,Esportes,"843,00"
4696,2024-06-29 10:30:00,Ana Lopes,Livros,"R$ 1.612,66"
4697,2024-12-15,Vitória Queiroz,Livros,"4.873,91"
4698,Jan 20 2023,"",Esporte,"R$  3.389,57"
2139,21/08/2024,Paulo Jesus,"","R$ 2.267,23  "
4700,2023-08-25,Bruno Gomes,LIVRO  ,USD 2530.60
4701,Dec 12 2024,Vitória Klein,Livros,"  R$ 1.663,09"
4702,2024-10-26,Bruno Henriques,Eletrônicos,"793,74"
4703,11/04/2023,João Teixeira,Livros,"R$ 2.173,98"
4704,2023-08-31  ,João Klein,Casa e Decoração,"R$ 805,55"
4705,Jul 02 2024,Henrique Queiroz,Moda,USD 3941.98
4706,2023-07-10 10:30:00,  Vitória Martins,Esporte  ,"R$ 140,96"
4707,2023-10-05  ,Ana Henriques,Moda  ,"R$ 2.614,98"
4708,2024-02-05,Bruno Queiroz,Casa,"R$ 3.849,15"
4709,2024-10-15 10:30:00,Ana Santos,Moda,"694,79"
4710,2023-04-16,Carla Duarte,Moda,"R$ 4.646,57"
4711,2024-10-06,Bruno Ferreira,Casa,"R$ 3.064,08"
4712,2019-11-25,Sofia Almeida,Moda,-
4713,2023-08-12,Lucas Duarte  ,vestuario,USD 2906.38
4714,  2023-03-17,Carla Duarte,Moda,"R$ 1.346,63"
4715,05/02/2024,"",esporte,"R$ 2.620,21"
4716  ,2024-09-13,Tiago Barbosa,Moda,"583,15"
4717,Sep 30 2024,Carla Martins,moda,n/a
4718,2023-01-25,Carla Ferreira,Esporte,"R$  1.510,02"
4719,2023-06-11,Gabriela Duarte,Esporte,"R$  2.911,90"
4720,Sep 16 2023,  Karina Lopes,Eletrônicos,"2.850,55"
4721,2023-06-14,Isabela Martins,eletronicos,USD 3837.12
4722,16/02/2024,Nuno Ferreira,Livros,"1.784,93  "
4723,06/06/2023,Isabela Barbosa,Modas,"3.961,75"
  1449,2023-03-06,"",outros,"2.672,88"
4725,2024-08-05,Mariana Barbosa,Eletrônicos,USD 3317.81
4726,Apr 29 2023,  Lucas Santos,Casa,"4.538,02"
4727,2024-13-24,Mariana Ferreira,Casa,"107,41"
4728,2023-01-11,Sofia Pereira,Moda,"R$  3.451,38"
4729,2024-01-24,Karina Ribeiro,diversos,"3.312,12  "
4730,Apr 29 2023,Gabriela Vasconcelos,vestuario,"259,50"
4731,2023-07-11,Diego Teixeira,Moda,"R$ 3.042,83"
4732,2023-04-19,Gabriela Nogueira,Casa,"R$ 4.550,52"
  4733,2024-03-07,Rafael Henriques,eletro,"R$ 3.286,91"
4734,  Jul 17 2024,Felipe Santos,casa,"2.252,81"
4735,01/09/2023,Tiago Teixeira,Eletrônicos,USD 3879.89
4736,  07/01/2023,Eduarda Santos,esporte,"2.527,32"
ORD-1023,2024-01-29,Rafael Carvalho,Moda,"3.376,13"
4738,May 30 2024,Carla Oliveira,misc,"R$ 1.221,85"
4739,17/04/2024,Mariana Pereira,Eletrônico,"4.825,78"
4740,14/11/2024,Paulo Nogueira,Eletrônicos,USD 1530.22
4741,14/05/2023,Isabela Almeida,Casa,"2.424,56"
4742  ,Feb 04 2024,Nuno Queiroz,eletronicos,"  2.792,84"
  4743,2023-10-05,Eduarda Martins,LIVRO,"1.676,42"
  4744,  2023-02-22,Karina Vasconcelos,Livros,"1.567,79"
4745,Jan 15 2024,Olívia Esteves,Moda,"R$ 721,73"
4746,10/04/2024,Karina Almeida,casa,"R$ 882,74"
4747,2023-08-31 10:30:00,Ana Nogueira,Livros,"R$ 1.542,25"
4748  ,2024-06-06,Henrique Vasconcelos,Casa,"R$ 236,92"
4749,2024-08-20,Gabriela Lopes  ,Eletrônico,""
4750,2023-07-03,Nuno Henriques,Esporte,"4.906,11"
4751,13/03/2023,Felipe Teixeira,  Esporte,"R$ 436,03"
  4752,2024-10-31,Rafael Klein,Esporte,"R$ 4.685,20"
4753,  Jan 22 2023,Gabriela  Ferreira,Esporte,"R$ 2.690,92"
4754,2023-09-08,Olívia Santos,  Moda,"  2.233,69"
4755,29/05/2023,Mariana Lopes,Moda,"R$ 992,47"
4756,2024-01-25,Sofia Jesus,LIVRO,$ 3512.49
4757,Apr 05 2024,Bruno Henriques,casa,"R$ 4.169,51"
1916,30/03/2023,"",Eletrônicos,"R$ 3.518,24"
4759,Oct 07 2023,Gabriela Queiroz,Casa,USD 534.97
4760,2023-03-17,Carla Gomes,Esporte,"R$ 2.765,50"
4761,2024-09-22,Vitória Almeida,eletronicos,"R$ 4.227,73"
769,2023-03-03,Bruno Lopes,"","4.336,46"
4763,2023-03-04,Gabriela Barbosa,Moda,$ 275.63
4764,  13/12/2024,Carla Barbosa,Eletrônicos,"R$ 3.881,47"
4765  ,2024-09-28,Gabriela Klein,Moda,"4.068,89"
4766,2024-07-16,Henrique Gomes,Eletrônicos,"  2.596,95"
4767,2024-10-11,Sofia Klein,Livros,$ 734.16
4768,2023-05-04,Vitória Barbosa,Casa,"R$ 4.603,14"
4769,2023-02-20,Sofia Pereira,Casa,USD 4802.20
4770,2023-03-03,Felipe Queiroz,Livros,"811,93"
4771,Jul 20 2023,Vitória  Esteves,Esportes,"R$ 1.000,78"
1099,2023-06-20,"",Moda,USD  193.42
4773,30/05/2024,Bruno Santos,Casa e Decoração,USD 1022.04
  4774,29/06/2024,Tiago Lopes,casa_decoracao,  $ 3204.24
4775,2024-03-02  ,Olívia Santos,Eletrônicos,"R$ 3.411,55"
4776,11/02/2023,Ana Esteves,Livros,"R$ 714,57"
4777,2024-03-18,Mariana Henriques,Livros,"R$ 786,53"
4778,21/04/2023,Paulo Santos  ,Eletrônicos,"1.216,96"
4779,2024-05-07,Carla Ferreira,Moda,"1.227,34"
4780,2023-01-24,Olívia Klein,Esporte,"R$ 1.050,25"
4781,2024-07-27,Karina Queiroz,Esporte,$ 1593.14
4782,05/03/2024,Sofia Esteves  ,livraria,"3.684,32"
4783,2024-05-09 10:30:00,João Teixeira,Eletrônicos,"R$ 2.962,57"
4784,  2024-02-08,Lucas Barbosa,Moda,"  2.015,01"
4785,2023-10-15,Eduarda Teixeira,ELETRONICOS,"-50,00"
4786,2023-11-21,Henrique Duarte,Moda,$ 4888.00
4787,Jan 01 2024,  Carla Esteves,Casa,"  R$ 284,26"
4788,2024-08-29,Ana Klein,livraria,USD 4334.78
4789,2024-05-15,Eduarda Vasconcelos,Modas,"4.197,54"
4790,17/12/2023,Tiago Nogueira,Modas,USD 2144.27
4791,2023-09-05,Gabriela Santos,Livros,USD 2812.91
4792,02/12/2023,Mariana Martins,Moda,"  R$ 1.135,74"
4793,2024-11-21,Tiago Ribeiro,Esporte,"2.865,11"
4794,2023-07-21 10:30:00,Olívia Pereira,Casa,"4.468,37  "
4795,2024-09-26,João Klein,Livros,"2.417,42"
4796,2024-12-31,Sofia Santos,Moda,"3.910,27"
4797,06/09/2024,Eduarda Lopes  ,moda,"0,00  "
4798,2024-09-25,Henrique Carvalho,Eletrônicos,"4.013,85"
4799,2024-02-20 10:30:00,Vitória Nogueira,Livros,"3.154,69"
4800,2023-02-05,Rafael Barbosa  ,Eletrônicos,"2.622,53"
4801,2024-06-10 10:30:00,Carla Jesus,Eletrônicos,"R$ 1.864,65"
4802,09/07/2023,João Vasconcelos,  ESPORTE,USD 4665.14
4803,Sep 24 2023,Isabela Nogueira,Livros,"R$ 3.250,67"
4804,18/02/2024  ,Rafael Carvalho,casa,"2.966,15"
4805,2023-01-04,Diego Martins,Esporte,"R$ 1.504,99"
770  ,2024-09-05,"",Eletrônicos,"3.888,90"
4807,2023-10-14,João Esteves,Casa,"843,41"
4808,2023-06-06  ,Lucas Santos,casa_decoracao,USD 3611.86  
4809,Jul 12 2023,Olívia Ribeiro,Casa,USD 61.01
4810,2024-09-01,Lucas Teixeira,Livros  ,"235,04"
4811,08/04/2024,"",Casa e Decoração,USD 1751.91
4812,2024-10-26,Lucas Ribeiro,Livros,"R$ 4.447,18"
4813,2024-03-25,Gabriela Barbosa,ELETRONICOS,"637,30"
4814,2023-05-18,Nuno Klein,Casa,"407,34"
4815,2023-10-25,Nuno Barbosa,Esporte,USD 1497.35
4816,Aug 05 2023,Carla Barbosa,Eletrônicos  ,"3.901,67"
4817,2023-06-01,Gabriela Duarte,casa_decoracao,USD 3590.45
4818,30/06/2023,Vitória Queiroz,LIVRO  ,"1.361,08"
4819,  2024-11-13,Carla Vasconcelos,Moda,USD 204.58  
4820,2024-03-26,Paulo Queiroz,Casa,"R$ 3.177,23"
4821,2023-12-13,Carla Vasconcelos,Livros,"R$ 2.039,11"
4822,  2023-05-01,Lucas Gomes,Livros  ,"3.926,11"
4823,2023-07-19,Sofia Vasconcelos  ,livraria,"R$ 3.730,23"
4824,05/11/2024,Ana Vasconcelos,Esporte,"2.286,35"
4825,2023-01-21,Tiago Oliveira,Modas,"514,86  "
4826,2024-04-13,Carla Carvalho,Eletrônicos,"  3.917,38"
4827,03/09/2023,Tiago Gomes,Modas,"R$ 1.831,81"
4828,05/03/2024,Isabela Vasconcelos,eletro,USD 1374.60
4829,2023-06-23,Carla Carvalho,Casa,"  3.234,09"
4830  ,2023-01-03,Rafael Lopes,Moda,$ 1406.04
4831,2024-03-18,Karina Barbosa,Esportes,"286,27"
4832,2024-07-13,Isabela Queiroz,Moda,$ 4300.21
4833,2024-06-02,Sofia  Nogueira,casa,n/a
4834,07/12/2023,Ana Martins,Casa,"R$  3.620,85"
4835,2024-11-29,Paulo Queiroz,Eletrônicos,"4.772,31"
4836,2023-12-24,"",Livros,"R$ 1.084,38"
4837,May 21 2024,Sofia Jesus,Moda,"218,03"
4838,2024-07-21,Diego Gomes,casa_decoracao,USD 2423.98
4839,2023-12-20,João Esteves,Moda,"780,18"
4840,2023-04-19,Gabriela Carvalho,  livros,USD 4609.61
  4841,30/03/2024,Rafael Jesus,Livros,"3.169,58"
4842,2024-02-16,Lucas Ferreira,Modas,"2.021,85"
4843,Jan 26 2024,Diego  Barbosa,moda,""
459,2023-07-06,"",moda,"975,31"
4845,04/08/2024,João Esteves,Livros  ,$ 649.41
4846,2024-05-05,Lucas Martins,Moda,"4.102,34"
4847,2023-11-04,Felipe Vasconcelos,Esporte,"R$ 2.295,56  "
4848,2024-01-02,João Henriques,livraria,"R$ 4.497,56"
4849,25/11/2023  ,Vitória Klein,"","R$ 3.131,04"
4850,2024-01-16 10:30:00,Gabriela Santos,Esporte,"2.563,53"
4851,2024-06-09,Nuno Teixeira,Casa,"R$ 4.947,50"
4852,15/04/2023,Mariana Duarte,Esporte,"4.448,49"
4853  ,  Oct 16 2024,Diego Almeida,Livros,"3.342,38"
4854,2023-06-06,Karina  Nogueira,Esporte,"R$ 3.054,01"
4855,27/07/2023,Ana Gomes,"","236,01"
4856,Nov  14 2023,Vitória Ribeiro,Livros,"1.197,84"
4857,11/02/2024,Paulo Pereira,eletronicos,"4.380,48"
4858,2024-05-24,Isabela Nogueira,"",$ 1028.08
4859,2023-10-01,Vitória Teixeira,Esporte,"35,95"
4860,2023-13-09,Henrique Barbosa,Esporte,"R$  967,58"
4861,2024-11-03,Lucas Lopes  ,Esporte,"322,63"
4862,2024-07-13,Gabriela Nogueira,Eletrônicos,"R$ 4.512,12"
4863,2023-04-18,Isabela Queiroz,Moda,$ 999.26
344,2024-05-07,Isabela Queiroz,Eletrônicos,""
4865,Jul 28 2024,Vitória Vasconcelos,Moda,$ 293.51
  4866,2023-09-22,Tiago Duarte,diversos,USD 4272.80
4867,2023-04-23,"",Esporte,"629,08"
4868,2023-09-16,Carla Santos,Casa,"R$ 3.523,97"
4869,17/10/2024,Karina Santos,casa,"R$ 140,79"
2424,2023-12-10,Olívia Klein,Casa e Decoração,""
4871,2023-05-26  ,Nuno Carvalho,Moda,""
4872,06/02/2023,Sofia Duarte,livros,"R$ 3.840,49"
4873,2024-09-27,Tiago Vasconcelos  ,ESPORTE,"  R$ 1.391,65"
4874,08/06/2023,Vitória Ribeiro,Esporte,"4.525,05"
4875,  2023-05-18,Gabriela Barbosa,Livros,"R$ 740,89"
  4876,2023-10-29,Tiago Lopes,  Eletrônicos,"R$ 50,58"
4877,2023-05-02,Lucas Jesus,Moda,"3.070,58"
4878,2024-05-02  ,Diego Klein,eletronicos,"3.365,05"
4879,2024-02-25,Vitória Barbosa,LIVRO  ,$ 945.84
4880,2024-09-05,Paulo Gomes,Livros,"2.673,03"
4881,2023-05-23,Carla Queiroz,Casa,"R$ 3.415,01"
4882,2023-01-25,João Almeida,Eletrônico,"R$ 1.013,75"
  4883,Aug 30 2023,Olívia Pereira,Eletrônicos,"  R$ 1.126,49"
4884,2024-09-28,Lucas Esteves,Livros,"R$ 1.462,20"
4885,2024-01-21,Paulo Klein,Moda,"R$ 4.990,15"
4886,2024-09-14 10:30:00,Vitória  Queiroz,Livros,"R$ 1.593,05"
4887,2023-05-27,Carla Santos,ELETRONICOS,"R$ 4.446,65"
4888,2023-05-07,Felipe Henriques,Esporte,"R$ 2.874,42"
4889,05/04/2024,Tiago Klein,Esporte,$ 3762.43
4890,2023-02-12,Eduarda Ferreira,Moda,"2.244,60"
4891,2024-11-16,João Oliveira,livraria,"  R$ 1.828,54"
4892,2019-12-24  ,Mariana Barbosa,Moda,"  R$ 257,94"
4893,2023-01-02,Gabriela Santos,Eletrônico,"4.885,79"
4894,2024-11-14,Karina Pereira,  Casa,"3.234,80"
4895,2023-01-17,Lucas Duarte,Livros,"3.447,55"
  4896,2024-03-10,Rafael Carvalho,moda,"R$ 4.448,85"
4897,2023-11-02,Sofia Martins,"","R$ 2.156,03"
4898  ,2024-11-29,Isabela Nogueira,Casa,"R$ 617,53"
763,19/02/2023,"",livros  ,n/a
4900,10/09/2023,Lucas Ferreira,Eletrônicos,USD 3950.09
4901,11/04/2024,Vitória Vasconcelos,Esportes,"R$ 4.159,99"
4902,2023-09-03,Carla Jesus,Casa,"R$ 1.675,01"
1608,25/02/2024,"",Moda,"R$ 4.100,86"
4904  ,2024-03-14,"",Livros,-
4905,2023-06-07,Felipe Teixeira,Casa,"4.760,85"
4906,Aug 06 2024,Isabela Duarte,Esporte,"R$ 2.787,78"
4907,26/12/2024,Eduarda Barbosa,Esporte,"R$ 3.830,84"
4908,2024-07-10,Diego Pereira  ,Casa,"  R$ 2.794,21"
4909,03/12/2023,Rafael Henriques,Esporte,"R$ 2.645,19"
4910,27/08/2024,Paulo Almeida,"","768,15"
2439,08/09/2023,Isabela Lopes,Livros,""
4912,23/06/2023,"",Casa,"4.318,51"
4913,2024-03-07,João Duarte,Eletrônico,$ 2336.64
4914,13/06/2023,Rafael Jesus,Moda,"R$ 3.113,43"
4915  ,18/06/2024,Karina Ribeiro,vestuario,"R$ 2.320,09"
4916,2023-08-02,Mariana Gomes,Casa,"R$ 3.809,90"
4917,2024-07-20,Bruno Ribeiro,moda,"R$ 879,93"
4918,2024-04-18,Felipe Jesus,casa_decoracao,"602,87"
4919,2023-04-05,Rafael Martins,"","1.237,05"
4920,2024-06-05,Lucas Pereira,Casa,"  R$ 216,55"
4921,2023-07-04  ,Olívia Esteves,livraria,"R$ 66,02"
4922,28/05/2023,Sofia Carvalho,casa,"1.323,65"
  4923,2023-02-12 10:30:00,João Teixeira,Casa,"3.259,94"
  4924,2024-08-19,Sofia Carvalho,Esporte,"R$ 147,70"
4925,18/08/2023,Eduarda Queiroz,ESPORTE,"R$ 2.566,71"
1464,01/05/2024,Carla Henriques,vestuario,""
4927,2024-11-24,Tiago Nogueira,Moda,"3.758,36"
4928,2023-10-22,Karina Pereira,Livros,USD 754.25
  523,2024-01-06,"",diversos,"1.363,50"
4930,2023-05-17,Paulo Santos,Esporte,"3.419,09"
4931,2024-05-17,Isabela Jesus,Moda,"R$ 1.319,22"
4932,27/12/2024,Olívia Oliveira,Eletrônicos,"R$ 3.095,28"
4933,23/07/2024,Carla Oliveira,Casa e Decoração,"R$ 2.997,84"
4934,Jun 26 2024,Carla Gomes,Eletrônicos,"3.092,02"
4935,29/02/2024,Lucas Almeida  ,Livros,USD 2849.65
4936,2024-03-25,Bruno Pereira,Eletrônicos,$ 3467.32
4937  ,23/07/2024,  Mariana Klein,Livros,"  R$ 1.296,90"
4938,2023-03-29,Isabela Vasconcelos,livraria,"1.313,38  "
4939,2024-04-23,Henrique Lopes,Esporte,"3.773,73"
4940,2024-09-06,Eduarda Barbosa,Eletrônicos,"R$ 2.927,66"
4941,17/07/2023,Lucas Nogueira,Casa e Decoração,USD 726.60
4942  ,2024-06-27 10:30:00,Isabela Nogueira,Casa,$ 3835.76
4943,2023-10-02,Bruno Jesus,  Casa e Decoração,USD 2480.04
4944,24/08/2024,João Henriques,Eletrônicos,USD 1707.82
4945,2023-06-18  ,Lucas Almeida,ESPORTE,"3.746,65"
4946,2024-06-22,Nuno Oliveira,Esporte,"4.008,13"
4947,2024-01-09,Diego Ferreira,Moda,"R$ 605,65"
4948,03/09/2024,Felipe Martins,ELETRONICOS,"  491,63"
4949,21/05/2024,Rafael Barbosa,Esportes,"3.291,99"
4950,2023-09-09,Lucas  Esteves,LIVRO,"3.687,39"
4951,2024-04-27,Karina Queiroz,Esportes,"2.784,79  "
4952,2019-09-04,Felipe Duarte,Moda,"4.142,55"
4953,21/10/2023,Vitória Jesus,Modas,"R$ 4.891,38"
4954,12/11/2024,Nuno Teixeira,Livros,"4.469,18"
4955,27/03/2023,Paulo Barbosa,Moda,USD 4980.45
4956  ,2024-08-17,Olívia Gomes,vestuario,$ 1826.68
2099,2024-02-27,Tiago Vasconcelos,outros,""
4958,2024-06-26,Olívia Ferreira,Esporte,"R$ 3.323,20"
4959,2024-06-17,Tiago Jesus,Moda,"  3.203,34"
4960,Sep 01 2024,Vitória Klein,Casa  ,"R$ 2.743,06"
4961,2024-13-26,Gabriela  Carvalho,Moda,"1.212,33"
4962,2023-07-30 10:30:00,Eduarda Ferreira,Casa,"R$ 4.985,24"
691,2024-05-26,"",Moda,"R$ 470,17"
4964,  17/03/2023,Isabela Pereira,"",USD 743.71  
4965,06/06/2023,Carla Pereira,Eletrônicos  ,"R$ 1.435,04"
4966  ,23/07/2024,Nuno Gomes,moda,"R$ 1.104,44"
4967,2023-09-07,Nuno Carvalho,Eletrônicos,"218,43"
4968,02/03/2024,Bruno Queiroz,Casa,"2.157,35"
4969,2023-11-21,Isabela Oliveira,Eletrônicos,"4.616,15"
4970,2024-04-07 10:30:00,Felipe Nogueira,Eletrônicos,"R$ 1.158,78"
4971,10/07/2024,Sofia Oliveira,Moda,"R$ 1.494,93"
4972,2023-04-26,Tiago Martins,eletronicos,"3.872,82  "
4973,2024-11-19,Karina Ferreira,casa,"R$ 472,78"
4974,Apr 11 2024,Paulo Barbosa,Esporte,"844,44"
  4975,11/01/2024,Felipe Queiroz,Eletrônicos,"3.604,93"
4976,2023-07-02,Nuno Ribeiro,Esporte,"R$ 1.718,37"
4977,15/03/2024,Sofia Martins  ,esporte,"R$ 4.777,59"
4978,2024-13-08,Sofia Vasconcelos,Eletrônicos,"R$ 1.673,37"
4979,2023-09-14,Isabela Duarte,Casa,"R$ 236,66"
4980  ,2023-01-18 10:30:00,Karina Santos,Esportes,"R$ 1.439,50"
4981,2023-03-08,Carla Martins,Eletrônicos,"R$ 673,07"
4982,26/09/2024,Bruno Gomes,Casa e Decoração,"  R$ 2.122,81"
4983,Jan 18 2024,Karina Henriques,Casa,"155,30"
4984,10/10/2023,Olívia Jesus,Moda,"1.265,28"
4985  ,2023-10-23,"",  casa,"0,00"
4986,  2024-07-15,Gabriela Pereira,  Eletrônicos,"4.483,62"
4987,2023-09-06,Henrique Barbosa,Livros,"R$ 4.944,50"
4988,2024-06-18,Sofia Santos,Casa  e Decoração,"4.539,50  "
4989,2024-06-05 10:30:00,"",Livros,"  3.835,97"
4990,2023-08-09,Eduarda Carvalho,"","R$ 1.140,77"
4991,2023-11-04 10:30:00,Henrique Teixeira,ESPORTE,"4.656,91  "
4992,24/03/2024  ,Lucas Gomes,Esporte,"R$ 3.629,62"
  4993,2023-03-31,Felipe Jesus,Moda,"2.090,12"
4994,29/12/2024,Isabela Nogueira,Moda,"R$ 3.366,46"
4995,Apr 23 2024,Bruno Oliveira,Livros,-
4996,  Jan 04 2024,Tiago Klein,Casa,"2.585,07"
1659,2023-02-25,Carla Queiroz,"",USD  593.25
4998,02/07/2023,Isabela Teixeira,Esporte,"360,32"
4999,11/03/2023,Henrique Duarte,Casa,"R$ 974,11  "
5000,  29/02/2024,Nuno Carvalho,Eletrônico,"4.287,88"
